qid,en_title,lang,status,title,text_chars,en_chars,length_bytes,depth,last_edit,en_views,lang_views
Q100732653,Long COVID,as,stub,দীৰ্ঘম্যাদী ক'ভিড,2614,32749,15102,0.08,2025-06-28 10:50:55,238340,105
Q100732653,Long COVID,bh,missing,,,32749,,,,238340,0
Q100732653,Long COVID,bn,stub,দীর্ঘস্থায়ী করোনাভাইরাস রোগ,2698,32749,10882,0.082,2025-02-01 15:56:30,238340,23
Q100732653,Long COVID,gom,missing,,,32749,,,,238340,0
Q100732653,Long COVID,gu,missing,,,32749,,,,238340,0
Q100732653,Long COVID,hi,stub,कोविड-19 पश्चात स्थिति,2140,32749,18733,0.065,2026-09-19 19:37:21,238340,7
Q100732653,Long COVID,kn,missing,,,32749,,,,238340,0
Q100732653,Long COVID,ks,missing,,,32749,,,,238340,0
Q100732653,Long COVID,mai,missing,,,32749,,,,238340,0
Q100732653,Long COVID,ml,missing,,,32749,,,,238340,0
Q100732653,Long COVID,mni,missing,,,32749,,,,238340,0
Q100732653,Long COVID,mr,missing,,,32749,,,,238340,0
Q100732653,Long COVID,ne,missing,,,32749,,,,238340,0
Q100732653,Long COVID,or,stub,କୋଭିଡ଼-୧୯ ପରବର୍ତ୍ତୀ ଅବସ୍ଥା,1453,32749,13305,0.044,2023-02-13 00:19:37,238340,49
Q100732653,Long COVID,pa,missing,,,32749,,,,238340,0
Q100732653,Long COVID,sa,missing,,,32749,,,,238340,0
Q100732653,Long COVID,sat,missing,,,32749,,,,238340,0
Q100732653,Long COVID,sd,missing,,,32749,,,,238340,0
Q100732653,Long COVID,ta,missing,,,32749,,,,238340,0
Q100732653,Long COVID,tcy,missing,,,32749,,,,238340,0
Q100732653,Long COVID,te,stub,కోవిడ్-19 అనంతర పరిస్థితి,1546,32749,21381,0.047,2026-09-28 04:26:08,238340,0
Q100732653,Long COVID,ur,missing,,,32749,,,,238340,0
Q101971,Wart,as,missing,,,15260,,,,278462,0
Q101971,Wart,bh,missing,,,15260,,,,278462,0
Q101971,Wart,bn,partial,আঁচিল,3119,15260,19171,0.204,2026-09-28 23:00:15,278462,1978
Q101971,Wart,gom,missing,,,15260,,,,278462,0
Q101971,Wart,gu,missing,,,15260,,,,278462,0
Q101971,Wart,hi,partial,मस्सा,4635,15260,14575,0.304,2024-07-23 21:49:10,278462,1836
Q101971,Wart,kn,partial,ಕಾರಳ್ಳು,2985,15260,10768,0.196,2026-03-22 16:13:02,278462,97
Q101971,Wart,ks,missing,,,15260,,,,278462,0
Q101971,Wart,mai,missing,,,15260,,,,278462,0
Q101971,Wart,ml,partial,അരിമ്പാറ,3559,15260,10244,0.233,2023-01-07 14:04:27,278462,1424
Q101971,Wart,mni,missing,,,15260,,,,278462,0
Q101971,Wart,mr,missing,,,15260,,,,278462,0
Q101971,Wart,ne,missing,,,15260,,,,278462,0
Q101971,Wart,or,stub,ଭାତୁଡ଼ି,1375,15260,6993,0.09,2021-12-28 08:09:15,278462,99
Q101971,Wart,pa,partial,ਮੱਸਾ,2523,15260,8599,0.165,2026-09-24 10:10:32,278462,65
Q101971,Wart,sa,missing,,,15260,,,,278462,0
Q101971,Wart,sat,missing,,,15260,,,,278462,0
Q101971,Wart,sd,missing,,,15260,,,,278462,0
Q101971,Wart,ta,missing,,,15260,,,,278462,0
Q101971,Wart,tcy,missing,,,15260,,,,278462,0
Q101971,Wart,te,stub,ఉలిపిరి కాయలు,1471,15260,4951,0.096,2026-09-28 15:18:02,278462,597
Q101971,Wart,ur,missing,,,15260,,,,278462,0
Q103177,SARS,as,missing,,,20265,,,,148129,0
Q103177,SARS,bh,missing,,,20265,,,,148129,0
Q103177,SARS,bn,stub,গুরুতর তীব্র শ্বাসযন্ত্রীয় রোগলক্ষণসমষ্টি,583,20265,5589,0.029,2026-10-01 03:24:56,148129,91
Q103177,SARS,gom,missing,,,20265,,,,148129,0
Q103177,SARS,gu,missing,,,20265,,,,148129,0
Q103177,SARS,hi,stub,सिवियर एक्यूट रेस्पिरेटरी सिंड्रोम,651,20265,6073,0.032,2026-07-03 17:46:49,148129,120
Q103177,SARS,kn,stub,ಸಾರ್ಸ್ ಪ್ರಕೋಪದ ಪಟ್ಟಿ,1220,20265,10338,0.06,2026-03-26 07:11:51,148129,97
Q103177,SARS,ks,missing,,,20265,,,,148129,0
Q103177,SARS,mai,missing,,,20265,,,,148129,0
Q103177,SARS,ml,stub,സിവിയർ അക്യൂട്ട് റെസ്പിറേറ്ററി സിൻഡ്രോം,1825,20265,6830,0.09,2025-12-22 09:53:41,148129,243
Q103177,SARS,mni,missing,,,20265,,,,148129,0
Q103177,SARS,mr,stub,सार्स,320,20265,1069,0.016,2013-03-09 05:56:02,148129,85
Q103177,SARS,ne,missing,,,20265,,,,148129,0
Q103177,SARS,or,missing,,,20265,,,,148129,0
Q103177,SARS,pa,stub,ਸਾਰਸ (ਰੋਗ),352,20265,1831,0.017,2020-09-16 16:29:49,148129,56
Q103177,SARS,sa,missing,,,20265,,,,148129,0
Q103177,SARS,sat,missing,,,20265,,,,148129,0
Q103177,SARS,sd,missing,,,20265,,,,148129,0
Q103177,SARS,ta,partial,சார்சு,6064,20265,18685,0.299,2026-04-26 07:31:51,148129,307
Q103177,SARS,tcy,missing,,,20265,,,,148129,0
Q103177,SARS,te,missing,,,20265,,,,148129,0
Q103177,SARS,ur,stub,شدید تنگ تنفسی کیفیت,949,20265,2619,0.047,2025-12-22 09:58:48,148129,56
Q1036696,Hypothermia,as,missing,,,26884,,,,282609,0
Q1036696,Hypothermia,bh,missing,,,26884,,,,282609,0
Q1036696,Hypothermia,bn,stub,অবোষ্ণতা,264,26884,3822,0.01,2026-09-06 12:26:44,282609,172
Q1036696,Hypothermia,gom,missing,,,26884,,,,282609,0
Q1036696,Hypothermia,gu,missing,,,26884,,,,282609,0
Q1036696,Hypothermia,hi,partial,हाईपोथर्मिया,4579,26884,15970,0.17,2023-02-08 07:46:21,282609,388
Q1036696,Hypothermia,kn,missing,,,26884,,,,282609,0
Q1036696,Hypothermia,ks,missing,,,26884,,,,282609,0
Q1036696,Hypothermia,mai,missing,,,26884,,,,282609,0
Q1036696,Hypothermia,ml,missing,,,26884,,,,282609,0
Q1036696,Hypothermia,mni,missing,,,26884,,,,282609,0
Q1036696,Hypothermia,mr,missing,,,26884,,,,282609,0
Q1036696,Hypothermia,ne,partial,हाइपोथर्मिया,11087,26884,34733,0.412,2026-08-22 23:24:43,282609,94
Q1036696,Hypothermia,or,stub,ଅଳ୍ପତାପ,2028,26884,9001,0.075,2026-08-14 02:34:01,282609,65
Q1036696,Hypothermia,pa,stub,ਹਾਈਪੋਥਰਮੀਆ,425,26884,2049,0.016,2025-10-01 11:58:53,282609,73
Q1036696,Hypothermia,sa,missing,,,26884,,,,282609,0
Q1036696,Hypothermia,sat,missing,,,26884,,,,282609,0
Q1036696,Hypothermia,sd,missing,,,26884,,,,282609,0
Q1036696,Hypothermia,ta,stub,முரண்பாடான உடையவிழ்ப்பு,1312,26884,4933,0.049,2025-10-23 18:02:59,282609,104
Q1036696,Hypothermia,tcy,missing,,,26884,,,,282609,0
Q1036696,Hypothermia,te,stub,అల్పోష్ణస్థితి,2407,26884,11433,0.09,2026-10-01 20:06:35,282609,0
Q1036696,Hypothermia,ur,missing,,,26884,,,,282609,0
Q1063,Evolution,as,stub,ক্ৰমবিকাশ,2535,70221,10114,0.036,2026-08-07 03:35:58,362528,764
Q1063,Evolution,bh,missing,,,70221,,,,362528,0
Q1063,Evolution,bn,good,বিবর্তন,41760,70221,162815,0.595,2026-09-23 05:01:35,362528,2823
Q1063,Evolution,gom,missing,,,70221,,,,362528,0
Q1063,Evolution,gu,stub,ઉત્ક્રાંતિ,1596,70221,3854,0.023,2025-05-16 16:12:21,362528,474
Q1063,Evolution,hi,partial,क्रम-विकास,34985,70221,100502,0.498,2026-09-24 05:25:47,362528,2435
Q1063,Evolution,kn,stub,ವಿಕಾಸ,580,70221,2563,0.008,2026-08-11 16:49:58,362528,471
Q1063,Evolution,ks,stub,وۄتلاو,404,70221,1993,0.006,2026-07-31 18:02:03,362528,25
Q1063,Evolution,mai,missing,,,70221,,,,362528,0
Q1063,Evolution,ml,good,ജീവപരിണാമം,41410,70221,187544,0.59,2026-08-12 00:24:10,362528,2040
Q1063,Evolution,mni,missing,,,70221,,,,362528,0
Q1063,Evolution,mr,stub,उत्क्रांती,561,70221,3522,0.008,2023-09-22 20:13:24,362528,1138
Q1063,Evolution,ne,stub,क्रम-विकास,1359,70221,5561,0.019,2026-08-22 19:37:19,362528,466
Q1063,Evolution,or,missing,,,70221,,,,362528,0
Q1063,Evolution,pa,stub,ਵਿਕਾਸਵਾਦ,4830,70221,21496,0.069,2026-08-20 00:21:58,362528,306
Q1063,Evolution,sa,missing,,,70221,,,,362528,0
Q1063,Evolution,sat,missing,,,70221,,,,362528,0
Q1063,Evolution,sd,partial,ارتقا,17486,70221,31844,0.249,2025-04-12 16:56:14,362528,207
Q1063,Evolution,ta,stub,படிவளர்ச்சிக் கொள்கை,9336,70221,28367,0.133,2026-03-20 14:08:20,362528,626
Q1063,Evolution,tcy,missing,,,70221,,,,362528,0
Q1063,Evolution,te,stub,పరిణామం,6205,70221,24451,0.088,2026-09-24 17:01:53,362528,370
Q1063,Evolution,ur,stub,نظریہ ارتقاء,1455,70221,3589,0.021,2026-03-15 07:50:10,362528,815
Q10686316,Vertigo,as,good,ভাৰ্টিগো,8986,16572,39336,0.542,2026-08-25 23:15:25,204767,534
Q10686316,Vertigo,bh,missing,,,16572,,,,204767,0
Q10686316,Vertigo,bn,missing,,,16572,,,,204767,0
Q10686316,Vertigo,gom,missing,,,16572,,,,204767,0
Q10686316,Vertigo,gu,missing,,,16572,,,,204767,0
Q10686316,Vertigo,hi,stub,भ्रमि,659,16572,2157,0.04,2024-07-23 04:08:05,204767,178
Q10686316,Vertigo,kn,missing,,,16572,,,,204767,0
Q10686316,Vertigo,ks,missing,,,16572,,,,204767,0
Q10686316,Vertigo,mai,missing,,,16572,,,,204767,0
Q10686316,Vertigo,ml,partial,തലചുറ്റൽ,2668,16572,9625,0.161,2026-09-22 23:04:21,204767,466
Q10686316,Vertigo,mni,missing,,,16572,,,,204767,0
Q10686316,Vertigo,mr,stub,चक्कर (विकार),1250,16572,3749,0.075,2025-07-28 19:31:21,204767,251
Q10686316,Vertigo,ne,missing,,,16572,,,,204767,0
Q10686316,Vertigo,or,stub,ମୁଣ୍ଡବୁଲା,1837,16572,8899,0.111,2017-08-30 23:38:50,204767,142
Q10686316,Vertigo,pa,missing,,,16572,,,,204767,0
Q10686316,Vertigo,sa,missing,,,16572,,,,204767,0
Q10686316,Vertigo,sat,missing,,,16572,,,,204767,0
Q10686316,Vertigo,sd,missing,,,16572,,,,204767,0
Q10686316,Vertigo,ta,partial,வெர்டிகோ,2616,16572,13972,0.158,2026-05-17 10:02:08,204767,133
Q10686316,Vertigo,tcy,missing,,,16572,,,,204767,0
Q10686316,Vertigo,te,stub,వెర్టిగో,2381,16572,12383,0.144,2024-07-16 02:03:32,204767,385
Q10686316,Vertigo,ur,stub,چکر,2060,16572,10387,0.124,2025-05-07 19:13:11,204767,843
Q10693,Periodic table,as,stub,পৰ্যাবৃত্ত তালিকা,655,95715,2190,0.007,2025-07-25 08:16:00,3111202,3455
Q10693,Periodic table,bh,stub,पीरियॉडिक टेबल,177,95715,775,0.002,2025-03-09 02:36:21,3111202,132
Q10693,Periodic table,bn,good,পর্যায় সারণি,101936,95715,397680,1.0,2026-08-26 17:59:43,3111202,14791
Q10693,Periodic table,gom,missing,,,95715,,,,3111202,0
Q10693,Periodic table,gu,stub,આવર્ત કોષ્ટક,1487,95715,4184,0.016,2023-07-16 20:26:54,3111202,1581
Q10693,Periodic table,hi,stub,आवर्त सारणी,5727,95715,16933,0.06,2024-04-17 16:15:34,3111202,61043
Q10693,Periodic table,kn,stub,ಆವರ್ತ ಕೋಷ್ಟಕ,291,95715,1202,0.003,2026-03-22 03:15:09,3111202,1317
Q10693,Periodic table,ks,missing,,,95715,,,,3111202,0
Q10693,Periodic table,mai,missing,,,95715,,,,3111202,0
Q10693,Periodic table,ml,stub,ആവർത്തനപ്പട്ടിക,4689,95715,14541,0.049,2025-04-28 03:32:29,3111202,1568
Q10693,Periodic table,mni,missing,,,95715,,,,3111202,0
Q10693,Periodic table,mr,stub,आवर्त सारणी,1816,95715,16445,0.019,2022-04-17 17:11:44,3111202,2643
Q10693,Periodic table,ne,stub,पेरियोडिक तालिका,7352,95715,19213,0.077,2026-09-26 08:00:21,3111202,96
Q10693,Periodic table,or,stub,ପର୍ଯ୍ୟାୟ ସାରଣୀ,790,95715,4617,0.008,2026-08-13 21:59:41,3111202,217
Q10693,Periodic table,pa,stub,ਮਿਆਦੀ ਪਹਾੜਾ,2721,95715,7263,0.028,2020-09-16 12:31:34,3111202,292
Q10693,Periodic table,sa,stub,आवर्तसारणी,1129,95715,3569,0.012,2022-03-30 17:39:28,3111202,130
Q10693,Periodic table,sat,missing,,,95715,,,,3111202,0
Q10693,Periodic table,sd,partial,دوري جدول,24727,95715,72710,0.258,2026-08-26 18:20:53,3111202,170
Q10693,Periodic table,ta,stub,தனிம அட்டவணை,10331,95715,44881,0.108,2022-10-16 15:50:12,3111202,4456
Q10693,Periodic table,tcy,missing,,,95715,,,,3111202,0
Q10693,Periodic table,te,partial,ఆవర్తన పట్టిక,39964,95715,166295,0.418,2026-10-01 21:43:35,3111202,4140
Q10693,Periodic table,ur,stub,دوری جدول,7004,95715,14073,0.073,2025-02-08 06:23:17,3111202,1028
Q1072,Heart,as,stub,হৃদযন্ত্ৰ,2762,77464,8072,0.036,2020-11-29 16:56:18,405208,2338
Q1072,Heart,bh,stub,दिल,397,77464,1273,0.005,2019-06-16 01:40:17,405208,309
Q1072,Heart,bn,stub,হৃৎপিণ্ড,7886,77464,28871,0.102,2026-08-23 09:21:46,405208,8131
Q1072,Heart,gom,stub,काळीज,10473,77464,26576,0.135,2021-03-11 11:17:49,405208,712
Q1072,Heart,gu,missing,,,77464,,,,405208,0
Q1072,Heart,hi,partial,हृदय,13620,77464,45666,0.176,2025-12-10 14:27:21,405208,8839
Q1072,Heart,kn,stub,ಹೃದಯ,3021,77464,8991,0.039,2026-03-26 14:22:14,405208,2414
Q1072,Heart,ks,stub,دِل (جِسمٲنؠ اَنٛگ),300,77464,2064,0.004,2026-07-15 18:01:13,405208,58
Q1072,Heart,mai,missing,,,77464,,,,405208,0
Q1072,Heart,ml,stub,ഹൃദയം,6262,77464,18781,0.081,2026-09-25 21:59:19,405208,3568
Q1072,Heart,mni,stub,ꯊꯃꯣꯢ,104,77464,359,0.001,2022-01-26 08:18:55,405208,169
Q1072,Heart,mr,stub,हृदय,8654,77464,24017,0.112,2025-08-18 11:51:00,405208,4756
Q1072,Heart,ne,stub,मुटु,1478,77464,4610,0.019,2025-11-02 14:18:35,405208,438
Q1072,Heart,or,stub,ହୃତ୍‌ପିଣ୍ଡ,6298,77464,25262,0.081,2026-08-14 00:09:35,405208,667
Q1072,Heart,pa,stub,ਦਿਲ,793,77464,2933,0.01,2018-10-22 06:55:50,405208,458
Q1072,Heart,sa,stub,हृदयम्,5914,77464,16610,0.076,2023-03-08 03:43:57,405208,174
Q1072,Heart,sat,stub,ᱨᱤᱫᱟᱹᱭ,1591,77464,6284,0.021,2024-11-08 01:14:02,405208,108
Q1072,Heart,sd,good,دل,62486,77464,187602,0.807,2026-09-29 01:43:47,405208,445
Q1072,Heart,ta,partial,இதயம்,18230,77464,57384,0.235,2026-07-20 12:31:53,405208,5531
Q1072,Heart,tcy,missing,,,77464,,,,405208,0
Q1072,Heart,te,stub,గుండె,3875,77464,11885,0.05,2024-09-14 16:03:10,405208,2475
Q1072,Heart,ur,stub,قلب,3963,77464,7671,0.051,2025-08-07 06:58:41,405208,1609
Q107211,Jute,as,good,মৰাপাট,10808,12082,45962,0.895,2026-08-25 23:14:39,144150,348
Q107211,Jute,bh,missing,,,12082,,,,144150,0
Q107211,Jute,bn,good,পাট,6225,12082,25361,0.515,2026-09-27 04:09:13,144150,5378
Q107211,Jute,gom,missing,,,12082,,,,144150,0
Q107211,Jute,gu,missing,,,12082,,,,144150,0
Q107211,Jute,hi,partial,जूट,3986,12082,9656,0.33,2026-07-26 00:52:26,144150,2155
Q107211,Jute,kn,good,ಸೆಣಬು,19787,12082,60268,1.0,2026-03-26 09:48:52,144150,1088
Q107211,Jute,ks,missing,,,12082,,,,144150,0
Q107211,Jute,mai,missing,,,12082,,,,144150,0
Q107211,Jute,ml,partial,ചണം,2748,12082,10523,0.227,2024-05-21 10:32:39,144150,1247
Q107211,Jute,mni,missing,,,12082,,,,144150,0
Q107211,Jute,mr,missing,,,12082,,,,144150,0
Q107211,Jute,ne,missing,,,12082,,,,144150,0
Q107211,Jute,or,missing,,,12082,,,,144150,0
Q107211,Jute,pa,stub,ਪਟਸਨ,1118,12082,3220,0.093,2025-08-09 08:12:32,144150,109
Q107211,Jute,sa,missing,,,12082,,,,144150,0
Q107211,Jute,sat,missing,,,12082,,,,144150,0
Q107211,Jute,sd,missing,,,12082,,,,144150,0
Q107211,Jute,ta,good,சணல்,20349,12082,64655,1.0,2026-06-29 10:48:17,144150,2091
Q107211,Jute,tcy,missing,,,12082,,,,144150,0
Q107211,Jute,te,partial,జనపనార,2229,12082,8429,0.184,2024-06-29 09:00:52,144150,996
Q107211,Jute,ur,stub,پٹ سن,107,12082,1543,0.009,2026-04-16 07:02:36,144150,629
Q10737,Suicide,as,stub,আত্মহত্যা,3007,55857,9627,0.054,2026-07-12 21:54:46,1273372,783
Q10737,Suicide,bh,missing,,,55857,,,,1273372,0
Q10737,Suicide,bn,good,আত্মহত্যা,35361,55857,107410,0.633,2026-06-21 20:01:15,1273372,7872
Q10737,Suicide,gom,missing,,,55857,,,,1273372,0
Q10737,Suicide,gu,stub,આત્મહત્યા,4831,55857,15147,0.086,2026-09-16 04:45:15,1273372,1317
Q10737,Suicide,hi,good,आत्महत्या,32501,55857,142278,0.582,2026-08-20 13:24:34,1273372,30556
Q10737,Suicide,kn,stub,ಆತ್ಮಹತ್ಯೆ,5545,55857,16297,0.099,2026-03-22 01:10:19,1273372,1590
Q10737,Suicide,ks,stub,خۄدکشی,1002,55857,8832,0.018,2026-08-11 23:46:04,1273372,111
Q10737,Suicide,mai,missing,,,55857,,,,1273372,0
Q10737,Suicide,ml,good,ആത്മഹത്യ,41988,55857,218774,0.752,2026-09-21 16:19:56,1273372,4479
Q10737,Suicide,mni,missing,,,55857,,,,1273372,0
Q10737,Suicide,mr,stub,आत्महत्या,1098,55857,4443,0.02,2026-01-05 22:58:52,1273372,1655
Q10737,Suicide,ne,stub,आत्महत्या,854,55857,2766,0.015,2026-08-06 05:01:34,1273372,371
Q10737,Suicide,or,stub,ଆତ୍ମହତ୍ୟା,2929,55857,13962,0.052,2026-08-14 01:14:48,1273372,526
Q10737,Suicide,pa,stub,ਖ਼ੁਦਕੁਸ਼ੀ,492,55857,3001,0.009,2026-07-10 21:08:03,1273372,154
Q10737,Suicide,sa,missing,,,55857,,,,1273372,0
Q10737,Suicide,sat,stub,ᱡᱤᱣᱤ ᱟᱞᱟᱭ,362,55857,1028,0.006,2022-08-22 11:37:03,1273372,88
Q10737,Suicide,sd,stub,آپگهات,2618,55857,14303,0.047,2026-08-26 18:22:35,1273372,119
Q10737,Suicide,ta,stub,தற்கொலை,6843,55857,28122,0.123,2026-06-24 05:11:14,1273372,3766
Q10737,Suicide,tcy,missing,,,55857,,,,1273372,0
Q10737,Suicide,te,stub,ఆత్మహత్య,5500,55857,15504,0.098,2026-07-26 06:39:41,1273372,1957
Q10737,Suicide,ur,stub,خود کشی,4223,55857,8193,0.076,2026-01-05 23:02:11,1273372,1085
Q10998,Potato,as,stub,আলু (পাচলি),1768,32917,7212,0.054,2026-02-12 12:41:09,647317,256
Q10998,Potato,bh,missing,,,32917,,,,647317,0
Q10998,Potato,bn,good,আলু,44174,32917,201992,1.0,2026-09-30 02:26:20,647317,3763
Q10998,Potato,gom,stub,आळूं,2006,32917,5454,0.061,2021-03-11 10:26:15,647317,107
Q10998,Potato,gu,stub,બટાકાં,1572,32917,5356,0.048,2021-07-16 20:14:34,647317,751
Q10998,Potato,hi,stub,आलू,1473,32917,5137,0.045,2024-10-20 04:47:40,647317,6241
Q10998,Potato,kn,stub,ಆಲೂಗಡ್ಡೆ,4290,32917,13741,0.13,2026-10-01 10:35:49,647317,1251
Q10998,Potato,ks,stub,ٲلو,245,32917,1532,0.007,2026-01-02 18:01:08,647317,133
Q10998,Potato,mai,missing,,,32917,,,,647317,0
Q10998,Potato,ml,stub,ഉരുളക്കിഴങ്ങ്,3361,32917,11029,0.102,2025-09-29 19:28:52,647317,1958
Q10998,Potato,mni,missing,,,32917,,,,647317,0
Q10998,Potato,mr,missing,,,32917,,,,647317,0
Q10998,Potato,ne,stub,आलु,4004,32917,12119,0.122,2025-08-25 14:20:27,647317,392
Q10998,Potato,or,missing,,,32917,,,,647317,0
Q10998,Potato,pa,stub,ਆਲੂ,1247,32917,3596,0.038,2021-07-30 20:51:22,647317,226
Q10998,Potato,sa,stub,आलुकम्,1266,32917,5592,0.038,2026-07-06 23:37:44,647317,268
Q10998,Potato,sat,stub,ᱟᱹᱞᱩ,1614,32917,4079,0.049,2026-07-08 02:38:16,647317,126
Q10998,Potato,sd,stub,پٽاٽو,581,32917,2682,0.018,2024-08-13 17:46:34,647317,116
Q10998,Potato,ta,partial,உருளைக் கிழங்கு,8992,32917,29588,0.273,2025-11-15 19:38:52,647317,1499
Q10998,Potato,tcy,stub,ಬಟಾಟೆ,2100,32917,6184,0.064,2025-11-08 10:06:56,647317,324
Q10998,Potato,te,partial,బంగాళదుంప,12266,32917,37538,0.373,2023-12-12 07:13:41,647317,1025
Q10998,Potato,ur,stub,آلو,3779,32917,10081,0.115,2025-04-07 05:46:24,647317,1360
Q11006,Soybean,as,stub,চয়াবিন,1388,56228,5864,0.025,2021-07-25 15:43:53,388474,184
Q11006,Soybean,bh,stub,सोआबीन,65,56228,519,0.001,2020-04-12 22:35:33,388474,55
Q11006,Soybean,bn,stub,সয়াবিন,1944,56228,10825,0.035,2025-06-21 03:30:14,388474,4250
Q11006,Soybean,gom,missing,,,56228,,,,388474,0
Q11006,Soybean,gu,stub,સોયાબીન,2392,56228,8039,0.043,2023-08-30 12:35:50,388474,1119
Q11006,Soybean,hi,partial,सोयाबीन,11250,56228,32997,0.2,2024-09-09 07:18:26,388474,12181
Q11006,Soybean,kn,stub,ಸೋಯಾ ಅವರೆ,286,56228,2545,0.005,2026-03-26 10:36:13,388474,757
Q11006,Soybean,ks,missing,,,56228,,,,388474,0
Q11006,Soybean,mai,stub,भटमास,95,56228,519,0.002,2020-04-13 04:45:14,388474,101
Q11006,Soybean,ml,stub,സോയാബീൻസ്,4417,56228,15057,0.079,2021-09-26 11:08:25,388474,3666
Q11006,Soybean,mni,missing,,,56228,,,,388474,0
Q11006,Soybean,mr,stub,सोयाबीन,5588,56228,15720,0.099,2024-09-14 08:40:11,388474,2025
Q11006,Soybean,ne,partial,भटमास,8912,56228,24651,0.158,2025-08-25 14:22:06,388474,231
Q11006,Soybean,or,missing,,,56228,,,,388474,0
Q11006,Soybean,pa,stub,ਸੋਇਆਬੀਨ,819,56228,3940,0.015,2020-09-17 04:29:55,388474,138
Q11006,Soybean,sa,stub,सोयामाषः,123,56228,1117,0.002,2020-04-13 05:30:36,388474,152
Q11006,Soybean,sat,missing,,,56228,,,,388474,0
Q11006,Soybean,sd,stub,سويابين,1467,56228,2892,0.026,2026-02-21 05:21:30,388474,23
Q11006,Soybean,ta,stub,சோயா அவரை,5925,56228,28984,0.105,2024-04-08 08:32:06,388474,3065
Q11006,Soybean,tcy,missing,,,56228,,,,388474,0
Q11006,Soybean,te,stub,సోయా చిక్కుడు,2670,56228,9163,0.047,2024-04-22 22:17:19,388474,1891
Q11006,Soybean,ur,stub,سویا پھلی,2046,56228,6104,0.036,2024-01-14 07:44:27,388474,701
Q110315,Lead poisoning,as,missing,,,79977,,,,211555,0
Q110315,Lead poisoning,bh,missing,,,79977,,,,211555,0
Q110315,Lead poisoning,bn,good,সীসা বিষক্রিয়া,75077,79977,405618,0.939,2026-09-23 16:13:05,211555,240
Q110315,Lead poisoning,gom,missing,,,79977,,,,211555,0
Q110315,Lead poisoning,gu,missing,,,79977,,,,211555,0
Q110315,Lead poisoning,hi,stub,सीस विषाक्ततन,168,79977,577,0.002,2020-05-06 02:51:17,211555,85
Q110315,Lead poisoning,kn,stub,ಸೀಸದ ವಿಷವೇರಿಕೆ,1982,79977,10764,0.025,2026-08-07 11:36:42,211555,79
Q110315,Lead poisoning,ks,missing,,,79977,,,,211555,0
Q110315,Lead poisoning,mai,missing,,,79977,,,,211555,0
Q110315,Lead poisoning,ml,stub,ഈയം വിഷബാധ,10791,79977,55826,0.135,2026-09-19 15:10:07,211555,239
Q110315,Lead poisoning,mni,missing,,,79977,,,,211555,0
Q110315,Lead poisoning,mr,missing,,,79977,,,,211555,0
Q110315,Lead poisoning,ne,missing,,,79977,,,,211555,0
Q110315,Lead poisoning,or,stub,ସୀସା ବିଷକ୍ରିୟା,2422,79977,9826,0.03,2016-11-29 06:50:11,211555,108
Q110315,Lead poisoning,pa,stub,ਸਿੱਕੇ ਨਾਲ ਜ਼ਹਿਰ ਫੈਲਣਾ,2065,79977,6318,0.026,2021-10-11 22:24:37,211555,60
Q110315,Lead poisoning,sa,missing,,,79977,,,,211555,0
Q110315,Lead poisoning,sat,missing,,,79977,,,,211555,0
Q110315,Lead poisoning,sd,missing,,,79977,,,,211555,0
Q110315,Lead poisoning,ta,stub,ஈய நஞ்சூட்டல்,3499,79977,11630,0.044,2026-06-17 01:18:23,211555,137
Q110315,Lead poisoning,tcy,missing,,,79977,,,,211555,0
Q110315,Lead poisoning,te,stub,సీసం విషప్రయోగం,2437,79977,13617,0.03,2026-10-01 22:25:39,211555,0
Q110315,Lead poisoning,ur,missing,,,79977,,,,211555,0
Q11094,Hashimoto's thyroiditis,as,missing,,,44989,,,,360637,0
Q11094,Hashimoto's thyroiditis,bh,missing,,,44989,,,,360637,0
Q11094,Hashimoto's thyroiditis,bn,stub,হাশিমোতো রোগ,3100,44989,16363,0.069,2025-08-13 21:46:58,360637,282
Q11094,Hashimoto's thyroiditis,gom,missing,,,44989,,,,360637,0
Q11094,Hashimoto's thyroiditis,gu,missing,,,44989,,,,360637,0
Q11094,Hashimoto's thyroiditis,hi,stub,हाशिमोटो थायरॉइडाइटिस,1319,44989,5156,0.029,2026-09-09 16:01:25,360637,0
Q11094,Hashimoto's thyroiditis,kn,missing,,,44989,,,,360637,0
Q11094,Hashimoto's thyroiditis,ks,missing,,,44989,,,,360637,0
Q11094,Hashimoto's thyroiditis,mai,missing,,,44989,,,,360637,0
Q11094,Hashimoto's thyroiditis,ml,missing,,,44989,,,,360637,0
Q11094,Hashimoto's thyroiditis,mni,missing,,,44989,,,,360637,0
Q11094,Hashimoto's thyroiditis,mr,missing,,,44989,,,,360637,0
Q11094,Hashimoto's thyroiditis,ne,missing,,,44989,,,,360637,0
Q11094,Hashimoto's thyroiditis,or,stub,ହାସିମୋଟୋସ ଥାଇରଏଡାଇଟିସ,1810,44989,8543,0.04,2025-05-27 20:07:07,360637,46
Q11094,Hashimoto's thyroiditis,pa,missing,,,44989,,,,360637,0
Q11094,Hashimoto's thyroiditis,sa,missing,,,44989,,,,360637,0
Q11094,Hashimoto's thyroiditis,sat,missing,,,44989,,,,360637,0
Q11094,Hashimoto's thyroiditis,sd,missing,,,44989,,,,360637,0
Q11094,Hashimoto's thyroiditis,ta,stub,அஷிமோட்டோவின் கேடயச் சுரப்பியழற்சி,3030,44989,15566,0.067,2020-01-01 18:18:47,360637,250
Q11094,Hashimoto's thyroiditis,tcy,missing,,,44989,,,,360637,0
Q11094,Hashimoto's thyroiditis,te,stub,హషిమోటో థైరాయిడిటిస్,1791,44989,11252,0.04,2026-09-10 13:20:50,360637,199
Q11094,Hashimoto's thyroiditis,ur,missing,,,44989,,,,360637,0
Q1109680,Small business,as,missing,,,39803,,,,49362,0
Q1109680,Small business,bh,missing,,,39803,,,,49362,0
Q1109680,Small business,bn,missing,,,39803,,,,49362,0
Q1109680,Small business,gom,missing,,,39803,,,,49362,0
Q1109680,Small business,gu,missing,,,39803,,,,49362,0
Q1109680,Small business,hi,partial,लघु उद्योग,6107,39803,16770,0.153,2024-07-15 09:09:05,49362,1565
Q1109680,Small business,kn,missing,,,39803,,,,49362,0
Q1109680,Small business,ks,missing,,,39803,,,,49362,0
Q1109680,Small business,mai,missing,,,39803,,,,49362,0
Q1109680,Small business,ml,missing,,,39803,,,,49362,0
Q1109680,Small business,mni,missing,,,39803,,,,49362,0
Q1109680,Small business,mr,missing,,,39803,,,,49362,0
Q1109680,Small business,ne,missing,,,39803,,,,49362,0
Q1109680,Small business,or,missing,,,39803,,,,49362,0
Q1109680,Small business,pa,missing,,,39803,,,,49362,0
Q1109680,Small business,sa,missing,,,39803,,,,49362,0
Q1109680,Small business,sat,missing,,,39803,,,,49362,0
Q1109680,Small business,sd,missing,,,39803,,,,49362,0
Q1109680,Small business,ta,missing,,,39803,,,,49362,0
Q1109680,Small business,tcy,missing,,,39803,,,,49362,0
Q1109680,Small business,te,missing,,,39803,,,,49362,0
Q1109680,Small business,ur,missing,,,39803,,,,49362,0
Q11229,Percentage,as,missing,,,13941,,,,88814,0
Q11229,Percentage,bh,partial,प्रतिशत,2139,13941,5596,0.153,2025-07-29 19:57:44,88814,72
Q11229,Percentage,bn,stub,শতকরা হার,448,13941,1511,0.032,2026-02-16 10:22:16,88814,588
Q11229,Percentage,gom,missing,,,13941,,,,88814,0
Q11229,Percentage,gu,missing,,,13941,,,,88814,0
Q11229,Percentage,hi,stub,प्रतिशत,1390,13941,4564,0.1,2025-06-18 03:13:24,88814,4668
Q11229,Percentage,kn,missing,,,13941,,,,88814,0
Q11229,Percentage,ks,missing,,,13941,,,,88814,0
Q11229,Percentage,mai,missing,,,13941,,,,88814,0
Q11229,Percentage,ml,stub,ശതമാനം,849,13941,2346,0.061,2024-04-14 00:09:46,88814,789
Q11229,Percentage,mni,missing,,,13941,,,,88814,0
Q11229,Percentage,mr,stub,टक्का,992,13941,2701,0.071,2022-12-03 17:26:46,88814,461
Q11229,Percentage,ne,stub,प्रतिशत,233,13941,662,0.017,2022-10-28 15:18:03,88814,95
Q11229,Percentage,or,missing,,,13941,,,,88814,0
Q11229,Percentage,pa,stub,ਫ਼ੀਸਦੀ,339,13941,1312,0.024,2024-04-14 00:32:58,88814,85
Q11229,Percentage,sa,missing,,,13941,,,,88814,0
Q11229,Percentage,sat,missing,,,13941,,,,88814,0
Q11229,Percentage,sd,missing,,,13941,,,,88814,0
Q11229,Percentage,ta,good,விழுக்காடு,8168,13941,22514,0.586,2026-02-21 02:09:20,88814,963
Q11229,Percentage,tcy,missing,,,13941,,,,88814,0
Q11229,Percentage,te,partial,శాతం,6947,13941,21731,0.498,2026-06-02 16:34:27,88814,514
Q11229,Percentage,ur,stub,فیصد,548,13941,1221,0.039,2026-04-20 12:57:39,88814,727
Q1128431,Vaginismus,as,missing,,,10915,,,,159896,0
Q1128431,Vaginismus,bh,missing,,,10915,,,,159896,0
Q1128431,Vaginismus,bn,missing,,,10915,,,,159896,0
Q1128431,Vaginismus,gom,missing,,,10915,,,,159896,0
Q1128431,Vaginismus,gu,missing,,,10915,,,,159896,0
Q1128431,Vaginismus,hi,missing,,,10915,,,,159896,0
Q1128431,Vaginismus,kn,missing,,,10915,,,,159896,0
Q1128431,Vaginismus,ks,missing,,,10915,,,,159896,0
Q1128431,Vaginismus,mai,missing,,,10915,,,,159896,0
Q1128431,Vaginismus,ml,good,വജൈനിസ്മസ്,14000,10915,52280,1.0,2026-09-26 14:52:23,159896,1155
Q1128431,Vaginismus,mni,missing,,,10915,,,,159896,0
Q1128431,Vaginismus,mr,missing,,,10915,,,,159896,0
Q1128431,Vaginismus,ne,missing,,,10915,,,,159896,0
Q1128431,Vaginismus,or,stub,ଭାଜିନିସମସ,1622,10915,8344,0.149,2023-10-09 03:05:04,159896,108
Q1128431,Vaginismus,pa,missing,,,10915,,,,159896,0
Q1128431,Vaginismus,sa,missing,,,10915,,,,159896,0
Q1128431,Vaginismus,sat,missing,,,10915,,,,159896,0
Q1128431,Vaginismus,sd,missing,,,10915,,,,159896,0
Q1128431,Vaginismus,ta,missing,,,10915,,,,159896,0
Q1128431,Vaginismus,tcy,missing,,,10915,,,,159896,0
Q1128431,Vaginismus,te,stub,యోనిస్మస్,843,10915,6199,0.077,2026-08-10 14:01:30,159896,3
Q1128431,Vaginismus,ur,missing,,,10915,,,,159896,0
Q114085,Rhinitis,as,missing,,,11878,,,,63832,0
Q114085,Rhinitis,bh,missing,,,11878,,,,63832,0
Q114085,Rhinitis,bn,partial,নাসাপ্রদাহ,2153,11878,12746,0.181,2026-07-14 06:49:18,63832,431
Q114085,Rhinitis,gom,missing,,,11878,,,,63832,0
Q114085,Rhinitis,gu,missing,,,11878,,,,63832,0
Q114085,Rhinitis,hi,partial,नासाशोथ,2910,11878,13360,0.245,2026-07-02 22:24:55,63832,28
Q114085,Rhinitis,kn,missing,,,11878,,,,63832,0
Q114085,Rhinitis,ks,missing,,,11878,,,,63832,0
Q114085,Rhinitis,mai,missing,,,11878,,,,63832,0
Q114085,Rhinitis,ml,missing,,,11878,,,,63832,0
Q114085,Rhinitis,mni,missing,,,11878,,,,63832,0
Q114085,Rhinitis,mr,missing,,,11878,,,,63832,0
Q114085,Rhinitis,ne,missing,,,11878,,,,63832,0
Q114085,Rhinitis,or,stub,ରାଇନାଟିସ,1236,11878,8773,0.104,2026-08-02 19:26:51,63832,59
Q114085,Rhinitis,pa,missing,,,11878,,,,63832,0
Q114085,Rhinitis,sa,missing,,,11878,,,,63832,0
Q114085,Rhinitis,sat,missing,,,11878,,,,63832,0
Q114085,Rhinitis,sd,missing,,,11878,,,,63832,0
Q114085,Rhinitis,ta,stub,நாசியழற்சி,997,11878,5640,0.084,2026-05-24 00:39:33,63832,224
Q114085,Rhinitis,tcy,missing,,,11878,,,,63832,0
Q114085,Rhinitis,te,missing,,,11878,,,,63832,0
Q114085,Rhinitis,ur,missing,,,11878,,,,63832,0
Q1143025,Oral cancer,as,missing,,,31272,,,,85763,0
Q1143025,Oral cancer,bh,missing,,,31272,,,,85763,0
Q1143025,Oral cancer,bn,stub,মুখগহ্বরের ক্যান্সার,2345,31272,16078,0.075,2025-12-02 08:32:57,85763,208
Q1143025,Oral cancer,gom,missing,,,31272,,,,85763,0
Q1143025,Oral cancer,gu,missing,,,31272,,,,85763,0
Q1143025,Oral cancer,hi,missing,,,31272,,,,85763,0
Q1143025,Oral cancer,kn,partial,ಬಾಯಿಯ ಕ್ಯಾನ್ಸರ್,12553,31272,38283,0.401,2026-08-11 06:36:39,85763,210
Q1143025,Oral cancer,ks,missing,,,31272,,,,85763,0
Q1143025,Oral cancer,mai,missing,,,31272,,,,85763,0
Q1143025,Oral cancer,ml,missing,,,31272,,,,85763,0
Q1143025,Oral cancer,mni,missing,,,31272,,,,85763,0
Q1143025,Oral cancer,mr,stub,तोंडाचा कर्करोग,525,31272,2119,0.017,2022-11-22 08:22:37,85763,120
Q1143025,Oral cancer,ne,missing,,,31272,,,,85763,0
Q1143025,Oral cancer,or,missing,,,31272,,,,85763,0
Q1143025,Oral cancer,pa,missing,,,31272,,,,85763,0
Q1143025,Oral cancer,sa,missing,,,31272,,,,85763,0
Q1143025,Oral cancer,sat,missing,,,31272,,,,85763,0
Q1143025,Oral cancer,sd,missing,,,31272,,,,85763,0
Q1143025,Oral cancer,ta,stub,வாய்ப் புற்றுநோய்,1419,31272,4661,0.045,2026-07-20 07:18:04,85763,816
Q1143025,Oral cancer,tcy,missing,,,31272,,,,85763,0
Q1143025,Oral cancer,te,stub,నోటి కాన్సర్,3274,31272,12654,0.105,2024-05-02 17:34:49,85763,339
Q1143025,Oral cancer,ur,missing,,,31272,,,,85763,0
Q1143900,Panchayati raj in India,as,missing,,,16926,,,,106519,0
Q1143900,Panchayati raj in India,bh,stub,भारत में पंचायती राज,1647,16926,6121,0.097,2020-04-26 22:58:23,106519,338
Q1143900,Panchayati raj in India,bn,good,ভারতে পঞ্চায়েতি রাজ,12601,16926,46740,0.744,2025-04-09 15:22:56,106519,1676
Q1143900,Panchayati raj in India,gom,missing,,,16926,,,,106519,0
Q1143900,Panchayati raj in India,gu,stub,પંચાયતી રાજ,1615,16926,5613,0.095,2025-12-10 12:12:28,106519,5695
Q1143900,Panchayati raj in India,hi,stub,भारत में पंचायती राज,893,16926,4025,0.053,2026-08-10 16:23:39,106519,2882
Q1143900,Panchayati raj in India,kn,partial,ಭಾರತದ ಪಂಚಾಯತ್ ರಾಜ್ ವ್ಯವಸ್ಥೆ,6844,16926,20078,0.404,2026-03-25 05:17:30,106519,4979
Q1143900,Panchayati raj in India,ks,missing,,,16926,,,,106519,0
Q1143900,Panchayati raj in India,mai,missing,,,16926,,,,106519,0
Q1143900,Panchayati raj in India,ml,partial,ഇന്ത്യയിലെ പഞ്ചായത്തി രാജ്,6091,16926,17598,0.36,2026-02-06 12:14:50,106519,5571
Q1143900,Panchayati raj in India,mni,missing,,,16926,,,,106519,0
Q1143900,Panchayati raj in India,mr,stub,पंचायती राज,366,16926,1225,0.022,2026-01-31 15:13:43,106519,852
Q1143900,Panchayati raj in India,ne,missing,,,16926,,,,106519,0
Q1143900,Panchayati raj in India,or,partial,ପଞ୍ଚାୟତ ରାଜ,3666,16926,10312,0.217,2024-01-10 13:19:05,106519,537
Q1143900,Panchayati raj in India,pa,partial,ਭਾਰਤ ਵਿੱਚ ਪੰਚਾਇਤੀ ਰਾਜ,4995,16926,13424,0.295,2023-04-24 08:33:14,106519,999
Q1143900,Panchayati raj in India,sa,missing,,,16926,,,,106519,0
Q1143900,Panchayati raj in India,sat,missing,,,16926,,,,106519,0
Q1143900,Panchayati raj in India,sd,missing,,,16926,,,,106519,0
Q1143900,Panchayati raj in India,ta,partial,இந்தியாவின் ஊராட்சி மன்றம்,2919,16926,8851,0.172,2024-12-30 11:18:41,106519,1260
Q1143900,Panchayati raj in India,tcy,missing,,,16926,,,,106519,0
Q1143900,Panchayati raj in India,te,stub,పంచాయితీ రాజ్ (గ్రామీణ స్వపరిపాలన వ్యవస్థ),2065,16926,7828,0.122,2023-08-25 17:24:14,106519,3475
Q1143900,Panchayati raj in India,ur,stub,بھارتی پنچایتی راج,2372,16926,8421,0.14,2026-05-25 20:35:21,106519,194
Q11453,Irrigation,as,stub,জলসিঞ্চন,6636,47894,24675,0.139,2026-03-02 10:31:50,95325,1523
Q11453,Irrigation,bh,missing,,,47894,,,,95325,0
Q11453,Irrigation,bn,stub,সেচ,1069,47894,3430,0.022,2024-12-21 13:37:04,95325,751
Q11453,Irrigation,gom,missing,,,47894,,,,95325,0
Q11453,Irrigation,gu,missing,,,47894,,,,95325,0
Q11453,Irrigation,hi,stub,सिंचाई,3729,47894,11904,0.078,2024-08-20 10:42:52,95325,4321
Q11453,Irrigation,kn,partial,ನೀರಾವರಿ,8505,47894,23718,0.178,2026-03-24 16:25:19,95325,1748
Q11453,Irrigation,ks,missing,,,47894,,,,95325,0
Q11453,Irrigation,mai,missing,,,47894,,,,95325,0
Q11453,Irrigation,ml,stub,ജലസേചനം,1325,47894,4707,0.028,2019-06-30 13:23:57,95325,575
Q11453,Irrigation,mni,missing,,,47894,,,,95325,0
Q11453,Irrigation,mr,stub,जलसिंचन पद्धती,3284,47894,10947,0.069,2026-09-23 12:38:25,95325,1665
Q11453,Irrigation,ne,missing,,,47894,,,,95325,0
Q11453,Irrigation,or,missing,,,47894,,,,95325,0
Q11453,Irrigation,pa,stub,ਸਿੰਚਾਈ,3834,47894,11653,0.08,2023-11-29 13:38:07,95325,504
Q11453,Irrigation,sa,missing,,,47894,,,,95325,0
Q11453,Irrigation,sat,missing,,,47894,,,,95325,0
Q11453,Irrigation,sd,stub,آبپاشي,2503,47894,4644,0.052,2025-04-12 17:31:00,95325,86
Q11453,Irrigation,ta,partial,நீர்ப்பாசனம்,8540,47894,32055,0.178,2026-08-18 08:17:06,95325,1896
Q11453,Irrigation,tcy,missing,,,47894,,,,95325,0
Q11453,Irrigation,te,stub,సాగునీరు,1044,47894,2973,0.022,2020-09-10 17:58:22,95325,1505
Q11453,Irrigation,ur,stub,آبپاشی,780,47894,3143,0.016,2026-10-01 01:46:41,95325,443
Q11457,Cotton,as,stub,কপাহ,2301,55435,7785,0.042,2023-09-28 03:50:43,284294,575
Q11457,Cotton,bh,missing,,,55435,,,,284294,0
Q11457,Cotton,bn,stub,তুলা,4279,55435,16095,0.077,2026-06-27 16:47:25,284294,1892
Q11457,Cotton,gom,missing,,,55435,,,,284294,0
Q11457,Cotton,gu,stub,કપાસ,1007,55435,3260,0.018,2025-07-26 08:29:12,284294,1530
Q11457,Cotton,hi,stub,कपास,1825,55435,5489,0.033,2025-01-19 04:22:17,284294,1216
Q11457,Cotton,kn,partial,ಹತ್ತಿ,12995,55435,37841,0.234,2026-08-23 08:56:04,284294,1595
Q11457,Cotton,ks,missing,,,55435,,,,284294,0
Q11457,Cotton,mai,stub,कपास,314,55435,971,0.006,2015-09-09 14:03:22,284294,115
Q11457,Cotton,ml,stub,പരുത്തി,1472,55435,7737,0.027,2025-01-28 20:04:22,284294,1256
Q11457,Cotton,mni,missing,,,55435,,,,284294,0
Q11457,Cotton,mr,stub,कापूस,3543,55435,10932,0.064,2025-07-28 18:38:56,284294,2621
Q11457,Cotton,ne,stub,कपास,416,55435,1919,0.008,2023-04-09 19:13:27,284294,158
Q11457,Cotton,or,stub,କପା,846,55435,5954,0.015,2023-11-07 00:35:05,284294,204
Q11457,Cotton,pa,partial,ਕਪਾਹ,15274,55435,61733,0.276,2026-07-10 19:06:48,284294,487
Q11457,Cotton,sa,missing,,,55435,,,,284294,0
Q11457,Cotton,sat,stub,ᱠᱟᱥᱠᱚᱢ,1236,55435,3329,0.022,2024-02-01 02:32:16,284294,117
Q11457,Cotton,sd,stub,ڪپھ,2313,55435,6139,0.042,2026-02-07 11:33:35,284294,131
Q11457,Cotton,ta,partial,பருத்தி,18775,55435,61954,0.339,2026-03-03 06:38:45,284294,2376
Q11457,Cotton,tcy,missing,,,55435,,,,284294,0
Q11457,Cotton,te,partial,పత్తి,25919,55435,75077,0.468,2024-10-09 04:38:08,284294,1495
Q11457,Cotton,ur,stub,کپاس,575,55435,2933,0.01,2025-02-19 13:53:56,284294,580
Q11575,Maize,as,stub,মাকৈ,1489,30365,5079,0.049,2026-01-30 17:18:08,566482,369
Q11575,Maize,bh,missing,,,30365,,,,566482,0
Q11575,Maize,bn,stub,ভুট্টা,3961,30365,14972,0.13,2026-05-05 12:25:30,566482,2880
Q11575,Maize,gom,missing,,,30365,,,,566482,0
Q11575,Maize,gu,stub,મકાઈ,646,30365,3191,0.021,2022-04-11 08:33:21,566482,824
Q11575,Maize,hi,stub,मक्का (अनाज),2486,30365,8379,0.082,2025-10-06 19:49:04,566482,5234
Q11575,Maize,kn,good,ಮೆಕ್ಕೆ ಜೋಳ,46160,30365,148842,1.0,2026-09-18 23:10:25,566482,3017
Q11575,Maize,ks,stub,مکاے وٕٹ,120,30365,280,0.004,2024-05-03 18:01:00,566482,100
Q11575,Maize,mai,stub,मकै,1326,30365,3580,0.044,2023-12-04 18:41:28,566482,113
Q11575,Maize,ml,stub,ചോളം,953,30365,5132,0.031,2025-09-20 20:40:17,566482,2011
Q11575,Maize,mni,stub,ꯆꯨꯆꯥꯛ,2375,30365,6478,0.078,2024-08-24 12:30:44,566482,165
Q11575,Maize,mr,stub,मका,2162,30365,6354,0.071,2024-11-14 07:25:45,566482,1283
Q11575,Maize,ne,partial,मकै,9084,30365,32646,0.299,2026-09-26 09:41:46,566482,660
Q11575,Maize,or,stub,ମକା,1051,30365,2869,0.035,2025-09-26 13:20:29,566482,237
Q11575,Maize,pa,good,ਮੱਕੀ,23288,30365,66890,0.767,2025-06-16 15:03:43,566482,658
Q11575,Maize,sa,missing,,,30365,,,,566482,0
Q11575,Maize,sat,stub,ᱡᱚᱸᱰᱨᱟ,2239,30365,6598,0.074,2026-07-14 04:57:53,566482,159
Q11575,Maize,sd,stub,مڪئي,869,30365,1933,0.029,2026-02-07 11:54:32,566482,101
Q11575,Maize,ta,partial,மக்காச்சோளம்,7010,30365,27686,0.231,2024-07-20 04:29:35,566482,2617
Q11575,Maize,tcy,missing,,,30365,,,,566482,0
Q11575,Maize,te,stub,మొక్కజొన్న,4238,30365,13710,0.14,2024-10-09 07:32:36,566482,2328
Q11575,Maize,ur,stub,مکئی,656,30365,3717,0.022,2026-03-18 01:07:44,566482,565
Q11660,Artificial intelligence,as,stub,কৃত্ৰিম বুদ্ধিমত্তা,6239,86242,92123,0.072,2026-08-26 05:46:59,3684928,6876
Q11660,Artificial intelligence,bh,stub,आर्टिफिशियल इंटेलिजेंस,2624,86242,8094,0.03,2026-02-28 07:13:04,3684928,1117
Q11660,Artificial intelligence,bn,partial,কৃত্রিম বুদ্ধিমত্তা,30851,86242,178756,0.358,2026-09-14 01:28:18,3684928,17216
Q11660,Artificial intelligence,gom,stub,कृत्रिम बुध्दी,10739,86242,28010,0.125,2025-04-16 09:40:08,3684928,462
Q11660,Artificial intelligence,gu,missing,,,86242,,,,3684928,0
Q11660,Artificial intelligence,hi,partial,कृत्रिम बुद्धि,13491,86242,43235,0.156,2026-09-11 22:54:04,3684928,22417
Q11660,Artificial intelligence,kn,partial,ಕೃತಕ ಬುದ್ಧಿಮತ್ತೆ,42083,86242,209230,0.488,2026-08-11 20:07:34,3684928,19199
Q11660,Artificial intelligence,ks,stub,بَنٲومٕژ ذَہٲنِیَتھ,2760,86242,5342,0.032,2025-06-26 17:44:24,3684928,889
Q11660,Artificial intelligence,mai,missing,,,86242,,,,3684928,0
Q11660,Artificial intelligence,ml,stub,നി‍ർമ്മിത ബുദ്ധി,5968,86242,18752,0.069,2026-05-22 17:12:17,3684928,8903
Q11660,Artificial intelligence,mni,missing,,,86242,,,,3684928,0
Q11660,Artificial intelligence,mr,stub,कृत्रिम बुद्धिमत्ता,4476,86242,11930,0.052,2026-07-13 03:43:43,3684928,8753
Q11660,Artificial intelligence,ne,stub,कृत्रिम बौद्धिकता,5592,86242,20091,0.065,2026-09-26 02:07:08,3684928,2128
Q11660,Artificial intelligence,or,stub,ଆର୍ଟିଫିସିଆଲ ଇଣ୍ଟେଲିଜେନ୍ସ,7037,86242,21351,0.082,2025-11-05 16:51:26,3684928,1192
Q11660,Artificial intelligence,pa,partial,ਬਣਾਵਟੀ ਬੁੱਧੀ,13999,86242,46651,0.162,2026-09-11 05:48:59,3684928,688
Q11660,Artificial intelligence,sa,stub,कृत्रिमबुद्धिमत्ता,2449,86242,6984,0.028,2025-08-17 06:53:20,3684928,397
Q11660,Artificial intelligence,sat,missing,,,86242,,,,3684928,0
Q11660,Artificial intelligence,sd,partial,مصنوعي ذهانت AI,15764,86242,29128,0.183,2026-04-21 08:59:04,3684928,155
Q11660,Artificial intelligence,ta,good,செயற்கை நுண்ணறிவு,49113,86242,170211,0.569,2026-09-10 11:56:49,3684928,35287
Q11660,Artificial intelligence,tcy,missing,,,86242,,,,3684928,0
Q11660,Artificial intelligence,te,stub,కృత్రిమ మేధస్సు,5390,86242,17633,0.062,2026-07-08 18:43:22,3684928,4627
Q11660,Artificial intelligence,ur,stub,مصنوعی ذہانت,2785,86242,7705,0.032,2026-08-03 19:58:42,3684928,4321
Q118418,Antisocial personality disorder,as,missing,,,48687,,,,657388,0
Q118418,Antisocial personality disorder,bh,missing,,,48687,,,,657388,0
Q118418,Antisocial personality disorder,bn,missing,,,48687,,,,657388,0
Q118418,Antisocial personality disorder,gom,missing,,,48687,,,,657388,0
Q118418,Antisocial personality disorder,gu,missing,,,48687,,,,657388,0
Q118418,Antisocial personality disorder,hi,missing,,,48687,,,,657388,0
Q118418,Antisocial personality disorder,kn,missing,,,48687,,,,657388,0
Q118418,Antisocial personality disorder,ks,missing,,,48687,,,,657388,0
Q118418,Antisocial personality disorder,mai,missing,,,48687,,,,657388,0
Q118418,Antisocial personality disorder,ml,missing,,,48687,,,,657388,0
Q118418,Antisocial personality disorder,mni,missing,,,48687,,,,657388,0
Q118418,Antisocial personality disorder,mr,missing,,,48687,,,,657388,0
Q118418,Antisocial personality disorder,ne,missing,,,48687,,,,657388,0
Q118418,Antisocial personality disorder,or,stub,ଅସାମାଜିକ ବ୍ୟକ୍ତିତ୍ୱ ରୋଗ,1042,48687,5944,0.021,2023-02-13 00:12:44,657388,66
Q118418,Antisocial personality disorder,pa,missing,,,48687,,,,657388,0
Q118418,Antisocial personality disorder,sa,missing,,,48687,,,,657388,0
Q118418,Antisocial personality disorder,sat,missing,,,48687,,,,657388,0
Q118418,Antisocial personality disorder,sd,missing,,,48687,,,,657388,0
Q118418,Antisocial personality disorder,ta,missing,,,48687,,,,657388,0
Q118418,Antisocial personality disorder,tcy,missing,,,48687,,,,657388,0
Q118418,Antisocial personality disorder,te,stub,యాంటీసోషల్ పర్సనాలిటీ డిజార్డర్,1199,48687,6859,0.025,2026-09-07 04:33:29,657388,0
Q118418,Antisocial personality disorder,ur,stub,غیرسماجی شخصیت کی خرابی کا عارضہ,1229,48687,5216,0.025,2025-02-17 14:25:50,657388,141
Q1194496,Scrub typhus,as,missing,,,9331,,,,57793,0
Q1194496,Scrub typhus,bh,missing,,,9331,,,,57793,0
Q1194496,Scrub typhus,bn,missing,,,9331,,,,57793,0
Q1194496,Scrub typhus,gom,missing,,,9331,,,,57793,0
Q1194496,Scrub typhus,gu,missing,,,9331,,,,57793,0
Q1194496,Scrub typhus,hi,missing,,,9331,,,,57793,0
Q1194496,Scrub typhus,kn,missing,,,9331,,,,57793,0
Q1194496,Scrub typhus,ks,missing,,,9331,,,,57793,0
Q1194496,Scrub typhus,mai,missing,,,9331,,,,57793,0
Q1194496,Scrub typhus,ml,partial,ചെള്ളുപനി,2682,9331,14127,0.287,2026-02-09 22:54:19,57793,1001
Q1194496,Scrub typhus,mni,missing,,,9331,,,,57793,0
Q1194496,Scrub typhus,mr,missing,,,9331,,,,57793,0
Q1194496,Scrub typhus,ne,stub,स्क्रब टाइफस,1252,9331,5926,0.134,2026-09-26 13:14:54,57793,304
Q1194496,Scrub typhus,or,missing,,,9331,,,,57793,0
Q1194496,Scrub typhus,pa,missing,,,9331,,,,57793,0
Q1194496,Scrub typhus,sa,missing,,,9331,,,,57793,0
Q1194496,Scrub typhus,sat,missing,,,9331,,,,57793,0
Q1194496,Scrub typhus,sd,missing,,,9331,,,,57793,0
Q1194496,Scrub typhus,ta,missing,,,9331,,,,57793,0
Q1194496,Scrub typhus,tcy,missing,,,9331,,,,57793,0
Q1194496,Scrub typhus,te,missing,,,9331,,,,57793,0
Q1194496,Scrub typhus,ur,missing,,,9331,,,,57793,0
Q1194557,Laryngitis,as,good,লেৰিংজাইটিছ,7985,12312,20397,0.649,2021-09-22 03:59:17,86118,264
Q1194557,Laryngitis,bh,missing,,,12312,,,,86118,0
Q1194557,Laryngitis,bn,partial,স্বরযন্ত্রের প্রদাহ,2256,12312,12526,0.183,2025-08-13 21:42:05,86118,174
Q1194557,Laryngitis,gom,missing,,,12312,,,,86118,0
Q1194557,Laryngitis,gu,missing,,,12312,,,,86118,0
Q1194557,Laryngitis,hi,stub,स्वरयंत्रशोथ,1234,12312,4817,0.1,2026-06-30 14:26:35,86118,75
Q1194557,Laryngitis,kn,missing,,,12312,,,,86118,0
Q1194557,Laryngitis,ks,missing,,,12312,,,,86118,0
Q1194557,Laryngitis,mai,missing,,,12312,,,,86118,0
Q1194557,Laryngitis,ml,missing,,,12312,,,,86118,0
Q1194557,Laryngitis,mni,missing,,,12312,,,,86118,0
Q1194557,Laryngitis,mr,missing,,,12312,,,,86118,0
Q1194557,Laryngitis,ne,missing,,,12312,,,,86118,0
Q1194557,Laryngitis,or,stub,ଲାରିଞ୍ଜାଇଟିସ,1643,12312,8632,0.133,2026-08-02 17:41:36,86118,54
Q1194557,Laryngitis,pa,missing,,,12312,,,,86118,0
Q1194557,Laryngitis,sa,missing,,,12312,,,,86118,0
Q1194557,Laryngitis,sat,missing,,,12312,,,,86118,0
Q1194557,Laryngitis,sd,missing,,,12312,,,,86118,0
Q1194557,Laryngitis,ta,missing,,,12312,,,,86118,0
Q1194557,Laryngitis,tcy,missing,,,12312,,,,86118,0
Q1194557,Laryngitis,te,missing,,,12312,,,,86118,0
Q1194557,Laryngitis,ur,missing,,,12312,,,,86118,0
Q11982,Photosynthesis,as,stub,সালোক সংশ্লেষণ,2291,49414,11408,0.046,2026-08-07 05:04:56,499585,2386
Q11982,Photosynthesis,bh,stub,प्रकाश संश्लेषण,852,49414,2452,0.017,2026-08-30 10:47:31,499585,262
Q11982,Photosynthesis,bn,stub,সালোকসংশ্লেষণ,6197,49414,19780,0.125,2026-05-26 12:16:21,499585,10010
Q11982,Photosynthesis,gom,missing,,,49414,,,,499585,0
Q11982,Photosynthesis,gu,good,પ્રકાશસંશ્લેષણ,30045,49414,110526,0.608,2026-09-08 20:51:15,499585,3840
Q11982,Photosynthesis,hi,partial,प्रकाश-संश्लेषण,19447,49414,57845,0.394,2025-11-03 00:43:21,499585,21217
Q11982,Photosynthesis,kn,stub,ದ್ಯುತಿಸಂಶ್ಲೇಷಣೆ,1492,49414,4577,0.03,2026-03-24 00:52:39,499585,3433
Q11982,Photosynthesis,ks,stub,گاشِرؠ مِلوَن,195,49414,883,0.004,2026-08-13 18:00:59,499585,14
Q11982,Photosynthesis,mai,partial,प्रकाश-संश्लेषण,9752,49414,32021,0.197,2026-08-22 20:54:14,499585,126
Q11982,Photosynthesis,ml,stub,പ്രകാശസംശ്ലേഷണം,2040,49414,6656,0.041,2022-06-25 07:39:40,499585,1864
Q11982,Photosynthesis,mni,missing,,,49414,,,,499585,0
Q11982,Photosynthesis,mr,partial,प्रकाश संश्लेषण,7869,49414,22293,0.159,2025-08-10 14:43:14,499585,2001
Q11982,Photosynthesis,ne,stub,प्रकाश संश्लेषण,6742,49414,23474,0.136,2026-09-26 08:04:47,499585,307
Q11982,Photosynthesis,or,missing,,,49414,,,,499585,0
Q11982,Photosynthesis,pa,stub,ਪ੍ਰਕਾਸ਼ ਸੰਸਲੇਸ਼ਣ,800,49414,3580,0.016,2015-11-16 12:53:19,499585,1272
Q11982,Photosynthesis,sa,stub,प्रभासंयोगः,880,49414,3128,0.018,2021-08-15 09:42:14,499585,94
Q11982,Photosynthesis,sat,missing,,,49414,,,,499585,0
Q11982,Photosynthesis,sd,stub,ڦوٽوسنٿيسس,4966,49414,15940,0.1,2025-04-26 19:22:40,499585,64
Q11982,Photosynthesis,ta,partial,ஒளித்தொகுப்பு,12767,49414,40798,0.258,2026-06-20 10:22:43,499585,1524
Q11982,Photosynthesis,tcy,missing,,,49414,,,,499585,0
Q11982,Photosynthesis,te,stub,కిరణజన్య సంయోగ క్రియ,3831,49414,10935,0.078,2026-09-08 03:38:44,499585,1842
Q11982,Photosynthesis,ur,stub,ضیائی تالیف,859,49414,3240,0.017,2026-05-03 06:05:50,499585,743
Q11995,Pregnancy,as,stub,গৰ্ভধাৰণ,734,57229,4109,0.013,2024-11-24 09:21:33,409405,926
Q11995,Pregnancy,bh,missing,,,57229,,,,409405,0
Q11995,Pregnancy,bn,good,গর্ভধারণ,51862,57229,276789,0.906,2026-09-22 19:57:14,409405,9978
Q11995,Pregnancy,gom,stub,Gurvachar vo Gorbhest‌ponn,3983,57229,4410,0.07,2021-02-19 07:22:54,409405,83
Q11995,Pregnancy,gu,missing,,,57229,,,,409405,0
Q11995,Pregnancy,hi,partial,गर्भावस्था,12954,57229,39467,0.226,2025-07-12 23:26:37,409405,12186
Q11995,Pregnancy,kn,partial,ಗರ್ಭಧಾರಣೆ,16569,57229,56671,0.29,2026-03-22 23:22:34,409405,4072
Q11995,Pregnancy,ks,stub,بیٚیہِ زُو,3325,57229,12870,0.058,2025-10-21 18:01:12,409405,108
Q11995,Pregnancy,mai,missing,,,57229,,,,409405,0
Q11995,Pregnancy,ml,stub,ഗർഭം,2161,57229,15600,0.038,2026-08-01 21:02:54,409405,1150
Q11995,Pregnancy,mni,missing,,,57229,,,,409405,0
Q11995,Pregnancy,mr,partial,गर्भारपण,9999,57229,29286,0.175,2024-07-29 04:49:18,409405,1370
Q11995,Pregnancy,ne,stub,गर्भावस्था,7553,57229,22753,0.132,2025-08-08 02:32:14,409405,467
Q11995,Pregnancy,or,partial,ଗର୍ଭାବସ୍ଥା,26804,57229,86439,0.468,2024-12-30 23:12:55,409405,976
Q11995,Pregnancy,pa,stub,ਗਰਭ ਅਵਸਥਾ,4059,57229,22318,0.071,2026-03-29 19:45:38,409405,570
Q11995,Pregnancy,sa,missing,,,57229,,,,409405,0
Q11995,Pregnancy,sat,stub,ᱦᱟᱢᱟᱞ ᱦᱚᱲᱢᱚ (Pregnancy),2336,57229,7560,0.041,2019-12-01 10:59:16,409405,120
Q11995,Pregnancy,sd,stub,ڳورھائپ,996,57229,4353,0.017,2023-09-26 21:12:17,409405,200
Q11995,Pregnancy,ta,good,கருத்தரிப்பு,29113,57229,108930,0.509,2026-06-24 00:13:49,409405,8411
Q11995,Pregnancy,tcy,stub,ಬಂಜಿನಾಲ್,4479,57229,18472,0.078,2026-03-14 10:27:29,409405,533
Q11995,Pregnancy,te,stub,గర్భం,5660,57229,21694,0.099,2024-01-03 06:32:20,409405,2270
Q11995,Pregnancy,ur,stub,حمل (طب),736,57229,4184,0.013,2024-03-10 08:04:11,409405,772
Q12052688,Aadhaar,as,stub,আধাৰ (ভাৰতীয় একক পৰিচয় প্ৰাধিকৰণ),6081,48405,31878,0.126,2025-10-10 13:00:17,1497359,385
Q12052688,Aadhaar,bh,stub,आधार,570,48405,3323,0.012,2024-12-26 09:40:22,1497359,159
Q12052688,Aadhaar,bn,good,আধার,49696,48405,241934,1.0,2026-09-29 05:46:53,1497359,4292
Q12052688,Aadhaar,gom,missing,,,48405,,,,1497359,0
Q12052688,Aadhaar,gu,missing,,,48405,,,,1497359,0
Q12052688,Aadhaar,hi,stub,आधार कार्ड,4300,48405,24340,0.089,2026-08-26 03:38:19,1497359,71041
Q12052688,Aadhaar,kn,partial,ಆಧಾರ್,9866,48405,29456,0.204,2026-06-18 02:33:37,1497359,1127
Q12052688,Aadhaar,ks,stub,آدھار,358,48405,1301,0.007,2024-04-05 18:00:22,1497359,106
Q12052688,Aadhaar,mai,missing,,,48405,,,,1497359,0
Q12052688,Aadhaar,ml,partial,ആധാർ,9106,48405,31574,0.188,2025-03-28 06:15:59,1497359,1580
Q12052688,Aadhaar,mni,missing,,,48405,,,,1497359,0
Q12052688,Aadhaar,mr,stub,आधार कार्ड,4155,48405,16970,0.086,2026-09-29 15:18:04,1497359,1860
Q12052688,Aadhaar,ne,missing,,,48405,,,,1497359,0
Q12052688,Aadhaar,or,missing,,,48405,,,,1497359,0
Q12052688,Aadhaar,pa,stub,ਅਧਾਰ,3446,48405,14610,0.071,2025-09-29 04:14:12,1497359,586
Q12052688,Aadhaar,sa,missing,,,48405,,,,1497359,0
Q12052688,Aadhaar,sat,stub,ᱟᱫᱷᱟᱨ,1324,48405,3289,0.027,2023-10-13 00:18:49,1497359,138
Q12052688,Aadhaar,sd,missing,,,48405,,,,1497359,0
Q12052688,Aadhaar,ta,stub,ஆதார் அடையாள அட்டை,4946,48405,16725,0.102,2025-04-19 09:42:32,1497359,2655
Q12052688,Aadhaar,tcy,missing,,,48405,,,,1497359,0
Q12052688,Aadhaar,te,stub,ఆధార్,5894,48405,18099,0.122,2026-05-26 01:37:56,1497359,3534
Q12052688,Aadhaar,ur,stub,آدھار,1028,48405,4888,0.021,2026-09-30 15:33:30,1497359,275
Q12078,Cancer,as,stub,কৰ্কট ৰোগ,1991,75428,7149,0.026,2026-03-25 13:58:31,493732,1314
Q12078,Cancer,bh,stub,कैंसर,374,75428,1022,0.005,2025-03-09 05:15:12,493732,161
Q12078,Cancer,bn,stub,ক্যান্সার,9448,75428,28737,0.125,2025-12-03 07:46:35,493732,8604
Q12078,Cancer,gom,missing,,,75428,,,,493732,0
Q12078,Cancer,gu,good,કર્કરોગ (કેન્સર),63259,75428,208144,0.839,2026-09-08 17:46:52,493732,1324
Q12078,Cancer,hi,good,कर्कट रोग,89661,75428,300623,1.0,2026-09-11 19:01:04,493732,4459
Q12078,Cancer,kn,good,ಕ್ಯಾನ್ಸರ್,63114,75428,222500,0.837,2026-09-06 21:34:09,493732,2052
Q12078,Cancer,ks,stub,کَنسَر,477,75428,2189,0.006,2026-09-30 18:00:44,493732,106
Q12078,Cancer,mai,missing,,,75428,,,,493732,0
Q12078,Cancer,ml,partial,അർബുദം,23438,75428,72439,0.311,2026-09-27 00:05:33,493732,3105
Q12078,Cancer,mni,missing,,,75428,,,,493732,0
Q12078,Cancer,mr,partial,कर्करोग,13204,75428,36836,0.175,2025-10-02 13:05:19,493732,3034
Q12078,Cancer,ne,stub,क्यान्सर,1941,75428,5656,0.026,2020-11-19 20:20:05,493732,294
Q12078,Cancer,or,partial,କର୍କଟ ରୋଗ,29733,75428,135031,0.394,2026-08-14 03:24:40,493732,1127
Q12078,Cancer,pa,stub,ਕੈਂਸਰ,695,75428,2740,0.009,2026-03-18 00:49:16,493732,169
Q12078,Cancer,sa,stub,कर्कटरोगः,203,75428,1617,0.003,2023-09-30 19:55:33,493732,170
Q12078,Cancer,sat,missing,,,75428,,,,493732,0
Q12078,Cancer,sd,stub,ڪينسر,823,75428,5853,0.011,2024-10-31 10:18:28,493732,109
Q12078,Cancer,ta,good,புற்றுநோய்,104559,75428,375857,1.0,2026-08-18 07:22:17,493732,5992
Q12078,Cancer,tcy,stub,ಕ್ಯಾನ್ಸರ್,1788,75428,10352,0.024,2025-12-23 11:02:19,493732,296
Q12078,Cancer,te,partial,కాన్సర్,15416,75428,54114,0.204,2026-08-02 08:22:48,493732,3071
Q12078,Cancer,ur,partial,سرطان (عارضہ),12270,75428,28755,0.163,2025-06-04 09:08:41,493732,837
Q12090,Cholera,as,stub,কলেৰা,2254,54083,10147,0.042,2026-08-07 03:01:08,505244,343
Q12090,Cholera,bh,missing,,,54083,,,,505244,0
Q12090,Cholera,bn,stub,কলেরা,2065,54083,11038,0.038,2025-09-17 05:16:25,505244,1459
Q12090,Cholera,gom,missing,,,54083,,,,505244,0
Q12090,Cholera,gu,missing,,,54083,,,,505244,0
Q12090,Cholera,hi,stub,हैजा,1491,54083,6119,0.028,2025-07-07 17:39:34,505244,641
Q12090,Cholera,kn,stub,ಕಾಲೆರಾ,6840,54083,18987,0.126,2026-03-22 16:33:52,505244,174
Q12090,Cholera,ks,stub,کالرا,21,54083,51,0.0,2022-08-25 16:13:43,505244,60
Q12090,Cholera,mai,stub,हैजा,2343,54083,8339,0.043,2025-09-15 20:46:52,505244,99
Q12090,Cholera,ml,stub,കോളറ,7750,54083,19843,0.143,2026-04-15 05:23:34,505244,1010
Q12090,Cholera,mni,missing,,,54083,,,,505244,0
Q12090,Cholera,mr,stub,पटकी,4801,54083,13347,0.089,2025-01-03 17:17:12,505244,616
Q12090,Cholera,ne,stub,हैजा,8032,54083,31229,0.149,2026-09-26 13:41:35,505244,363
Q12090,Cholera,or,partial,କଲେରା,9429,54083,38703,0.174,2026-08-14 07:28:11,505244,283
Q12090,Cholera,pa,stub,ਹੈਜ਼ਾ,2770,54083,16624,0.051,2026-07-10 18:25:34,505244,169
Q12090,Cholera,sa,stub,विसूचिका,85,54083,705,0.002,2017-02-10 08:55:03,505244,69
Q12090,Cholera,sat,stub,ᱦᱟ.ᱭᱡᱟ,2010,54083,4412,0.037,2025-09-12 13:49:43,505244,112
Q12090,Cholera,sd,stub,ھيضو يا ڪوليرا,3207,54083,18826,0.059,2026-08-26 20:37:43,505244,82
Q12090,Cholera,ta,stub,வாந்திபேதி,3383,54083,13369,0.063,2025-10-24 08:10:38,505244,324
Q12090,Cholera,tcy,missing,,,54083,,,,505244,0
Q12090,Cholera,te,stub,కలరా,3494,54083,11187,0.065,2025-09-12 13:57:07,505244,421
Q12090,Cholera,ur,stub,ہیضہ,1249,54083,5123,0.023,2026-09-30 01:42:04,505244,420
Q12125,Common cold,as,stub,পানীলগা জ্বৰ,1323,18572,4823,0.071,2017-08-25 14:51:03,233783,193
Q12125,Common cold,bh,missing,,,18572,,,,233783,0
Q12125,Common cold,bn,partial,সর্দি-কাশি,3530,18572,24090,0.19,2025-10-13 09:39:06,233783,2821
Q12125,Common cold,gom,missing,,,18572,,,,233783,0
Q12125,Common cold,gu,missing,,,18572,,,,233783,0
Q12125,Common cold,hi,good,ज़ुकाम,15856,18572,60682,0.854,2026-07-08 16:17:18,233783,2280
Q12125,Common cold,kn,good,ನೆಗಡಿ,21397,18572,85077,1.0,2026-08-07 17:46:44,233783,1089
Q12125,Common cold,ks,stub,نزٕل,291,18572,1838,0.016,2024-09-25 18:01:16,233783,52
Q12125,Common cold,mai,missing,,,18572,,,,233783,0
Q12125,Common cold,ml,good,ജലദോഷം,9696,18572,32523,0.522,2026-07-10 03:15:54,233783,1552
Q12125,Common cold,mni,missing,,,18572,,,,233783,0
Q12125,Common cold,mr,stub,सर्दी,2277,18572,14968,0.123,2026-08-23 20:03:55,233783,1433
Q12125,Common cold,ne,stub,रुगा,388,18572,1559,0.021,2025-08-25 14:28:58,233783,104
Q12125,Common cold,or,partial,ଶର୍ଦ୍ଦି,3251,18572,16908,0.175,2026-08-02 22:45:35,233783,179
Q12125,Common cold,pa,stub,ਜੁਕਾਮ,250,18572,1181,0.013,2015-11-16 04:35:46,233783,89
Q12125,Common cold,sa,missing,,,18572,,,,233783,0
Q12125,Common cold,sat,stub,ᱠᱷᱩᱜ ᱢᱟᱱᱫᱟ,629,18572,1714,0.034,2022-08-21 17:32:15,233783,47
Q12125,Common cold,sd,partial,زڪام,9250,18572,16504,0.498,2024-10-31 10:06:18,233783,76
Q12125,Common cold,ta,good,தடிமன்,18412,18572,68865,0.991,2026-06-24 07:20:20,233783,718
Q12125,Common cold,tcy,missing,,,18572,,,,233783,0
Q12125,Common cold,te,good,జలుబు,15501,18572,68667,0.835,2026-09-30 00:50:57,233783,1540
Q12125,Common cold,ur,stub,زکام,1212,18572,2956,0.065,2024-01-14 07:39:17,233783,354
Q12133,Deafness,as,partial,বধিৰতা,1844,9285,9696,0.199,2025-06-12 13:24:59,50149,237
Q12133,Deafness,bh,missing,,,9285,,,,50149,0
Q12133,Deafness,bn,stub,বধিরতা,625,9285,3257,0.067,2023-12-19 08:05:02,50149,130
Q12133,Deafness,gom,missing,,,9285,,,,50149,0
Q12133,Deafness,gu,partial,બધિરતા,3195,9285,8477,0.344,2026-07-26 23:04:21,50149,118
Q12133,Deafness,hi,partial,बधिरता,3730,9285,9288,0.402,2023-02-27 17:41:38,50149,238
Q12133,Deafness,kn,good,ಕಿವುಡು ಮತ್ತು ಅರೆಗಿವುಡು,9347,9285,26526,1.0,2026-03-22 17:13:22,50149,222
Q12133,Deafness,ks,missing,,,9285,,,,50149,0
Q12133,Deafness,mai,missing,,,9285,,,,50149,0
Q12133,Deafness,ml,partial,ബധിരത,1484,9285,9210,0.16,2024-11-14 14:03:32,50149,108
Q12133,Deafness,mni,missing,,,9285,,,,50149,0
Q12133,Deafness,mr,stub,बहिरेपणा,172,9285,1401,0.019,2024-03-15 03:44:39,50149,58
Q12133,Deafness,ne,stub,बहिरोपना,69,9285,797,0.007,2025-08-25 14:28:56,50149,50
Q12133,Deafness,or,partial,ବଧିରତା,3206,9285,13353,0.345,2026-07-02 03:06:43,50149,129
Q12133,Deafness,pa,partial,ਬੋਲ਼ਾਪਣ,1844,9285,5573,0.199,2015-11-16 18:54:24,50149,69
Q12133,Deafness,sa,stub,बधिरता,105,9285,1005,0.011,2023-02-02 13:00:25,50149,87
Q12133,Deafness,sat,missing,,,9285,,,,50149,0
Q12133,Deafness,sd,partial,ٻوڙائپ,1482,9285,3742,0.16,2026-02-19 06:54:43,50149,25
Q12133,Deafness,ta,good,கேள்விக் குறைபாடு,9507,9285,30118,1.0,2026-04-05 12:50:30,50149,289
Q12133,Deafness,tcy,missing,,,9285,,,,50149,0
Q12133,Deafness,te,partial,చెవుడు,1524,9285,4951,0.164,2024-07-15 17:57:16,50149,167
Q12133,Deafness,ur,stub,بہرا پن,103,9285,2555,0.011,2025-06-05 05:51:12,50149,84
Q12135,Mental disorder,as,stub,মানসিক বিসংগতি,1398,77997,4574,0.018,2015-09-28 10:39:18,286782,290
Q12135,Mental disorder,bh,missing,,,77997,,,,286782,0
Q12135,Mental disorder,bn,partial,মানসিক ব্যাধি,31751,77997,95459,0.407,2025-10-30 00:46:33,286782,1557
Q12135,Mental disorder,gom,missing,,,77997,,,,286782,0
Q12135,Mental disorder,gu,missing,,,77997,,,,286782,0
Q12135,Mental disorder,hi,partial,मनोविकार,21495,77997,59404,0.276,2026-01-25 11:36:28,286782,2073
Q12135,Mental disorder,kn,stub,ಮಾನಸಿಕ ರೋಗಗಳು,8112,77997,22674,0.104,2026-03-25 10:08:01,286782,691
Q12135,Mental disorder,ks,missing,,,77997,,,,286782,0
Q12135,Mental disorder,mai,stub,मानसिक रोग,432,77997,1227,0.006,2016-12-17 13:21:26,286782,78
Q12135,Mental disorder,ml,partial,മാനസികരോഗം,11808,77997,31927,0.151,2026-07-16 14:29:05,286782,1559
Q12135,Mental disorder,mni,missing,,,77997,,,,286782,0
Q12135,Mental disorder,mr,missing,,,77997,,,,286782,0
Q12135,Mental disorder,ne,stub,मानसिक रोग,5194,77997,8793,0.067,2025-08-25 14:28:58,286782,342
Q12135,Mental disorder,or,stub,ମାନସିକ ରୋଗ,1355,77997,4668,0.017,2022-12-17 13:19:25,286782,173
Q12135,Mental disorder,pa,stub,ਮਨੋਵਿਕਾਰ,2330,77997,9526,0.03,2024-11-17 23:51:13,286782,159
Q12135,Mental disorder,sa,stub,मानसिकरोगः,2392,77997,9752,0.031,2025-08-24 16:04:58,286782,139
Q12135,Mental disorder,sat,missing,,,77997,,,,286782,0
Q12135,Mental disorder,sd,stub,ذھني خرابي,1778,77997,3846,0.023,2026-02-21 07:18:01,286782,47
Q12135,Mental disorder,ta,stub,உளப் பிறழ்ச்சி,10697,77997,48184,0.137,2026-09-23 05:36:04,286782,736
Q12135,Mental disorder,tcy,missing,,,77997,,,,286782,0
Q12135,Mental disorder,te,stub,మానసిక రుగ్మత,3791,77997,12294,0.049,2026-09-09 15:03:09,286782,834
Q12135,Mental disorder,ur,stub,ذہنی خرابی,559,77997,1888,0.007,2025-02-12 11:31:40,286782,174
Q12152,Myocardial infarction,as,stub,মাইঅ'কাৰ্দিয়েল ইনফাৰ্কচন,2045,46670,13704,0.044,2026-08-07 04:33:34,632827,275
Q12152,Myocardial infarction,bh,missing,,,46670,,,,632827,0
Q12152,Myocardial infarction,bn,good,হার্ট অ্যাটাক,39290,46670,209520,0.842,2026-09-23 11:45:08,632827,2449
Q12152,Myocardial infarction,gom,missing,,,46670,,,,632827,0
Q12152,Myocardial infarction,gu,good,હૃદયરોગનો હુમલો,28560,46670,120438,0.612,2026-09-08 19:58:26,632827,845
Q12152,Myocardial infarction,hi,good,हृदयाघात,27838,46670,123343,0.596,2026-09-24 07:36:04,632827,1688
Q12152,Myocardial infarction,kn,good,ಹೃದಯಾಘಾತ,30580,46670,131336,0.655,2026-08-11 11:26:08,632827,1287
Q12152,Myocardial infarction,ks,stub,دِلُک دورٕ,356,46670,1112,0.008,2024-04-25 18:00:31,632827,108
Q12152,Myocardial infarction,mai,missing,,,46670,,,,632827,0
Q12152,Myocardial infarction,ml,partial,ഹൃദയാഘാതം,10220,46670,36304,0.219,2025-11-21 11:53:43,632827,1979
Q12152,Myocardial infarction,mni,missing,,,46670,,,,632827,0
Q12152,Myocardial infarction,mr,stub,हृदयाघात,5141,46670,15091,0.11,2022-03-27 17:57:07,632827,657
Q12152,Myocardial infarction,ne,missing,,,46670,,,,632827,0
Q12152,Myocardial infarction,or,partial,ହୃଦ୍‌ଘାତ,15411,46670,59112,0.33,2026-08-14 02:03:01,632827,424
Q12152,Myocardial infarction,pa,stub,ਦਿਲ ਦਾ ਦੌਰਾ,3636,46670,15883,0.078,2026-06-29 19:27:04,632827,215
Q12152,Myocardial infarction,sa,stub,हृदयाघातः,1883,46670,5542,0.04,2023-09-30 22:27:54,632827,113
Q12152,Myocardial infarction,sat,missing,,,46670,,,,632827,0
Q12152,Myocardial infarction,sd,stub,دل جو دورو,1650,46670,4091,0.035,2026-02-18 06:05:36,632827,41
Q12152,Myocardial infarction,ta,good,மாரடைப்பு,24442,46670,95101,0.524,2026-07-19 23:34:54,632827,1784
Q12152,Myocardial infarction,tcy,missing,,,46670,,,,632827,0
Q12152,Myocardial infarction,te,partial,గుండెపోటు,7527,46670,23840,0.161,2026-09-12 07:09:50,632827,881
Q12152,Myocardial infarction,ur,stub,دورہ قلب,1239,46670,3899,0.027,2026-04-02 07:08:26,632827,431
Q12156,Malaria,as,stub,মেলেৰিয়া,3822,70202,10861,0.054,2025-05-17 08:07:22,513246,815
Q12156,Malaria,bh,stub,मलेरिया,377,70202,1003,0.005,2018-10-07 19:28:25,513246,62
Q12156,Malaria,bn,stub,ম্যালেরিয়া,10497,70202,39600,0.15,2025-01-17 18:36:07,513246,3902
Q12156,Malaria,gom,missing,,,70202,,,,513246,0
Q12156,Malaria,gu,partial,મલેરિયા,20543,70202,61560,0.293,2026-09-08 20:42:49,513246,2063
Q12156,Malaria,hi,partial,मलेरिया,25240,70202,64932,0.36,2026-07-03 08:39:50,513246,5808
Q12156,Malaria,kn,good,ಮಲೇರಿಯಾ,64857,70202,241036,0.924,2026-09-25 10:39:16,513246,992
Q12156,Malaria,ks,missing,,,70202,,,,513246,0
Q12156,Malaria,mai,missing,,,70202,,,,513246,0
Q12156,Malaria,ml,stub,മലമ്പനി,10184,70202,32516,0.145,2025-05-19 00:49:59,513246,2851
Q12156,Malaria,mni,missing,,,70202,,,,513246,0
Q12156,Malaria,mr,stub,मलेरिया,9603,70202,28004,0.137,2025-08-19 07:28:24,513246,2160
Q12156,Malaria,ne,stub,औलो,3238,70202,11037,0.046,2026-08-23 00:50:33,513246,195
Q12156,Malaria,or,partial,ମ୍ୟାଲେରିଆ,18293,70202,57944,0.261,2026-08-14 08:51:44,513246,1226
Q12156,Malaria,pa,stub,ਮਲੇਰੀਆ,5711,70202,16659,0.081,2025-10-03 15:12:48,513246,302
Q12156,Malaria,sa,stub,मलेरियारोगः,6195,70202,18501,0.088,2025-05-19 03:56:37,513246,113
Q12156,Malaria,sat,stub,ᱢᱮᱞᱮᱨᱤᱭᱟᱹ,3770,70202,17964,0.054,2026-08-12 02:48:38,513246,71
Q12156,Malaria,sd,stub,مليريا,2759,70202,5243,0.039,2019-11-13 16:17:28,513246,117
Q12156,Malaria,ta,partial,மலேரியா,22204,70202,86828,0.316,2025-10-24 01:18:34,513246,1801
Q12156,Malaria,tcy,stub,ಮಲೇರಿಯಾ,1692,70202,9470,0.024,2025-12-04 07:12:07,513246,171
Q12156,Malaria,te,partial,మలేరియా,12828,70202,39160,0.183,2026-04-29 15:12:57,513246,1141
Q12156,Malaria,ur,stub,ملیریا,1799,70202,6216,0.026,2026-09-26 19:44:21,513246,379
Q12167,Malnutrition,as,stub,অপুষ্টি,1631,67367,9473,0.024,2026-08-07 07:43:31,172501,276
Q12167,Malnutrition,bh,missing,,,67367,,,,172501,0
Q12167,Malnutrition,bn,stub,অপুষ্টি,4669,67367,26210,0.069,2026-07-14 08:50:33,172501,687
Q12167,Malnutrition,gom,missing,,,67367,,,,172501,0
Q12167,Malnutrition,gu,partial,કુપોષણ,31220,67367,129916,0.463,2026-09-08 18:02:02,172501,833
Q12167,Malnutrition,hi,stub,कुपोषण,2659,67367,7273,0.039,2023-01-11 14:00:53,172501,3386
Q12167,Malnutrition,kn,good,ಅಪೌಷ್ಟಿಕತೆ,39207,67367,160322,0.582,2026-09-01 21:34:16,172501,413
Q12167,Malnutrition,ks,missing,,,67367,,,,172501,0
Q12167,Malnutrition,mai,missing,,,67367,,,,172501,0
Q12167,Malnutrition,ml,stub,പോഷകങ്ങളുടെ അപര്യാപ്തതമൂലമുണ്ടാകുന്ന അസുഖങ്ങൾ,2590,67367,16679,0.038,2026-06-02 14:43:22,172501,385
Q12167,Malnutrition,mni,missing,,,67367,,,,172501,0
Q12167,Malnutrition,mr,partial,कुपोषण,11140,67367,31626,0.165,2024-08-23 05:58:35,172501,2399
Q12167,Malnutrition,ne,stub,कुपोषण,1334,67367,4053,0.02,2018-10-07 06:32:26,172501,509
Q12167,Malnutrition,or,stub,କୁପୋଷଣ,5730,67367,29466,0.085,2026-08-14 06:02:33,172501,589
Q12167,Malnutrition,pa,stub,ਕੁਪੋਸ਼ਣ,2382,67367,8501,0.035,2022-03-29 09:07:43,172501,291
Q12167,Malnutrition,sa,stub,कुपोषणम्,92,67367,1063,0.001,2023-10-04 00:32:54,172501,63
Q12167,Malnutrition,sat,missing,,,67367,,,,172501,0
Q12167,Malnutrition,sd,stub,بدغذائي,1364,67367,2923,0.02,2026-02-21 02:07:58,172501,27
Q12167,Malnutrition,ta,stub,ஊட்டக்குறை,5720,67367,26408,0.085,2026-06-24 03:46:11,172501,336
Q12167,Malnutrition,tcy,missing,,,67367,,,,172501,0
Q12167,Malnutrition,te,stub,పోషకాహార లోపం,5924,67367,16413,0.088,2026-06-02 14:38:55,172501,999
Q12167,Malnutrition,ur,stub,ناقص غذائیت,1198,67367,3179,0.018,2026-09-27 05:37:36,172501,120
Q1216998,Neoplasm,as,missing,,,20941,,,,169614,0
Q1216998,Neoplasm,bh,missing,,,20941,,,,169614,0
Q1216998,Neoplasm,bn,stub,নিওপ্লাজম,1759,20941,8943,0.084,2025-08-02 04:23:19,169614,439
Q1216998,Neoplasm,gom,missing,,,20941,,,,169614,0
Q1216998,Neoplasm,gu,missing,,,20941,,,,169614,0
Q1216998,Neoplasm,hi,stub,फुलाव,2926,20941,10913,0.14,2020-10-09 19:00:45,169614,309
Q1216998,Neoplasm,kn,good,ಗಂತಿ,26546,20941,72769,1.0,2026-03-22 22:46:43,169614,294
Q1216998,Neoplasm,ks,missing,,,20941,,,,169614,0
Q1216998,Neoplasm,mai,missing,,,20941,,,,169614,0
Q1216998,Neoplasm,ml,partial,നിയോപ്ലാസം,4280,20941,18806,0.204,2022-10-03 00:38:07,169614,311
Q1216998,Neoplasm,mni,missing,,,20941,,,,169614,0
Q1216998,Neoplasm,mr,missing,,,20941,,,,169614,0
Q1216998,Neoplasm,ne,missing,,,20941,,,,169614,0
Q1216998,Neoplasm,or,missing,,,20941,,,,169614,0
Q1216998,Neoplasm,pa,missing,,,20941,,,,169614,0
Q1216998,Neoplasm,sa,missing,,,20941,,,,169614,0
Q1216998,Neoplasm,sat,missing,,,20941,,,,169614,0
Q1216998,Neoplasm,sd,missing,,,20941,,,,169614,0
Q1216998,Neoplasm,ta,stub,கட்டி (உயிரியல்),1372,20941,5368,0.066,2026-07-20 10:22:07,169614,506
Q1216998,Neoplasm,tcy,missing,,,20941,,,,169614,0
Q1216998,Neoplasm,te,missing,,,20941,,,,169614,0
Q1216998,Neoplasm,ur,stub,تکون جدید,1283,20941,5504,0.061,2025-06-02 12:09:16,169614,222
Q12171,Menstruation,as,partial,ঋতুস্ৰাৱ,8254,23808,23102,0.347,2024-11-24 09:13:52,269458,980
Q12171,Menstruation,bh,missing,,,23808,,,,269458,0
Q12171,Menstruation,bn,partial,রজঃস্রাব,8648,23808,25208,0.363,2025-10-23 11:29:22,269458,4066
Q12171,Menstruation,gom,missing,,,23808,,,,269458,0
Q12171,Menstruation,gu,missing,,,23808,,,,269458,0
Q12171,Menstruation,hi,missing,,,23808,,,,269458,0
Q12171,Menstruation,kn,partial,ಮುಟ್ಟು,3771,23808,12498,0.158,2026-03-25 11:46:11,269458,1768
Q12171,Menstruation,ks,missing,,,23808,,,,269458,0
Q12171,Menstruation,mai,missing,,,23808,,,,269458,0
Q12171,Menstruation,ml,good,ആർത്തവം,30944,23808,91812,1.0,2026-09-21 20:54:10,269458,5189
Q12171,Menstruation,mni,missing,,,23808,,,,269458,0
Q12171,Menstruation,mr,missing,,,23808,,,,269458,0
Q12171,Menstruation,ne,partial,महिनावारी,9425,23808,27086,0.396,2025-08-17 16:30:30,269458,1791
Q12171,Menstruation,or,partial,ଋତୁସ୍ରାବ,3861,23808,15262,0.162,2026-08-03 00:58:02,269458,535
Q12171,Menstruation,pa,stub,ਮਾਹਵਾਰੀ,877,23808,3593,0.037,2022-10-10 19:12:04,269458,343
Q12171,Menstruation,sa,missing,,,23808,,,,269458,0
Q12171,Menstruation,sat,missing,,,23808,,,,269458,0
Q12171,Menstruation,sd,stub,ماھواري,1992,23808,3736,0.084,2026-02-14 12:34:48,269458,43
Q12171,Menstruation,ta,partial,மாதவிடாய்,8354,23808,24768,0.351,2025-05-17 08:54:02,269458,4778
Q12171,Menstruation,tcy,partial,ಪೊಣ್ಣು ಮಲ್ಲಾಪಿನಿ,3868,23808,11116,0.162,2025-12-23 11:47:12,269458,60
Q12171,Menstruation,te,stub,ఋతుస్రావం,1960,23808,8715,0.082,2026-08-10 13:28:42,269458,8
Q12171,Menstruation,ur,stub,حیض,166,23808,764,0.007,2025-02-07 16:27:53,269458,612
Q12174,Obesity,as,stub,মেদবহুলতা,1696,57328,6069,0.03,2025-01-22 08:05:08,258242,287
Q12174,Obesity,bh,stub,मोटापा,1174,57328,6518,0.02,2025-01-22 07:42:39,258242,122
Q12174,Obesity,bn,good,অতিস্থূলতা,40330,57328,221701,0.703,2026-09-20 07:31:56,258242,1169
Q12174,Obesity,gom,missing,,,57328,,,,258242,0
Q12174,Obesity,gu,missing,,,57328,,,,258242,0
Q12174,Obesity,hi,stub,मोटापा,5882,57328,22380,0.103,2026-07-05 18:58:47,258242,963
Q12174,Obesity,kn,partial,ಬೊಜ್ಜು,15354,57328,48964,0.268,2026-03-25 03:46:50,258242,419
Q12174,Obesity,ks,missing,,,57328,,,,258242,0
Q12174,Obesity,mai,missing,,,57328,,,,258242,0
Q12174,Obesity,ml,stub,പൊണ്ണത്തടി,3302,57328,16699,0.058,2026-04-15 01:12:09,258242,996
Q12174,Obesity,mni,missing,,,57328,,,,258242,0
Q12174,Obesity,mr,stub,लठ्ठपणा,513,57328,2836,0.009,2023-04-28 06:35:13,258242,239
Q12174,Obesity,ne,stub,मोटोपन,3876,57328,15043,0.068,2025-05-22 00:14:31,258242,189
Q12174,Obesity,or,stub,ମେଦ ବହୁଳତା,2087,57328,12503,0.036,2026-08-02 18:52:06,258242,367
Q12174,Obesity,pa,stub,ਮੋਟਾਪਾ,3005,57328,9172,0.052,2018-10-16 08:48:07,258242,141
Q12174,Obesity,sa,stub,मेदुरता,84,57328,584,0.001,2017-02-10 08:48:22,258242,90
Q12174,Obesity,sat,stub,ᱢᱚᱴᱟᱜ ᱵᱮᱢᱟᱨ,1519,57328,5431,0.026,2026-08-12 04:24:29,258242,96
Q12174,Obesity,sd,stub,ٿولهہ,1778,57328,3828,0.031,2026-02-17 18:52:03,258242,46
Q12174,Obesity,ta,stub,உடற் பருமன்,4163,57328,27597,0.073,2026-09-23 08:36:19,258242,1304
Q12174,Obesity,tcy,missing,,,57328,,,,258242,0
Q12174,Obesity,te,partial,స్థూల కాయం,9521,57328,29436,0.166,2026-06-16 07:34:01,258242,590
Q12174,Obesity,ur,stub,موٹاپا,300,57328,1397,0.005,2025-04-21 01:32:15,258242,147
Q12192,Pneumonia,as,stub,নিউম'নিয়া,764,48541,4847,0.016,2026-08-26 14:41:48,864315,573
Q12192,Pneumonia,bh,missing,,,48541,,,,864315,0
Q12192,Pneumonia,bn,partial,নিউমোনিয়া,21008,48541,111579,0.433,2026-03-15 08:31:51,864315,5256
Q12192,Pneumonia,gom,missing,,,48541,,,,864315,0
Q12192,Pneumonia,gu,missing,,,48541,,,,864315,0
Q12192,Pneumonia,hi,good,न्यूमोनिया,31774,48541,130865,0.655,2026-09-24 05:44:09,864315,2711
Q12192,Pneumonia,kn,partial,ನ್ಯುಮೋನಿಯ,10465,48541,30080,0.216,2026-09-25 00:32:10,864315,643
Q12192,Pneumonia,ks,stub,نمونیا,1858,48541,9702,0.038,2026-08-03 20:53:24,864315,136
Q12192,Pneumonia,mai,missing,,,48541,,,,864315,0
Q12192,Pneumonia,ml,good,ന്യുമോണിയ,80370,48541,302672,1.0,2026-09-23 11:31:24,864315,2786
Q12192,Pneumonia,mni,missing,,,48541,,,,864315,0
Q12192,Pneumonia,mr,stub,न्यूमोनिया,3298,48541,10303,0.068,2024-09-12 12:18:47,864315,1036
Q12192,Pneumonia,ne,stub,न्युमोनिया,3998,48541,11905,0.082,2025-08-25 14:28:51,864315,261
Q12192,Pneumonia,or,partial,ନିମୋନିଆ,21567,48541,87528,0.444,2026-08-14 05:18:46,864315,957
Q12192,Pneumonia,pa,stub,ਨਮੋਨੀਆ,944,48541,5503,0.019,2026-02-13 18:02:15,864315,251
Q12192,Pneumonia,sa,missing,,,48541,,,,864315,0
Q12192,Pneumonia,sat,missing,,,48541,,,,864315,0
Q12192,Pneumonia,sd,stub,نمونيا,1407,48541,3413,0.029,2026-02-18 01:25:29,864315,47
Q12192,Pneumonia,ta,stub,நுரையீரல் அழற்சி,5910,48541,28586,0.122,2026-06-24 07:08:07,864315,1714
Q12192,Pneumonia,tcy,missing,,,48541,,,,864315,0
Q12192,Pneumonia,te,partial,న్యుమోనియా,18583,48541,65585,0.383,2026-09-24 21:02:04,864315,2529
Q12192,Pneumonia,ur,stub,نمونیا,607,48541,2184,0.013,2025-08-06 15:11:36,864315,409
Q12195,Polio,as,stub,প'লিঅ'মায়েলাইটিছ,3819,48505,12823,0.079,2023-09-28 10:10:31,527501,304
Q12195,Polio,bh,missing,,,48505,,,,527501,0
Q12195,Polio,bn,stub,পোলিও,3709,48505,19494,0.076,2025-08-02 05:47:52,527501,1172
Q12195,Polio,gom,missing,,,48505,,,,527501,0
Q12195,Polio,gu,partial,પોલિયો,7418,48505,23327,0.153,2026-08-17 15:09:53,527501,904
Q12195,Polio,hi,partial,पोलियोमेलाइटिस,7751,48505,24914,0.16,2025-01-14 01:14:25,527501,784
Q12195,Polio,kn,missing,,,48505,,,,527501,0
Q12195,Polio,ks,stub,پولیو,2643,48505,9546,0.054,2026-06-20 18:02:15,527501,84
Q12195,Polio,mai,missing,,,48505,,,,527501,0
Q12195,Polio,ml,stub,പോളിയോ,3125,48505,10173,0.064,2022-11-20 00:16:30,527501,986
Q12195,Polio,mni,missing,,,48505,,,,527501,0
Q12195,Polio,mr,partial,पोलियो,15079,48505,42209,0.311,2026-09-30 12:24:27,527501,1170
Q12195,Polio,ne,missing,,,48505,,,,527501,0
Q12195,Polio,or,partial,ପୋଲିଓମାୟେଲାଇଟିସ,19028,48505,81364,0.392,2026-09-02 16:30:48,527501,241
Q12195,Polio,pa,stub,ਪੋਲੀਓ,1175,48505,4678,0.024,2021-11-10 10:52:38,527501,167
Q12195,Polio,sa,missing,,,48505,,,,527501,0
Q12195,Polio,sat,missing,,,48505,,,,527501,0
Q12195,Polio,sd,stub,پوليو,391,48505,956,0.008,2024-04-07 11:32:55,527501,50
Q12195,Polio,ta,partial,இளம்பிள்ளை வாதம்,9802,48505,29872,0.202,2026-07-05 08:05:16,527501,1328
Q12195,Polio,tcy,missing,,,48505,,,,527501,0
Q12195,Polio,te,stub,పోలియో,3574,48505,10846,0.074,2023-06-26 12:25:35,527501,523
Q12195,Polio,ur,stub,پولیو,5122,48505,10792,0.106,2026-09-29 07:22:20,527501,1256
Q12198,Sexually transmitted infection,as,stub,যৌন সংক্ৰামক ৰোগ,1573,37608,5758,0.042,2025-06-18 18:43:26,375230,333
Q12198,Sexually transmitted infection,bh,missing,,,37608,,,,375230,0
Q12198,Sexually transmitted infection,bn,stub,যৌনবাহিত রোগ,1857,37608,6336,0.049,2025-01-22 23:32:15,375230,3813
Q12198,Sexually transmitted infection,gom,missing,,,37608,,,,375230,0
Q12198,Sexually transmitted infection,gu,good,ગુપ્તરોગ,22442,37608,47022,0.597,2026-09-08 17:54:26,375230,1428
Q12198,Sexually transmitted infection,hi,partial,रतिरोग,9768,37608,27053,0.26,2023-07-30 08:23:11,375230,1082
Q12198,Sexually transmitted infection,kn,stub,ಮೇಹರೋಗ,3137,37608,10811,0.083,2026-03-25 13:03:42,375230,211
Q12198,Sexually transmitted infection,ks,missing,,,37608,,,,375230,0
Q12198,Sexually transmitted infection,mai,missing,,,37608,,,,375230,0
Q12198,Sexually transmitted infection,ml,partial,ലൈംഗികബന്ധത്തിലൂടെ പകരുന്ന രോഗങ്ങൾ,9469,37608,30554,0.252,2025-12-01 11:00:27,375230,2100
Q12198,Sexually transmitted infection,mni,missing,,,37608,,,,375230,0
Q12198,Sexually transmitted infection,mr,stub,लैंगिक संक्रमित संसर्ग,2417,37608,15109,0.064,2022-07-18 10:35:47,375230,1284
Q12198,Sexually transmitted infection,ne,stub,यौनजन्य सङ्क्रमण,1115,37608,3959,0.03,2026-03-23 07:51:04,375230,105
Q12198,Sexually transmitted infection,or,stub,ଯୌନ କ୍ରିୟା ସଞ୍ଚାରିତ ରୋଗ ସମୂହ,2424,37608,9967,0.064,2025-08-13 11:58:48,375230,426
Q12198,Sexually transmitted infection,pa,stub,ਸੈਕਸ ਰਾਹੀਂ ਫੈਲਣ ਵਾਲੀ ਲਾਗ,574,37608,2813,0.015,2020-09-17 04:26:50,375230,206
Q12198,Sexually transmitted infection,sa,missing,,,37608,,,,375230,0
Q12198,Sexually transmitted infection,sat,missing,,,37608,,,,375230,0
Q12198,Sexually transmitted infection,sd,stub,جنسي طور منتقل ٿيندڙ انفيڪشن,1391,37608,3171,0.037,2026-02-21 06:07:20,375230,31
Q12198,Sexually transmitted infection,ta,partial,பால்வினை நோய்கள்,9162,37608,36261,0.244,2026-03-01 17:28:34,375230,5546
Q12198,Sexually transmitted infection,tcy,missing,,,37608,,,,375230,0
Q12198,Sexually transmitted infection,te,partial,లైంగిక సంక్రమణ వ్యాధి,10843,37608,29366,0.288,2023-05-12 04:21:00,375230,1748
Q12198,Sexually transmitted infection,ur,stub,جنسی طور پر منتقل ہونے والا انفیکشن,0,37608,6210,0.0,2026-08-09 16:01:50,375230,31
Q12199,HIV/AIDS,as,stub,এইচ.আই.ভি/এইড্‌ছ,5729,64926,21100,0.088,2025-05-20 05:13:04,730399,1835
Q12199,HIV/AIDS,bh,missing,,,64926,,,,730399,0
Q12199,HIV/AIDS,bn,partial,এইচআইভি/এইডস,17980,64926,118091,0.277,2026-09-08 08:26:01,730399,5211
Q12199,HIV/AIDS,gom,stub,एड्स,6037,64926,16074,0.093,2023-01-02 16:40:33,730399,199
Q12199,HIV/AIDS,gu,good,એઇડ્સ,53719,64926,220042,0.827,2026-09-08 22:04:30,730399,4927
Q12199,HIV/AIDS,hi,partial,एड्स,18256,64926,71940,0.281,2026-04-22 23:24:55,730399,10504
Q12199,HIV/AIDS,kn,partial,ಏಡ್ಸ್ ರೋಗ,23940,64926,93334,0.369,2026-08-11 00:07:44,730399,6595
Q12199,HIV/AIDS,ks,stub,ایڈٕس,54,64926,262,0.001,2023-01-28 18:03:49,730399,220
Q12199,HIV/AIDS,mai,stub,एड्स,634,64926,3575,0.01,2016-12-17 13:44:49,730399,207
Q12199,HIV/AIDS,ml,partial,എയ്‌ഡ്‌സ്‌,19480,64926,59712,0.3,2026-02-24 01:52:14,730399,6630
Q12199,HIV/AIDS,mni,missing,,,64926,,,,730399,0
Q12199,HIV/AIDS,mr,stub,अक्वायर्ड इम्यूनो डेफिशियन्सी सिंड्रोम,3681,64926,11123,0.057,2022-11-22 00:52:17,730399,1654
Q12199,HIV/AIDS,ne,stub,एड्स,4152,64926,12397,0.064,2025-08-25 14:28:40,730399,527
Q12199,HIV/AIDS,or,stub,ଏଚଆଇଭି/ଏଡସ,1945,64926,11981,0.03,2026-09-03 00:14:34,730399,1713
Q12199,HIV/AIDS,pa,stub,ਏਡਜ਼,2133,64926,8259,0.033,2026-09-01 21:13:08,730399,1838
Q12199,HIV/AIDS,sa,stub,एइड्स्,109,64926,626,0.002,2023-03-11 07:46:34,730399,173
Q12199,HIV/AIDS,sat,missing,,,64926,,,,730399,0
Q12199,HIV/AIDS,sd,stub,ايڊز,4749,64926,9093,0.073,2026-06-28 03:06:45,730399,545
Q12199,HIV/AIDS,ta,stub,எயிட்சு,8034,64926,50572,0.124,2026-09-22 23:21:10,730399,3473
Q12199,HIV/AIDS,tcy,missing,,,64926,,,,730399,0
Q12199,HIV/AIDS,te,partial,ఎయిడ్స్,18832,64926,57374,0.29,2025-12-01 16:31:13,730399,4901
Q12199,HIV/AIDS,ur,stub,ایچ آئی وی/ایڈز,5865,64926,11245,0.09,2026-10-02 03:28:26,730399,1772
Q12202,Stroke,as,stub,ষ্ট্ৰ'ক,2423,71282,10221,0.034,2026-08-07 04:23:22,481060,258
Q12202,Stroke,bh,missing,,,71282,,,,481060,0
Q12202,Stroke,bn,partial,স্ট্রোক,15039,71282,76574,0.211,2026-09-23 09:54:04,481060,2075
Q12202,Stroke,gom,missing,,,71282,,,,481060,0
Q12202,Stroke,gu,missing,,,71282,,,,481060,0
Q12202,Stroke,hi,stub,स्ट्रोक,563,71282,1993,0.008,2023-11-12 13:34:09,481060,276
Q12202,Stroke,kn,missing,,,71282,,,,481060,0
Q12202,Stroke,ks,missing,,,71282,,,,481060,0
Q12202,Stroke,mai,missing,,,71282,,,,481060,0
Q12202,Stroke,ml,stub,മസ്തിഷ്കാഘാതം,10194,71282,34618,0.143,2025-11-21 13:18:51,481060,1468
Q12202,Stroke,mni,missing,,,71282,,,,481060,0
Q12202,Stroke,mr,missing,,,71282,,,,481060,0
Q12202,Stroke,ne,stub,मस्तिष्काघात,3614,71282,10080,0.051,2018-08-04 08:19:51,481060,127
Q12202,Stroke,or,partial,ଷ୍ଟ୍ରୋକ,13030,71282,57555,0.183,2026-08-02 22:08:36,481060,200
Q12202,Stroke,pa,stub,ਸਟਰੋਕ,603,71282,2295,0.008,2020-09-16 13:43:48,481060,79
Q12202,Stroke,sa,missing,,,71282,,,,481060,0
Q12202,Stroke,sat,missing,,,71282,,,,481060,0
Q12202,Stroke,sd,stub,اڌ رنگ,792,71282,2538,0.011,2026-05-17 06:59:15,481060,81
Q12202,Stroke,ta,partial,பக்கவாதம்,11347,71282,34651,0.159,2025-10-23 22:45:54,481060,2856
Q12202,Stroke,tcy,missing,,,71282,,,,481060,0
Q12202,Stroke,te,stub,స్ట్రోక్,3169,71282,16282,0.044,2026-09-27 19:32:36,481060,0
Q12202,Stroke,ur,stub,سکتہ,1486,71282,3649,0.021,2025-01-31 16:39:05,481060,362
Q12204,Tuberculosis,as,stub,যক্ষ্মা,1995,52944,8350,0.038,2026-08-26 07:51:03,1443746,1075
Q12204,Tuberculosis,bh,missing,,,52944,,,,1443746,0
Q12204,Tuberculosis,bn,good,যক্ষ্মা,64082,52944,329385,1.0,2026-09-23 20:54:17,1443746,9803
Q12204,Tuberculosis,gom,missing,,,52944,,,,1443746,0
Q12204,Tuberculosis,gu,good,ક્ષય રોગ,42453,52944,179842,0.802,2026-09-08 21:06:16,1443746,2459
Q12204,Tuberculosis,hi,good,यक्ष्मा,30133,52944,136237,0.569,2026-09-24 10:46:17,1443746,4234
Q12204,Tuberculosis,kn,stub,ಕ್ಷಯ,5593,52944,16944,0.106,2026-03-22 21:57:43,1443746,943
Q12204,Tuberculosis,ks,stub,سِلہٕ,105,52944,474,0.002,2024-12-23 08:52:10,1443746,198
Q12204,Tuberculosis,mai,missing,,,52944,,,,1443746,0
Q12204,Tuberculosis,ml,partial,ക്ഷയം,8744,52944,31262,0.165,2026-07-16 13:12:13,1443746,4614
Q12204,Tuberculosis,mni,missing,,,52944,,,,1443746,0
Q12204,Tuberculosis,mr,partial,क्षय रोग,8818,52944,24677,0.167,2026-07-21 05:05:25,1443746,5798
Q12204,Tuberculosis,ne,stub,क्षयरोग,2732,52944,9548,0.052,2026-08-22 23:22:36,1443746,799
Q12204,Tuberculosis,or,partial,ଯକ୍ଷ୍ମା,23527,52944,84058,0.444,2026-09-22 04:24:31,1443746,1989
Q12204,Tuberculosis,pa,stub,ਟੀਬੀ,4487,52944,13187,0.085,2026-07-30 01:27:21,1443746,341
Q12204,Tuberculosis,sa,stub,क्षयरोगः,333,52944,1783,0.006,2025-03-22 06:40:43,1443746,129
Q12204,Tuberculosis,sat,stub,ᱥᱟᱦᱟᱸᱥ,1214,52944,3276,0.023,2022-08-26 13:11:43,1443746,116
Q12204,Tuberculosis,sd,stub,سلهہ,647,52944,1511,0.012,2024-04-06 14:44:47,1443746,80
Q12204,Tuberculosis,ta,partial,காச நோய்,21319,52944,80102,0.403,2026-08-18 07:26:27,1443746,8445
Q12204,Tuberculosis,tcy,missing,,,52944,,,,1443746,0
Q12204,Tuberculosis,te,stub,క్షయ,4347,52944,14555,0.082,2024-09-05 19:11:54,1443746,1424
Q12204,Tuberculosis,ur,stub,سل,1402,52944,5127,0.026,2026-08-16 00:37:05,1443746,1228
Q12206,Diabetes,as,partial,বহুমূত্ৰ ৰোগ,7894,49224,23581,0.16,2026-03-12 07:26:22,374555,1079
Q12206,Diabetes,bh,stub,शुगर रोग,3344,49224,18073,0.068,2026-08-22 23:22:43,374555,176
Q12206,Diabetes,bn,good,বহুমূত্ররোগ,66659,49224,292919,1.0,2026-09-10 21:25:37,374555,3128
Q12206,Diabetes,gom,missing,,,49224,,,,374555,0
Q12206,Diabetes,gu,stub,મધુપ્રમેહ,251,49224,1084,0.005,2023-04-28 10:11:20,374555,423
Q12206,Diabetes,hi,partial,मधुमेह,7891,49224,25564,0.16,2025-06-28 10:27:35,374555,5255
Q12206,Diabetes,kn,stub,ಮಧುಮೇಹ,4422,49224,12822,0.09,2026-03-25 07:55:41,374555,2285
Q12206,Diabetes,ks,stub,ذیابیٖطٔس,62,49224,178,0.001,2026-07-31 11:10:31,374555,91
Q12206,Diabetes,mai,missing,,,49224,,,,374555,0
Q12206,Diabetes,ml,good,പ്രമേഹം,81611,49224,250110,1.0,2026-09-17 14:57:00,374555,5983
Q12206,Diabetes,mni,missing,,,49224,,,,374555,0
Q12206,Diabetes,mr,good,मधुमेह,27470,49224,79805,0.558,2026-08-23 20:44:01,374555,2248
Q12206,Diabetes,ne,partial,मधुमेह,8322,49224,31315,0.169,2026-09-26 09:45:20,374555,718
Q12206,Diabetes,or,partial,ମଧୁମେହ,7962,49224,30192,0.162,2026-08-14 08:15:53,374555,784
Q12206,Diabetes,pa,partial,ਸ਼ੱਕਰ ਰੋਗ,14863,49224,39626,0.302,2026-03-12 07:21:55,374555,286
Q12206,Diabetes,sa,stub,मधुमेहः,2050,49224,7648,0.042,2023-12-03 00:49:39,374555,185
Q12206,Diabetes,sat,missing,,,49224,,,,374555,0
Q12206,Diabetes,sd,stub,ذيابيطس (شوگر),1633,49224,11518,0.033,2026-08-21 05:25:56,374555,104
Q12206,Diabetes,ta,partial,நீரிழிவு நோய்,8312,49224,36020,0.169,2026-09-23 01:34:57,374555,6126
Q12206,Diabetes,tcy,missing,,,49224,,,,374555,0
Q12206,Diabetes,te,partial,మధుమేహం,19004,49224,59961,0.386,2026-09-27 11:09:20,374555,2610
Q12206,Diabetes,ur,stub,ذیابیطس,5383,49224,12326,0.109,2026-05-03 19:01:09,374555,1182
Q12214,Smallpox,as,stub,বৰআই,2746,34138,16011,0.08,2026-08-26 08:29:25,908111,376
Q12214,Smallpox,bh,missing,,,34138,,,,908111,0
Q12214,Smallpox,bn,stub,গুটিবসন্ত,1656,34138,6418,0.049,2024-11-09 02:30:28,908111,1058
Q12214,Smallpox,gom,missing,,,34138,,,,908111,0
Q12214,Smallpox,gu,stub,શીતળા,1787,34138,10547,0.052,2026-09-08 21:29:35,908111,1085
Q12214,Smallpox,hi,partial,चेचक,8775,34138,24730,0.257,2024-12-11 17:04:06,908111,3377
Q12214,Smallpox,kn,partial,ಸಣ್ಣ ಸಿಡುಬು,8712,34138,31615,0.255,2026-03-26 05:25:41,908111,531
Q12214,Smallpox,ks,stub,شُتٕلؠ,878,34138,1675,0.026,2026-08-20 18:02:14,908111,63
Q12214,Smallpox,mai,missing,,,34138,,,,908111,0
Q12214,Smallpox,ml,partial,വസൂരി,7456,34138,33971,0.218,2026-08-20 23:09:29,908111,1656
Q12214,Smallpox,mni,missing,,,34138,,,,908111,0
Q12214,Smallpox,mr,stub,देवी (रोग),1638,34138,6125,0.048,2025-06-25 03:56:30,908111,1556
Q12214,Smallpox,ne,stub,बिफर,1192,34138,6579,0.035,2026-08-22 22:44:43,908111,282
Q12214,Smallpox,or,stub,ବସନ୍ତ ରୋଗ,2020,34138,13774,0.059,2026-08-14 07:36:49,908111,492
Q12214,Smallpox,pa,stub,ਚੇਚਕ,269,34138,2350,0.008,2023-12-29 23:27:27,908111,159
Q12214,Smallpox,sa,stub,मसूरिका,25,34138,591,0.001,2018-03-14 15:07:25,908111,111
Q12214,Smallpox,sat,stub,ᱵᱚᱥᱚᱱ,2121,34138,4425,0.062,2023-10-07 03:00:19,908111,84
Q12214,Smallpox,sd,stub,ماتا (بيماري),384,34138,5137,0.011,2026-01-26 17:50:57,908111,72
Q12214,Smallpox,ta,partial,பெரியம்மை,9371,34138,27612,0.275,2026-07-04 08:26:07,908111,1614
Q12214,Smallpox,tcy,stub,ಎಲ್ಯ ಸಿಡ್ಬು,2997,34138,10816,0.088,2025-11-08 04:18:17,908111,106
Q12214,Smallpox,te,stub,మశూచి,2574,34138,7466,0.075,2025-01-17 03:10:01,908111,911
Q12214,Smallpox,ur,stub,چیچک,3457,34138,8367,0.101,2026-09-28 17:54:11,908111,716
Q122224,Birth control,as,stub,জন্ম নিয়ন্ত্ৰণ,2856,47981,21644,0.06,2026-08-06 23:34:10,127495,439
Q122224,Birth control,bh,missing,,,47981,,,,127495,0
Q122224,Birth control,bn,partial,জন্মনিয়ন্ত্রণ,9008,47981,56710,0.188,2026-06-23 21:21:34,127495,2753
Q122224,Birth control,gom,missing,,,47981,,,,127495,0
Q122224,Birth control,gu,stub,ગર્ભનિરોધ,3104,47981,13503,0.065,2026-09-09 04:50:03,127495,710
Q122224,Birth control,hi,good,संततिनिरोध,31617,47981,153129,0.659,2026-07-03 13:57:19,127495,1003
Q122224,Birth control,kn,stub,ಸಂತಾನ ನಿಯಂತ್ರಣ,3594,47981,12216,0.075,2026-03-26 04:54:31,127495,226
Q122224,Birth control,ks,missing,,,47981,,,,127495,0
Q122224,Birth control,mai,missing,,,47981,,,,127495,0
Q122224,Birth control,ml,stub,ജനന നിയന്ത്രണം,5210,47981,25273,0.109,2026-07-09 19:57:44,127495,237
Q122224,Birth control,mni,missing,,,47981,,,,127495,0
Q122224,Birth control,mr,stub,संततिनियमन,6006,47981,16971,0.125,2024-10-14 20:35:27,127495,385
Q122224,Birth control,ne,stub,गर्भनिरोध,3481,47981,22564,0.073,2026-08-08 23:26:02,127495,138
Q122224,Birth control,or,stub,ଜନ୍ମ ନିରୋଧ,2833,47981,17323,0.059,2026-08-02 19:53:29,127495,121
Q122224,Birth control,pa,stub,ਸੰਤਾਨ ਸੰਜਮ,1731,47981,10803,0.036,2022-10-10 20:06:21,127495,90
Q122224,Birth control,sa,missing,,,47981,,,,127495,0
Q122224,Birth control,sat,missing,,,47981,,,,127495,0
Q122224,Birth control,sd,missing,,,47981,,,,127495,0
Q122224,Birth control,ta,partial,கருத்தடை,12527,47981,53292,0.261,2026-06-23 19:12:03,127495,1256
Q122224,Birth control,tcy,missing,,,47981,,,,127495,0
Q122224,Birth control,te,stub,గర్భనియంత్రణ,3330,47981,19798,0.069,2026-06-22 22:56:30,127495,238
Q122224,Birth control,ur,stub,مانع حمل,3038,47981,18830,0.063,2026-08-06 05:23:43,127495,477
Q1229911,Food security,as,missing,,,71795,,,,65576,0
Q1229911,Food security,bh,missing,,,71795,,,,65576,0
Q1229911,Food security,bn,stub,খাদ্য নিরাপত্তা,4943,71795,19415,0.069,2026-09-06 11:05:58,65576,1219
Q1229911,Food security,gom,missing,,,71795,,,,65576,0
Q1229911,Food security,gu,good,આહાર સુરક્ષા,38764,71795,137176,0.54,2026-09-08 17:52:34,65576,203
Q1229911,Food security,hi,stub,खाद्य सुरक्षा,419,71795,1417,0.006,2025-06-27 10:10:22,65576,1230
Q1229911,Food security,kn,missing,,,71795,,,,65576,0
Q1229911,Food security,ks,missing,,,71795,,,,65576,0
Q1229911,Food security,mai,missing,,,71795,,,,65576,0
Q1229911,Food security,ml,stub,ഭക്ഷ്യ സുരക്ഷ,1462,71795,4471,0.02,2025-02-14 15:01:49,65576,927
Q1229911,Food security,mni,missing,,,71795,,,,65576,0
Q1229911,Food security,mr,missing,,,71795,,,,65576,0
Q1229911,Food security,ne,missing,,,71795,,,,65576,0
Q1229911,Food security,or,missing,,,71795,,,,65576,0
Q1229911,Food security,pa,missing,,,71795,,,,65576,0
Q1229911,Food security,sa,missing,,,71795,,,,65576,0
Q1229911,Food security,sat,stub,ᱡᱚᱢᱟᱜ ᱨᱩᱠᱷᱤᱭᱟᱹ,3061,71795,13282,0.043,2026-08-12 20:06:46,65576,16
Q1229911,Food security,sd,missing,,,71795,,,,65576,0
Q1229911,Food security,ta,missing,,,71795,,,,65576,0
Q1229911,Food security,tcy,missing,,,71795,,,,65576,0
Q1229911,Food security,te,missing,,,71795,,,,65576,0
Q1229911,Food security,ur,stub,غذائی سلامتی,1902,71795,4986,0.026,2026-04-24 02:42:08,65576,99
Q1229994,Paranoia,as,missing,,,20313,,,,164380,0
Q1229994,Paranoia,bh,missing,,,20313,,,,164380,0
Q1229994,Paranoia,bn,stub,ভ্রম-বাতুলতা,1273,20313,5579,0.063,2024-12-20 16:38:20,164380,83
Q1229994,Paranoia,gom,missing,,,20313,,,,164380,0
Q1229994,Paranoia,gu,missing,,,20313,,,,164380,0
Q1229994,Paranoia,hi,partial,संविभ्रम,4228,20313,9887,0.208,2025-02-03 02:04:33,164380,138
Q1229994,Paranoia,kn,missing,,,20313,,,,164380,0
Q1229994,Paranoia,ks,missing,,,20313,,,,164380,0
Q1229994,Paranoia,mai,missing,,,20313,,,,164380,0
Q1229994,Paranoia,ml,stub,പാരനോയ,720,20313,2939,0.035,2023-03-24 03:12:39,164380,149
Q1229994,Paranoia,mni,missing,,,20313,,,,164380,0
Q1229994,Paranoia,mr,missing,,,20313,,,,164380,0
Q1229994,Paranoia,ne,missing,,,20313,,,,164380,0
Q1229994,Paranoia,or,missing,,,20313,,,,164380,0
Q1229994,Paranoia,pa,missing,,,20313,,,,164380,0
Q1229994,Paranoia,sa,missing,,,20313,,,,164380,0
Q1229994,Paranoia,sat,missing,,,20313,,,,164380,0
Q1229994,Paranoia,sd,missing,,,20313,,,,164380,0
Q1229994,Paranoia,ta,stub,ஐயப்பித்து,1740,20313,5963,0.086,2024-12-13 07:07:04,164380,141
Q1229994,Paranoia,tcy,missing,,,20313,,,,164380,0
Q1229994,Paranoia,te,missing,,,20313,,,,164380,0
Q1229994,Paranoia,ur,stub,زَوَر,2134,20313,5438,0.105,2026-09-23 12:53:01,164380,230
Q125367,Carbon monoxide poisoning,as,missing,,,38947,,,,195590,0
Q125367,Carbon monoxide poisoning,bh,missing,,,38947,,,,195590,0
Q125367,Carbon monoxide poisoning,bn,stub,কার্বন মনোক্সাইড বিষক্রিয়া,2009,38947,9821,0.052,2023-07-10 07:11:23,195590,272
Q125367,Carbon monoxide poisoning,gom,missing,,,38947,,,,195590,0
Q125367,Carbon monoxide poisoning,gu,missing,,,38947,,,,195590,0
Q125367,Carbon monoxide poisoning,hi,stub,कार्बन मोनोक्साइड विषाक्तता,694,38947,4985,0.018,2024-07-24 18:55:41,195590,189
Q125367,Carbon monoxide poisoning,kn,partial,ಇಂಗಾಲದ ಮಾನಾಕ್ಸೈಡ್ ವಿಷವೇರಿಕೆ,7295,38947,21557,0.187,2026-08-07 16:21:47,195590,132
Q125367,Carbon monoxide poisoning,ks,missing,,,38947,,,,195590,0
Q125367,Carbon monoxide poisoning,mai,missing,,,38947,,,,195590,0
Q125367,Carbon monoxide poisoning,ml,missing,,,38947,,,,195590,0
Q125367,Carbon monoxide poisoning,mni,missing,,,38947,,,,195590,0
Q125367,Carbon monoxide poisoning,mr,missing,,,38947,,,,195590,0
Q125367,Carbon monoxide poisoning,ne,missing,,,38947,,,,195590,0
Q125367,Carbon monoxide poisoning,or,stub,କାର୍ବନ ମୋନୋକ୍ସାଇଡ ବିଷକ୍ରିୟା,2963,38947,16405,0.076,2026-08-02 17:53:23,195590,128
Q125367,Carbon monoxide poisoning,pa,missing,,,38947,,,,195590,0
Q125367,Carbon monoxide poisoning,sa,missing,,,38947,,,,195590,0
Q125367,Carbon monoxide poisoning,sat,missing,,,38947,,,,195590,0
Q125367,Carbon monoxide poisoning,sd,missing,,,38947,,,,195590,0
Q125367,Carbon monoxide poisoning,ta,stub,கார்பன் மோனாக்சைடு நஞ்சு,4472,38947,18831,0.115,2025-10-23 19:12:28,195590,165
Q125367,Carbon monoxide poisoning,tcy,missing,,,38947,,,,195590,0
Q125367,Carbon monoxide poisoning,te,missing,,,38947,,,,195590,0
Q125367,Carbon monoxide poisoning,ur,missing,,,38947,,,,195590,0
Q125928,Climate change,as,stub,জলবায়ু পৰিৱৰ্তন,4082,63899,178781,0.064,2026-09-23 08:17:22,762048,2786
Q125928,Climate change,bh,stub,जलवायु बदलाव,2864,63899,11045,0.045,2026-09-12 04:10:22,762048,317
Q125928,Climate change,bn,good,জলবায়ু পরিবর্তন,64032,63899,314072,1.0,2026-07-21 10:55:15,762048,6963
Q125928,Climate change,gom,missing,,,63899,,,,762048,0
Q125928,Climate change,gu,partial,વૈશ્વિક આબોહવા પરિવર્તન,31565,63899,1649631,0.494,2026-09-08 19:17:25,762048,1078
Q125928,Climate change,hi,partial,जलवायु परिवर्तन,10057,63899,35007,0.157,2025-04-21 21:19:44,762048,11688
Q125928,Climate change,kn,partial,ವಾಯುಗುಣ ಬದಲಾವಣೆ,10785,63899,32100,0.169,2026-09-02 07:35:52,762048,846
Q125928,Climate change,ks,stub,آب و ہواہٕچ تبدیٖلی,856,63899,2183,0.013,2026-05-03 18:02:02,762048,74
Q125928,Climate change,mai,missing,,,63899,,,,762048,0
Q125928,Climate change,ml,stub,കാലാവസ്ഥാവ്യതിയാനം,1905,63899,5892,0.03,2026-01-17 04:15:48,762048,5720
Q125928,Climate change,mni,missing,,,63899,,,,762048,0
Q125928,Climate change,mr,partial,हवामान बदल,13682,63899,66630,0.214,2026-09-24 00:51:12,762048,3853
Q125928,Climate change,ne,stub,जलवायु परिवर्तन,9337,63899,30654,0.146,2026-09-26 03:55:49,762048,4512
Q125928,Climate change,or,missing,,,63899,,,,762048,0
Q125928,Climate change,pa,stub,ਜਲਵਾਯੂ ਤਬਦੀਲੀ,2213,63899,11687,0.035,2026-08-24 08:34:10,762048,378
Q125928,Climate change,sa,missing,,,63899,,,,762048,0
Q125928,Climate change,sat,missing,,,63899,,,,762048,0
Q125928,Climate change,sd,stub,موسمياتي تبديلي,1480,63899,2948,0.023,2026-02-13 17:06:44,762048,49
Q125928,Climate change,ta,partial,காலநிலை மாற்றம்,21226,63899,77561,0.332,2026-09-16 13:16:20,762048,2983
Q125928,Climate change,tcy,missing,,,63899,,,,762048,0
Q125928,Climate change,te,missing,,,63899,,,,762048,0
Q125928,Climate change,ur,missing,,,63899,,,,762048,0
Q12705,Renewable energy,as,stub,নবীকৰণীয় শক্তি,2061,58829,9097,0.035,2026-04-23 23:23:55,247225,449
Q12705,Renewable energy,bh,missing,,,58829,,,,247225,0
Q12705,Renewable energy,bn,partial,নবায়নযোগ্য শক্তি,11817,58829,37811,0.201,2026-07-12 05:08:30,247225,2918
Q12705,Renewable energy,gom,missing,,,58829,,,,247225,0
Q12705,Renewable energy,gu,missing,,,58829,,,,247225,0
Q12705,Renewable energy,hi,stub,अक्षय ऊर्जा,2887,58829,10676,0.049,2024-09-14 15:54:41,247225,2148
Q12705,Renewable energy,kn,missing,,,58829,,,,247225,0
Q12705,Renewable energy,ks,missing,,,58829,,,,247225,0
Q12705,Renewable energy,mai,missing,,,58829,,,,247225,0
Q12705,Renewable energy,ml,stub,പുനരുപയോഗ ഊർജ്ജങ്ങൾ,1490,58829,5469,0.025,2020-05-31 06:16:52,247225,658
Q12705,Renewable energy,mni,missing,,,58829,,,,247225,0
Q12705,Renewable energy,mr,stub,अपारंपरिक ऊर्जास्रोत,4754,58829,13350,0.081,2024-09-14 08:41:16,247225,1420
Q12705,Renewable energy,ne,stub,नविकरणीय उर्जा,393,58829,4153,0.007,2026-05-30 06:22:26,247225,529
Q12705,Renewable energy,or,missing,,,58829,,,,247225,0
Q12705,Renewable energy,pa,stub,ਨਵਿਆਉਣਯੋਗ ਊਰਜਾ,671,58829,2634,0.011,2022-05-27 08:30:00,247225,674
Q12705,Renewable energy,sa,missing,,,58829,,,,247225,0
Q12705,Renewable energy,sat,missing,,,58829,,,,247225,0
Q12705,Renewable energy,sd,stub,قابل تجديد توانائي,3876,58829,12381,0.066,2026-04-22 00:00:10,247225,108
Q12705,Renewable energy,ta,stub,புதுப்பிக்கத்தக்க ஆற்றல்,6455,58829,27209,0.11,2022-10-15 06:29:37,247225,1754
Q12705,Renewable energy,tcy,missing,,,58829,,,,247225,0
Q12705,Renewable energy,te,missing,,,58829,,,,247225,0
Q12705,Renewable energy,ur,stub,قابل تجدید توانائی,3512,58829,6993,0.06,2024-01-14 08:02:40,247225,404
Q127076,Vomiting,as,missing,,,16710,,,,176436,0
Q127076,Vomiting,bh,missing,,,16710,,,,176436,0
Q127076,Vomiting,bn,partial,বমি,4107,16710,11765,0.246,2024-09-22 02:37:38,176436,854
Q127076,Vomiting,gom,missing,,,16710,,,,176436,0
Q127076,Vomiting,gu,missing,,,16710,,,,176436,0
Q127076,Vomiting,hi,stub,उल्टी,449,16710,1633,0.027,2022-08-08 16:38:34,176436,869
Q127076,Vomiting,kn,partial,ವಾಂತಿ,3217,16710,12899,0.193,2026-08-08 03:14:00,176436,179
Q127076,Vomiting,ks,stub,دُرٛۄکھ,123,16710,482,0.007,2024-04-23 18:00:39,176436,53
Q127076,Vomiting,mai,missing,,,16710,,,,176436,0
Q127076,Vomiting,ml,stub,ഛർദ്ദി,1265,16710,3921,0.076,2014-07-28 17:29:35,176436,475
Q127076,Vomiting,mni,missing,,,16710,,,,176436,0
Q127076,Vomiting,mr,stub,उलटी,93,16710,329,0.006,2021-08-21 07:17:28,176436,144
Q127076,Vomiting,ne,stub,बान्ता,1690,16710,6914,0.101,2026-03-20 15:29:16,176436,44
Q127076,Vomiting,or,stub,ବାନ୍ତି,1299,16710,7750,0.078,2024-04-26 10:46:56,176436,205
Q127076,Vomiting,pa,stub,ਕੈ,1306,16710,4210,0.078,2019-05-04 13:34:17,176436,76
Q127076,Vomiting,sa,missing,,,16710,,,,176436,0
Q127076,Vomiting,sat,missing,,,16710,,,,176436,0
Q127076,Vomiting,sd,stub,الٽي,190,16710,602,0.011,2020-11-28 15:28:03,176436,53
Q127076,Vomiting,ta,stub,வாந்தி,1283,16710,5623,0.077,2025-07-31 11:19:37,176436,374
Q127076,Vomiting,tcy,stub,ಕಕ್ಕುನೆ,2106,16710,6356,0.126,2026-08-13 02:35:56,176436,118
Q127076,Vomiting,te,stub,వాంతి,1791,16710,5740,0.107,2024-11-25 07:26:33,176436,325
Q127076,Vomiting,ur,stub,قے,1601,16710,4329,0.096,2026-07-29 02:25:36,176436,148
Q12725,Electricity,as,stub,বিদ্যুৎ,1247,43194,3987,0.029,2022-11-30 19:28:36,372844,796
Q12725,Electricity,bh,stub,बिजली,407,43194,1386,0.009,2023-06-03 18:31:25,372844,172
Q12725,Electricity,bn,stub,তড়িৎ,3970,43194,11121,0.092,2025-09-08 00:31:33,372844,2692
Q12725,Electricity,gom,stub,वीज,2678,43194,7290,0.062,2021-03-14 08:07:06,372844,170
Q12725,Electricity,gu,stub,વીજળી,2245,43194,7808,0.052,2022-02-12 05:15:16,372844,866
Q12725,Electricity,hi,partial,विद्युत,10538,43194,27186,0.244,2025-09-15 06:10:38,372844,10636
Q12725,Electricity,kn,stub,ವಿದ್ಯುಚ್ಛಕ್ತಿ,4244,43194,12854,0.098,2026-03-25 23:01:30,372844,1893
Q12725,Electricity,ks,missing,,,43194,,,,372844,0
Q12725,Electricity,mai,missing,,,43194,,,,372844,0
Q12725,Electricity,ml,partial,വൈദ്യുതി,10568,43194,38670,0.245,2026-05-09 15:55:39,372844,1483
Q12725,Electricity,mni,missing,,,43194,,,,372844,0
Q12725,Electricity,mr,stub,वीज,996,43194,3703,0.023,2026-03-08 19:11:15,372844,836
Q12725,Electricity,ne,stub,विद्युत,3270,43194,8734,0.076,2026-05-30 07:14:55,372844,491
Q12725,Electricity,or,stub,ବିଦ୍ୟୁତ,406,43194,1365,0.009,2022-02-14 16:33:33,372844,211
Q12725,Electricity,pa,stub,ਬਿਜਲੀ,392,43194,1245,0.009,2015-11-16 17:40:50,372844,387
Q12725,Electricity,sa,missing,,,43194,,,,372844,0
Q12725,Electricity,sat,missing,,,43194,,,,372844,0
Q12725,Electricity,sd,stub,بجلي,3750,43194,7830,0.087,2026-06-09 08:20:42,372844,121
Q12725,Electricity,ta,partial,மின்சாரம்,8118,43194,28196,0.188,2025-03-21 16:55:00,372844,2862
Q12725,Electricity,tcy,missing,,,43194,,,,372844,0
Q12725,Electricity,te,good,విద్యుత్తు,29849,43194,73044,0.691,2026-05-31 23:57:44,372844,2171
Q12725,Electricity,ur,stub,برق,385,43194,1438,0.009,2025-02-25 05:36:35,372844,757
Q127724,Cataract,as,missing,,,21299,,,,232105,0
Q127724,Cataract,bh,missing,,,21299,,,,232105,0
Q127724,Cataract,bn,partial,ছানি,4325,21299,18724,0.203,2026-06-30 13:58:04,232105,669
Q127724,Cataract,gom,missing,,,21299,,,,232105,0
Q127724,Cataract,gu,missing,,,21299,,,,232105,0
Q127724,Cataract,hi,stub,मोतियाबिंद,2342,21299,7463,0.11,2024-02-28 06:52:06,232105,913
Q127724,Cataract,kn,stub,ಮೋತಿಬಿಂದು,1480,21299,4353,0.069,2026-03-25 13:48:42,232105,127
Q127724,Cataract,ks,missing,,,21299,,,,232105,0
Q127724,Cataract,mai,missing,,,21299,,,,232105,0
Q127724,Cataract,ml,stub,തിമിരം,1007,21299,3898,0.047,2022-10-18 15:49:00,232105,989
Q127724,Cataract,mni,missing,,,21299,,,,232105,0
Q127724,Cataract,mr,stub,मोतीबिंदू,2459,21299,6679,0.115,2022-03-27 17:23:14,232105,455
Q127724,Cataract,ne,partial,मोतिबिन्दु,3602,21299,16429,0.169,2026-09-26 10:24:47,232105,175
Q127724,Cataract,or,partial,ପରଳ,7226,21299,33960,0.339,2026-08-02 17:19:18,232105,115
Q127724,Cataract,pa,stub,ਮੋਤੀਆਬਿੰਦ,713,21299,1928,0.033,2024-09-20 02:50:21,232105,71
Q127724,Cataract,sa,missing,,,21299,,,,232105,0
Q127724,Cataract,sat,missing,,,21299,,,,232105,0
Q127724,Cataract,sd,stub,اک جو موتيو,246,21299,2369,0.012,2025-06-19 11:51:24,232105,55
Q127724,Cataract,ta,good,கண்புரை நோய்,10837,21299,39723,0.509,2026-06-23 21:43:15,232105,1637
Q127724,Cataract,tcy,missing,,,21299,,,,232105,0
Q127724,Cataract,te,partial,శుక్లము,7941,21299,19967,0.373,2024-02-18 12:04:12,232105,753
Q127724,Cataract,ur,stub,سفیدموتیا,1336,21299,3398,0.063,2026-07-03 13:30:03,232105,301
Q1285406,Indian passport,as,missing,,,17416,,,,126863,0
Q1285406,Indian passport,bh,missing,,,17416,,,,126863,0
Q1285406,Indian passport,bn,stub,ভারতীয় পাসপোর্ট,754,17416,5513,0.043,2026-06-16 02:24:37,126863,673
Q1285406,Indian passport,gom,missing,,,17416,,,,126863,0
Q1285406,Indian passport,gu,missing,,,17416,,,,126863,0
Q1285406,Indian passport,hi,stub,भारतीय पारपत्र,359,17416,3406,0.021,2023-06-30 17:37:23,126863,931
Q1285406,Indian passport,kn,missing,,,17416,,,,126863,0
Q1285406,Indian passport,ks,missing,,,17416,,,,126863,0
Q1285406,Indian passport,mai,missing,,,17416,,,,126863,0
Q1285406,Indian passport,ml,partial,ഇന്ത്യൻ പാസ്പോർട്ട്,4525,17416,12494,0.26,2025-06-08 19:19:15,126863,394
Q1285406,Indian passport,mni,missing,,,17416,,,,126863,0
Q1285406,Indian passport,mr,stub,भारतीय पारपत्र,1905,17416,8395,0.109,2025-07-24 05:09:04,126863,189
Q1285406,Indian passport,ne,missing,,,17416,,,,126863,0
Q1285406,Indian passport,or,missing,,,17416,,,,126863,0
Q1285406,Indian passport,pa,stub,ਭਾਰਤੀ ਪਾਸਪੋਰਟ,1176,17416,5418,0.068,2025-06-12 03:33:32,126863,115
Q1285406,Indian passport,sa,missing,,,17416,,,,126863,0
Q1285406,Indian passport,sat,missing,,,17416,,,,126863,0
Q1285406,Indian passport,sd,missing,,,17416,,,,126863,0
Q1285406,Indian passport,ta,partial,இந்தியக் கடவுச்சீட்டு,2754,17416,12343,0.158,2026-09-06 10:45:25,126863,0
Q1285406,Indian passport,tcy,missing,,,17416,,,,126863,0
Q1285406,Indian passport,te,missing,,,17416,,,,126863,0
Q1285406,Indian passport,ur,stub,بھارتی پاسپورٹ,1017,17416,3404,0.058,2026-04-29 13:05:51,126863,220
Q128581,Breast cancer,as,stub,স্তন কেন্সাৰ,4265,62396,23176,0.068,2026-08-26 06:05:35,204332,940
Q128581,Breast cancer,bh,missing,,,62396,,,,204332,0
Q128581,Breast cancer,bn,stub,স্তন ক্যান্সার,3437,62396,14780,0.055,2025-11-04 13:36:00,204332,970
Q128581,Breast cancer,gom,missing,,,62396,,,,204332,0
Q128581,Breast cancer,gu,missing,,,62396,,,,204332,0
Q128581,Breast cancer,hi,stub,स्तन कैन्सर,3348,62396,15367,0.054,2025-11-04 13:34:29,204332,440
Q128581,Breast cancer,kn,stub,ಸ್ತನ ಕ್ಯಾನ್ಸರ್,3368,62396,12181,0.054,2026-08-11 11:10:30,204332,619
Q128581,Breast cancer,ks,missing,,,62396,,,,204332,0
Q128581,Breast cancer,mai,stub,स्तन क्यान्सर,2315,62396,12203,0.037,2026-08-26 19:20:41,204332,105
Q128581,Breast cancer,ml,stub,സ്തനാർബുദം,4781,62396,17153,0.077,2023-01-26 08:49:05,204332,1493
Q128581,Breast cancer,mni,missing,,,62396,,,,204332,0
Q128581,Breast cancer,mr,stub,स्तनाचा कर्करोग,4113,62396,12930,0.066,2023-11-07 04:42:02,204332,1805
Q128581,Breast cancer,ne,partial,स्तन क्यान्सर,11139,62396,31963,0.179,2025-11-04 13:50:11,204332,345
Q128581,Breast cancer,or,stub,ସ୍ତନ କର୍କଟ,2358,62396,11553,0.038,2026-08-14 03:40:04,204332,246
Q128581,Breast cancer,pa,stub,ਛਾਤੀ ਦਾ ਕੈਂਸਰ,2614,62396,8224,0.042,2023-07-18 11:01:08,204332,206
Q128581,Breast cancer,sa,missing,,,62396,,,,204332,0
Q128581,Breast cancer,sat,missing,,,62396,,,,204332,0
Q128581,Breast cancer,sd,partial,ڇاتين جو سرطان,11764,62396,22191,0.189,2024-10-31 10:10:40,204332,66
Q128581,Breast cancer,ta,good,மார்பகப் புற்றுநோய்,42411,62396,157911,0.68,2026-06-24 07:19:01,204332,3632
Q128581,Breast cancer,tcy,stub,ಮಿರೆ ಕ್ಯಾನ್ಸರ್,3955,62396,14718,0.063,2025-11-08 10:38:24,204332,86
Q128581,Breast cancer,te,stub,రొమ్ము కాన్సర్,2756,62396,8736,0.044,2024-11-12 15:42:40,204332,303
Q128581,Breast cancer,ur,stub,سرطان پستان,943,62396,3711,0.015,2025-03-25 09:16:00,204332,185
Q129279,Dysentery,as,missing,,,16690,,,,577576,0
Q129279,Dysentery,bh,missing,,,16690,,,,577576,0
Q129279,Dysentery,bn,good,আমাশয়,11303,16690,46778,0.677,2026-09-22 21:17:25,577576,4733
Q129279,Dysentery,gom,missing,,,16690,,,,577576,0
Q129279,Dysentery,gu,missing,,,16690,,,,577576,0
Q129279,Dysentery,hi,partial,पेचिश,5712,16690,14756,0.342,2025-09-12 14:00:02,577576,1089
Q129279,Dysentery,kn,missing,,,16690,,,,577576,0
Q129279,Dysentery,ks,missing,,,16690,,,,577576,0
Q129279,Dysentery,mai,missing,,,16690,,,,577576,0
Q129279,Dysentery,ml,stub,വയറുകടി,1205,16690,5705,0.072,2024-12-11 13:23:52,577576,1100
Q129279,Dysentery,mni,missing,,,16690,,,,577576,0
Q129279,Dysentery,mr,missing,,,16690,,,,577576,0
Q129279,Dysentery,ne,stub,आउँ,1377,16690,5618,0.083,2026-09-26 00:17:51,577576,418
Q129279,Dysentery,or,stub,ଆମାଶୟ,1679,16690,9319,0.101,2025-10-02 01:47:50,577576,88
Q129279,Dysentery,pa,missing,,,16690,,,,577576,0
Q129279,Dysentery,sa,stub,अन्नगन्धिः,93,16690,1353,0.006,2023-09-30 19:26:30,577576,58
Q129279,Dysentery,sat,missing,,,16690,,,,577576,0
Q129279,Dysentery,sd,missing,,,16690,,,,577576,0
Q129279,Dysentery,ta,partial,இரத்தக்கழிசல்,3166,16690,10159,0.19,2026-06-15 17:43:48,577576,1060
Q129279,Dysentery,tcy,missing,,,16690,,,,577576,0
Q129279,Dysentery,te,stub,రక్త విరేచనాలు,1717,16690,10060,0.103,2026-09-16 12:03:35,577576,0
Q129279,Dysentery,ur,stub,پیچش,958,16690,2162,0.057,2025-06-15 04:20:05,577576,500
Q130741,Hallucination,as,missing,,,30830,,,,202146,0
Q130741,Hallucination,bh,missing,,,30830,,,,202146,0
Q130741,Hallucination,bn,good,অমূলক প্রত্যক্ষণ বিভ্রম,25565,30830,92662,0.829,2026-09-22 22:04:55,202146,593
Q130741,Hallucination,gom,missing,,,30830,,,,202146,0
Q130741,Hallucination,gu,missing,,,30830,,,,202146,0
Q130741,Hallucination,hi,stub,विभ्रांति,178,30830,476,0.006,2024-07-23 02:08:54,202146,140
Q130741,Hallucination,kn,partial,ಭ್ರಮೆ,12431,30830,44908,0.403,2026-08-12 04:59:46,202146,661
Q130741,Hallucination,ks,missing,,,30830,,,,202146,0
Q130741,Hallucination,mai,missing,,,30830,,,,202146,0
Q130741,Hallucination,ml,partial,ഹാലൂസിനേഷൻ,10551,30830,42829,0.342,2026-07-09 20:26:55,202146,535
Q130741,Hallucination,mni,missing,,,30830,,,,202146,0
Q130741,Hallucination,mr,stub,भास (मानसिक),111,30830,379,0.004,2013-04-06 19:47:44,202146,69
Q130741,Hallucination,ne,missing,,,30830,,,,202146,0
Q130741,Hallucination,or,stub,ହାଲୁସିନେସନ,1244,30830,6783,0.04,2023-02-13 00:09:44,202146,83
Q130741,Hallucination,pa,missing,,,30830,,,,202146,0
Q130741,Hallucination,sa,missing,,,30830,,,,202146,0
Q130741,Hallucination,sat,missing,,,30830,,,,202146,0
Q130741,Hallucination,sd,missing,,,30830,,,,202146,0
Q130741,Hallucination,ta,stub,மாயத்தோற்றம்,2397,30830,8240,0.078,2024-09-30 06:55:24,202146,670
Q130741,Hallucination,tcy,missing,,,30830,,,,202146,0
Q130741,Hallucination,te,missing,,,30830,,,,202146,0
Q130741,Hallucination,ur,partial,واہمہ,4801,30830,9679,0.156,2025-03-26 03:19:05,202146,300
Q13114450,"Protection of Children from Sexual Offences Act, 2012",as,partial,যৌন অপৰাধৰ পৰা শিশুক সুৰক্ষা প্ৰদান আইন,4177,9560,15261,0.437,2024-11-24 08:50:47,35724,2163
Q13114450,"Protection of Children from Sexual Offences Act, 2012",bh,missing,,,9560,,,,35724,0
Q13114450,"Protection of Children from Sexual Offences Act, 2012",bn,good,যৌন অপরাধ বিরোধী শিশু সুরক্ষা আইন,11404,9560,52274,1.0,2026-09-28 05:43:19,35724,2201
Q13114450,"Protection of Children from Sexual Offences Act, 2012",gom,missing,,,9560,,,,35724,0
Q13114450,"Protection of Children from Sexual Offences Act, 2012",gu,missing,,,9560,,,,35724,0
Q13114450,"Protection of Children from Sexual Offences Act, 2012",hi,stub,भारत के बाल लैंगिक अत्याचार क़ानून,915,9560,3630,0.096,2023-06-10 15:54:07,35724,1163
Q13114450,"Protection of Children from Sexual Offences Act, 2012",kn,good,ಪೋಕ್ಸೊ ಕಾಯಿದೆ,6764,9560,20441,0.708,2026-03-24 20:54:48,35724,12871
Q13114450,"Protection of Children from Sexual Offences Act, 2012",ks,missing,,,9560,,,,35724,0
Q13114450,"Protection of Children from Sexual Offences Act, 2012",mai,missing,,,9560,,,,35724,0
Q13114450,"Protection of Children from Sexual Offences Act, 2012",ml,partial,ലൈംഗികകുറ്റകൃത്യങ്ങളിൽനിന്ന് കുട്ടികളെ സംരക്ഷിക്കുന്നതിനുള്ള നിയമം 2012,3814,9560,18506,0.399,2024-02-03 16:17:15,35724,1180
Q13114450,"Protection of Children from Sexual Offences Act, 2012",mni,missing,,,9560,,,,35724,0
Q13114450,"Protection of Children from Sexual Offences Act, 2012",mr,good,पोक्सो कायदा,5778,9560,22779,0.604,2026-02-19 15:50:38,35724,17349
Q13114450,"Protection of Children from Sexual Offences Act, 2012",ne,missing,,,9560,,,,35724,0
Q13114450,"Protection of Children from Sexual Offences Act, 2012",or,missing,,,9560,,,,35724,0
Q13114450,"Protection of Children from Sexual Offences Act, 2012",pa,stub,ਭਾਰਤ ਵਿੱਚ ਬੱਚਿਆਂ ਦੇ ਜਿਨਸੀ ਸ਼ੋਸ਼ਣ ਖ਼ਿਲਾਫ ਕਾਨੂੰਨ,805,9560,2079,0.084,2023-04-14 12:23:09,35724,42
Q13114450,"Protection of Children from Sexual Offences Act, 2012",sa,missing,,,9560,,,,35724,0
Q13114450,"Protection of Children from Sexual Offences Act, 2012",sat,partial,ᱥᱤᱧᱚᱛ ᱨᱮ ᱠᱟᱹᱴᱤᱡ ᱜᱤᱫᱟᱹᱨ ᱠᱚᱣᱟᱜ ᱥᱮᱠᱥᱩᱣᱟᱞ ᱱᱷᱟᱪᱟᱨ ᱟᱹᱨᱤ,2352,9560,6882,0.246,2024-01-29 00:43:27,35724,35
Q13114450,"Protection of Children from Sexual Offences Act, 2012",sd,missing,,,9560,,,,35724,0
Q13114450,"Protection of Children from Sexual Offences Act, 2012",ta,good,"பாலியல் குற்றங்களிலிருந்து குழந்தைகளைப் பாதுகாக்கும் சட்டம் , 2012",6058,9560,18033,0.634,2025-02-14 03:31:51,35724,9610
Q13114450,"Protection of Children from Sexual Offences Act, 2012",tcy,missing,,,9560,,,,35724,0
Q13114450,"Protection of Children from Sexual Offences Act, 2012",te,partial,పోక్సో చట్టం,2008,9560,10943,0.21,2024-02-05 12:55:14,35724,11999
Q13114450,"Protection of Children from Sexual Offences Act, 2012",ur,missing,,,9560,,,,35724,0
Q13114470,Lok Adalat,as,missing,,,7180,,,,16172,0
Q13114470,Lok Adalat,bh,missing,,,7180,,,,16172,0
Q13114470,Lok Adalat,bn,missing,,,7180,,,,16172,0
Q13114470,Lok Adalat,gom,missing,,,7180,,,,16172,0
Q13114470,Lok Adalat,gu,missing,,,7180,,,,16172,0
Q13114470,Lok Adalat,hi,good,लोक अदालत,4932,7180,13106,0.687,2025-09-08 10:19:18,16172,4163
Q13114470,Lok Adalat,kn,missing,,,7180,,,,16172,0
Q13114470,Lok Adalat,ks,missing,,,7180,,,,16172,0
Q13114470,Lok Adalat,mai,missing,,,7180,,,,16172,0
Q13114470,Lok Adalat,ml,partial,ലോക് അദാലത്ത്,2874,7180,10041,0.4,2026-08-07 15:04:28,16172,400
Q13114470,Lok Adalat,mni,missing,,,7180,,,,16172,0
Q13114470,Lok Adalat,mr,missing,,,7180,,,,16172,0
Q13114470,Lok Adalat,ne,partial,लोक अदालत,3438,7180,9810,0.479,2026-09-26 11:39:42,16172,37
Q13114470,Lok Adalat,or,partial,ଲୋକ ଅଦାଲତ,2301,7180,7407,0.32,2025-12-16 00:08:20,16172,91
Q13114470,Lok Adalat,pa,stub,ਲੋਕ ਅਦਾਲਤ,594,7180,1876,0.083,2018-09-05 12:12:30,16172,156
Q13114470,Lok Adalat,sa,missing,,,7180,,,,16172,0
Q13114470,Lok Adalat,sat,missing,,,7180,,,,16172,0
Q13114470,Lok Adalat,sd,missing,,,7180,,,,16172,0
Q13114470,Lok Adalat,ta,partial,மக்கள் நீதிமன்றம்,2639,7180,8598,0.368,2024-12-31 06:52:32,16172,1922
Q13114470,Lok Adalat,tcy,stub,ಲೋಕ ಅದಲತ್,354,7180,1975,0.049,2025-11-08 10:57:47,16172,129
Q13114470,Lok Adalat,te,missing,,,7180,,,,16172,0
Q13114470,Lok Adalat,ur,missing,,,7180,,,,16172,0
Q131226,Lentil,as,missing,,,20263,,,,354202,0
Q131226,Lentil,bh,missing,,,20263,,,,354202,0
Q131226,Lentil,bn,partial,মসুর ডাল,3949,20263,11653,0.195,2026-02-01 13:22:21,354202,2606
Q131226,Lentil,gom,missing,,,20263,,,,354202,0
Q131226,Lentil,gu,partial,મસુર,4779,20263,19371,0.236,2026-08-04 01:43:59,354202,499
Q131226,Lentil,hi,partial,मसूर,7093,20263,22084,0.35,2024-12-09 11:54:51,354202,6127
Q131226,Lentil,kn,good,ಮಸೂರ ಅವರೆ,11026,20263,42415,0.544,2026-03-25 09:04:31,354202,1852
Q131226,Lentil,ks,missing,,,20263,,,,354202,0
Q131226,Lentil,mai,missing,,,20263,,,,354202,0
Q131226,Lentil,ml,missing,,,20263,,,,354202,0
Q131226,Lentil,mni,missing,,,20263,,,,354202,0
Q131226,Lentil,mr,stub,मसूर,229,20263,853,0.011,2025-01-09 16:45:17,354202,623
Q131226,Lentil,ne,stub,मुसुरो,1258,20263,4067,0.062,2020-09-02 07:33:51,354202,208
Q131226,Lentil,or,missing,,,20263,,,,354202,0
Q131226,Lentil,pa,missing,,,20263,,,,354202,0
Q131226,Lentil,sa,missing,,,20263,,,,354202,0
Q131226,Lentil,sat,stub,ᱢᱤᱥᱨᱤ ᱫᱟᱹᱞ,2057,20263,7943,0.102,2022-08-23 15:58:01,354202,81
Q131226,Lentil,sd,stub,مھري دال,490,20263,1068,0.024,2024-02-06 04:32:13,354202,55
Q131226,Lentil,ta,stub,மைசூர்ப் பருப்பு,530,20263,2671,0.026,2022-10-15 08:45:30,354202,2024
Q131226,Lentil,tcy,missing,,,20263,,,,354202,0
Q131226,Lentil,te,missing,,,20263,,,,354202,0
Q131226,Lentil,ur,missing,,,20263,,,,354202,0
Q131327,Homelessness,as,missing,,,109980,,,,121351,0
Q131327,Homelessness,bh,missing,,,109980,,,,121351,0
Q131327,Homelessness,bn,stub,গৃহহীনতা,3642,109980,25027,0.033,2025-11-09 16:04:43,121351,121
Q131327,Homelessness,gom,missing,,,109980,,,,121351,0
Q131327,Homelessness,gu,missing,,,109980,,,,121351,0
Q131327,Homelessness,hi,stub,बेघर,1761,109980,4753,0.016,2023-01-06 08:53:39,121351,177
Q131327,Homelessness,kn,missing,,,109980,,,,121351,0
Q131327,Homelessness,ks,missing,,,109980,,,,121351,0
Q131327,Homelessness,mai,missing,,,109980,,,,121351,0
Q131327,Homelessness,ml,missing,,,109980,,,,121351,0
Q131327,Homelessness,mni,missing,,,109980,,,,121351,0
Q131327,Homelessness,mr,missing,,,109980,,,,121351,0
Q131327,Homelessness,ne,missing,,,109980,,,,121351,0
Q131327,Homelessness,or,missing,,,109980,,,,121351,0
Q131327,Homelessness,pa,missing,,,109980,,,,121351,0
Q131327,Homelessness,sa,missing,,,109980,,,,121351,0
Q131327,Homelessness,sat,missing,,,109980,,,,121351,0
Q131327,Homelessness,sd,missing,,,109980,,,,121351,0
Q131327,Homelessness,ta,stub,வீடு இல்லாமை,404,109980,1187,0.004,2022-02-16 06:37:17,121351,72
Q131327,Homelessness,tcy,missing,,,109980,,,,121351,0
Q131327,Homelessness,te,missing,,,109980,,,,121351,0
Q131327,Homelessness,ur,stub,بے گھری,1166,109980,5388,0.011,2025-03-04 12:10:08,121351,110
Q131656,Pesticide,as,missing,,,39344,,,,96436,0
Q131656,Pesticide,bh,missing,,,39344,,,,96436,0
Q131656,Pesticide,bn,stub,বালাইনাশক,1527,39344,5102,0.039,2025-05-25 09:19:34,96436,228
Q131656,Pesticide,gom,partial,कीटकनाशकां,9120,39344,24271,0.232,2021-03-11 11:24:46,96436,149
Q131656,Pesticide,gu,stub,જંતુનાશક,394,39344,1389,0.01,2013-03-08 20:16:42,96436,302
Q131656,Pesticide,hi,stub,कीटनाशक,1492,39344,6814,0.038,2026-09-12 05:15:35,96436,2741
Q131656,Pesticide,kn,missing,,,39344,,,,96436,0
Q131656,Pesticide,ks,missing,,,39344,,,,96436,0
Q131656,Pesticide,mai,missing,,,39344,,,,96436,0
Q131656,Pesticide,ml,stub,ക്ഷുദ്രജീവനാശിനി,1736,39344,5949,0.044,2026-09-27 15:25:35,96436,251
Q131656,Pesticide,mni,missing,,,39344,,,,96436,0
Q131656,Pesticide,mr,missing,,,39344,,,,96436,0
Q131656,Pesticide,ne,stub,कीटनाशक,575,39344,1856,0.015,2026-03-15 09:31:35,96436,157
Q131656,Pesticide,or,missing,,,39344,,,,96436,0
Q131656,Pesticide,pa,stub,ਕੀੜੇਮਾਰ ਦਵਾਈ,3377,39344,10805,0.086,2020-09-15 09:07:40,96436,159
Q131656,Pesticide,sa,missing,,,39344,,,,96436,0
Q131656,Pesticide,sat,missing,,,39344,,,,96436,0
Q131656,Pesticide,sd,missing,,,39344,,,,96436,0
Q131656,Pesticide,ta,stub,தீங்குயிர்கொல்லி,4476,39344,17918,0.114,2026-06-24 06:38:23,96436,358
Q131656,Pesticide,tcy,missing,,,39344,,,,96436,0
Q131656,Pesticide,te,missing,,,39344,,,,96436,0
Q131656,Pesticide,ur,stub,کیڑے مار دوائیاں,798,39344,1926,0.02,2026-06-20 19:53:40,96436,217
Q131749,Anorexia,as,stub,এন'ৰেক্সিয়া নাৰ্ভ'ছা,4719,70206,24949,0.067,2026-08-26 16:48:20,66975,145
Q131749,Anorexia,bh,missing,,,70206,,,,66975,0
Q131749,Anorexia,bn,stub,খাদ্যভীতি,1053,70206,3517,0.015,2023-02-27 08:54:50,66975,98
Q131749,Anorexia,gom,missing,,,70206,,,,66975,0
Q131749,Anorexia,gu,missing,,,70206,,,,66975,0
Q131749,Anorexia,hi,partial,एनोरेक्सिया नर्वोज़ा,23381,70206,158141,0.333,2026-09-24 11:41:10,66975,839
Q131749,Anorexia,kn,partial,ಅನೋರೆಕ್ಸಿಯಾ ನರ್ವೋಸಾ,30301,70206,172019,0.432,2026-09-23 17:21:11,66975,336
Q131749,Anorexia,ks,missing,,,70206,,,,66975,0
Q131749,Anorexia,mai,missing,,,70206,,,,66975,0
Q131749,Anorexia,ml,missing,,,70206,,,,66975,0
Q131749,Anorexia,mni,missing,,,70206,,,,66975,0
Q131749,Anorexia,mr,missing,,,70206,,,,66975,0
Q131749,Anorexia,ne,missing,,,70206,,,,66975,0
Q131749,Anorexia,or,stub,ଆନୋରେକସିଆ ନର୍ଭୋସା,2948,70206,13303,0.042,2026-09-23 21:58:49,66975,70
Q131749,Anorexia,pa,missing,,,70206,,,,66975,0
Q131749,Anorexia,sa,missing,,,70206,,,,66975,0
Q131749,Anorexia,sat,missing,,,70206,,,,66975,0
Q131749,Anorexia,sd,missing,,,70206,,,,66975,0
Q131749,Anorexia,ta,partial,பசியற்ற உளநோய்,31217,70206,183896,0.445,2026-09-30 04:39:40,66975,349
Q131749,Anorexia,tcy,missing,,,70206,,,,66975,0
Q131749,Anorexia,te,stub,అనోరెక్సియా నెర్వోసా,3323,70206,17087,0.047,2026-09-27 22:20:41,66975,89
Q131749,Anorexia,ur,stub,انوریکسیا,1154,70206,2942,0.016,2024-01-14 07:04:21,66975,138
Q131755,Bipolar disorder,as,stub,বাইপ’লাৰ ৰোগ,3330,72774,22313,0.046,2026-01-23 17:47:22,1041405,312
Q131755,Bipolar disorder,bh,missing,,,72774,,,,1041405,0
Q131755,Bipolar disorder,bn,good,দ্বিপ্রান্তিক ব্যাধি,58491,72774,260419,0.804,2026-08-03 08:13:47,1041405,1183
Q131755,Bipolar disorder,gom,missing,,,72774,,,,1041405,0
Q131755,Bipolar disorder,gu,missing,,,72774,,,,1041405,0
Q131755,Bipolar disorder,hi,stub,द्विध्रुवी विकार,4175,72774,11744,0.057,2023-06-27 17:47:20,1041405,931
Q131755,Bipolar disorder,kn,stub,ದ್ವಿಧ್ರುವಿ ಅಸ್ವಸ್ಥತೆ,7206,72774,23659,0.099,2026-08-07 03:24:56,1041405,342
Q131755,Bipolar disorder,ks,missing,,,72774,,,,1041405,0
Q131755,Bipolar disorder,mai,missing,,,72774,,,,1041405,0
Q131755,Bipolar disorder,ml,stub,ബൈപോളാർ ഡിസോർഡർ,4630,72774,27964,0.064,2023-08-14 23:50:51,1041405,2199
Q131755,Bipolar disorder,mni,missing,,,72774,,,,1041405,0
Q131755,Bipolar disorder,mr,stub,बायपोलर डिसऑर्डर,5860,72774,23444,0.081,2026-08-13 21:13:55,1041405,591
Q131755,Bipolar disorder,ne,missing,,,72774,,,,1041405,0
Q131755,Bipolar disorder,or,stub,ବାଇପୋଲାର ଡିଜଅଡର,2759,72774,10199,0.038,2022-09-19 17:32:16,1041405,85
Q131755,Bipolar disorder,pa,stub,ਬਾਈਪੋਲਰ ਡਿਸਆਰਡਰ,925,72774,2722,0.013,2022-03-25 23:15:42,1041405,62
Q131755,Bipolar disorder,sa,missing,,,72774,,,,1041405,0
Q131755,Bipolar disorder,sat,missing,,,72774,,,,1041405,0
Q131755,Bipolar disorder,sd,missing,,,72774,,,,1041405,0
Q131755,Bipolar disorder,ta,stub,இருமுனையப் பிறழ்வு,4889,72774,15982,0.067,2026-01-14 11:39:26,1041405,1336
Q131755,Bipolar disorder,tcy,missing,,,72774,,,,1041405,0
Q131755,Bipolar disorder,te,stub,బైపోలార్ డిజార్డర్,1619,72774,6380,0.022,2024-09-18 15:40:20,1041405,958
Q131755,Bipolar disorder,ur,stub,بائی پولر ڈس آرڈر,4649,72774,12324,0.064,2026-09-30 19:40:38,1041405,849
Q132580,Recycling,as,missing,,,62305,,,,109047,0
Q132580,Recycling,bh,missing,,,62305,,,,109047,0
Q132580,Recycling,bn,missing,,,62305,,,,109047,0
Q132580,Recycling,gom,missing,,,62305,,,,109047,0
Q132580,Recycling,gu,good,રિસાયક્લિંગ,49897,62305,160325,0.801,2026-08-18 00:49:44,109047,1187
Q132580,Recycling,hi,good,पुनर्चक्रण,55494,62305,177315,0.891,2026-02-23 21:17:47,109047,1079
Q132580,Recycling,kn,good,ಮರುಬಳಕೆ,50784,62305,167915,0.815,2026-09-25 10:28:49,109047,1078
Q132580,Recycling,ks,missing,,,62305,,,,109047,0
Q132580,Recycling,mai,missing,,,62305,,,,109047,0
Q132580,Recycling,ml,stub,പുനരുൽപ്പാദനം,2184,62305,5861,0.035,2025-12-08 13:23:43,109047,665
Q132580,Recycling,mni,missing,,,62305,,,,109047,0
Q132580,Recycling,mr,missing,,,62305,,,,109047,0
Q132580,Recycling,ne,missing,,,62305,,,,109047,0
Q132580,Recycling,or,missing,,,62305,,,,109047,0
Q132580,Recycling,pa,stub,ਮੁੜ-ਘੁਮਾਈ,684,62305,2720,0.011,2025-09-10 19:14:49,109047,64
Q132580,Recycling,sa,missing,,,62305,,,,109047,0
Q132580,Recycling,sat,missing,,,62305,,,,109047,0
Q132580,Recycling,sd,missing,,,62305,,,,109047,0
Q132580,Recycling,ta,stub,மீளுருவாக்கம்,995,62305,3582,0.016,2017-01-14 17:43:35,109047,339
Q132580,Recycling,tcy,missing,,,62305,,,,109047,0
Q132580,Recycling,te,stub,రీసైక్లింగ్,1207,62305,4690,0.019,2024-12-02 17:57:57,109047,183
Q132580,Recycling,ur,missing,,,62305,,,,109047,0
Q133076,Hernia,as,missing,,,22877,,,,343775,0
Q133076,Hernia,bh,missing,,,22877,,,,343775,0
Q133076,Hernia,bn,partial,হার্নিয়া,4264,22877,14668,0.186,2026-05-22 23:59:29,343775,6154
Q133076,Hernia,gom,missing,,,22877,,,,343775,0
Q133076,Hernia,gu,missing,,,22877,,,,343775,0
Q133076,Hernia,hi,partial,हर्निया,5715,22877,16243,0.25,2025-01-26 23:08:10,343775,585
Q133076,Hernia,kn,good,ಅಂಡವಾಯು,15408,22877,46178,0.674,2026-09-02 06:44:00,343775,370
Q133076,Hernia,ks,missing,,,22877,,,,343775,0
Q133076,Hernia,mai,missing,,,22877,,,,343775,0
Q133076,Hernia,ml,partial,ആന്ത്രവീക്കം,4032,22877,13979,0.176,2026-05-06 01:54:08,343775,345
Q133076,Hernia,mni,missing,,,22877,,,,343775,0
Q133076,Hernia,mr,stub,अंतर्गळ,944,22877,2854,0.041,2024-10-26 07:44:22,343775,243
Q133076,Hernia,ne,missing,,,22877,,,,343775,0
Q133076,Hernia,or,partial,ହାର୍ନିଆ,6014,22877,24067,0.263,2026-08-03 02:43:39,343775,228
Q133076,Hernia,pa,stub,ਹਰਨੀਆ,2830,22877,11173,0.124,2025-10-10 17:59:12,343775,207
Q133076,Hernia,sa,missing,,,22877,,,,343775,0
Q133076,Hernia,sat,missing,,,22877,,,,343775,0
Q133076,Hernia,sd,stub,هرنيا,3175,22877,5707,0.139,2025-02-16 13:33:15,343775,77
Q133076,Hernia,ta,good,குடலிறக்கம்,20032,22877,58502,0.876,2026-06-25 09:38:23,343775,1320
Q133076,Hernia,tcy,missing,,,22877,,,,343775,0
Q133076,Hernia,te,stub,గిలక (హెర్నియా),1706,22877,4684,0.075,2024-04-21 19:03:58,343775,1159
Q133076,Hernia,ur,stub,ہرنیا,3014,22877,11178,0.132,2026-08-06 04:24:56,343775,700
Q133244,Jaundice,as,partial,জণ্ডিছ,7556,24740,21371,0.305,2026-08-26 18:33:49,442624,1124
Q133244,Jaundice,bh,missing,,,24740,,,,442624,0
Q133244,Jaundice,bn,partial,জন্ডিস,3920,24740,15233,0.158,2025-10-03 14:34:47,442624,4399
Q133244,Jaundice,gom,missing,,,24740,,,,442624,0
Q133244,Jaundice,gu,partial,કમળો,7307,24740,36146,0.295,2022-07-11 05:56:09,442624,862
Q133244,Jaundice,hi,good,पीलिया,21773,24740,60066,0.88,2026-07-03 11:09:30,442624,2589
Q133244,Jaundice,kn,good,ಕಾಮಾಲೆ,21567,24740,73750,0.872,2026-08-14 21:03:41,442624,470
Q133244,Jaundice,ks,missing,,,24740,,,,442624,0
Q133244,Jaundice,mai,missing,,,24740,,,,442624,0
Q133244,Jaundice,ml,partial,മഞ്ഞപ്പിത്തം,5762,24740,18806,0.233,2025-11-14 12:43:31,442624,5436
Q133244,Jaundice,mni,missing,,,24740,,,,442624,0
Q133244,Jaundice,mr,missing,,,24740,,,,442624,0
Q133244,Jaundice,ne,stub,कमलपित्त,345,24740,1083,0.014,2024-03-12 15:48:36,442624,94
Q133244,Jaundice,or,partial,ଜଣ୍ଡିସ୍,12153,24740,43516,0.491,2026-08-02 18:55:50,442624,582
Q133244,Jaundice,pa,missing,,,24740,,,,442624,0
Q133244,Jaundice,sa,missing,,,24740,,,,442624,0
Q133244,Jaundice,sat,partial,ᱡᱚᱱᱰᱤᱥ,3899,24740,18900,0.158,2026-08-12 16:56:15,442624,55
Q133244,Jaundice,sd,missing,,,24740,,,,442624,0
Q133244,Jaundice,ta,partial,மஞ்சள் காமாலை,8236,24740,28353,0.333,2025-10-03 14:26:04,442624,6357
Q133244,Jaundice,tcy,missing,,,24740,,,,442624,0
Q133244,Jaundice,te,partial,పచ్చకామెర్లు,5800,24740,17457,0.234,2021-01-31 13:17:06,442624,2362
Q133244,Jaundice,ur,stub,یرقان,157,24740,1076,0.006,2025-02-24 18:15:10,442624,156
Q133772,Tooth decay,as,missing,,,52749,,,,128891,0
Q133772,Tooth decay,bh,missing,,,52749,,,,128891,0
Q133772,Tooth decay,bn,stub,দন্তক্ষয়,2359,52749,6881,0.045,2026-08-26 18:17:03,128891,355
Q133772,Tooth decay,gom,missing,,,52749,,,,128891,0
Q133772,Tooth decay,gu,missing,,,52749,,,,128891,0
Q133772,Tooth decay,hi,good,दंत-क्षरण,47813,52749,216629,0.906,2026-07-15 22:43:28,128891,1163
Q133772,Tooth decay,kn,missing,,,52749,,,,128891,0
Q133772,Tooth decay,ks,missing,,,52749,,,,128891,0
Q133772,Tooth decay,mai,missing,,,52749,,,,128891,0
Q133772,Tooth decay,ml,partial,ദന്തക്ഷയം,12890,52749,52412,0.244,2026-09-17 00:53:01,128891,420
Q133772,Tooth decay,mni,missing,,,52749,,,,128891,0
Q133772,Tooth decay,mr,stub,दंतक्षय,232,52749,1460,0.004,2024-04-23 11:02:56,128891,86
Q133772,Tooth decay,ne,stub,दाँतमा किरा लाग्ने,2071,52749,5907,0.039,2024-03-13 11:32:47,128891,105
Q133772,Tooth decay,or,stub,ଦନ୍ତ କ୍ଷୟ,2104,52749,10078,0.04,2026-08-02 20:34:07,128891,111
Q133772,Tooth decay,pa,missing,,,52749,,,,128891,0
Q133772,Tooth decay,sa,missing,,,52749,,,,128891,0
Q133772,Tooth decay,sat,missing,,,52749,,,,128891,0
Q133772,Tooth decay,sd,missing,,,52749,,,,128891,0
Q133772,Tooth decay,ta,stub,பற்சொத்தை,3220,52749,10144,0.061,2024-03-02 06:05:51,128891,255
Q133772,Tooth decay,tcy,missing,,,52749,,,,128891,0
Q133772,Tooth decay,te,stub,దంత క్షయం,621,52749,6298,0.012,2025-10-22 21:39:25,128891,945
Q133772,Tooth decay,ur,missing,,,52749,,,,128891,0
Q133780,Plague (disease),as,missing,,,17216,,,,333681,0
Q133780,Plague (disease),bh,missing,,,17216,,,,333681,0
Q133780,Plague (disease),bn,good,প্লেগ,21726,17216,80788,1.0,2025-02-01 15:39:22,333681,1638
Q133780,Plague (disease),gom,missing,,,17216,,,,333681,0
Q133780,Plague (disease),gu,partial,મરકી,7341,17216,23862,0.426,2021-08-08 02:56:32,333681,649
Q133780,Plague (disease),hi,partial,प्लेग,7508,17216,19236,0.436,2023-01-21 05:58:49,333681,1754
Q133780,Plague (disease),kn,partial,ಪ್ಲೇಗ್,5203,17216,15819,0.302,2026-03-24 22:24:49,333681,336
Q133780,Plague (disease),ks,missing,,,17216,,,,333681,0
Q133780,Plague (disease),mai,missing,,,17216,,,,333681,0
Q133780,Plague (disease),ml,partial,പ്ലേഗ്,4288,17216,11532,0.249,2021-09-20 06:37:54,333681,785
Q133780,Plague (disease),mni,missing,,,17216,,,,333681,0
Q133780,Plague (disease),mr,missing,,,17216,,,,333681,0
Q133780,Plague (disease),ne,partial,प्लेग,5805,17216,21869,0.337,2026-09-26 08:12:38,333681,286
Q133780,Plague (disease),or,stub,ପ୍ଲେଗ,1840,17216,8669,0.107,2022-02-12 07:33:05,333681,324
Q133780,Plague (disease),pa,stub,ਪਲੇਗ (ਰੋਗ),486,17216,2093,0.028,2020-03-22 16:33:21,333681,329
Q133780,Plague (disease),sa,missing,,,17216,,,,333681,0
Q133780,Plague (disease),sat,stub,ᱯᱞᱮᱹᱜᱽ,2159,17216,5896,0.125,2022-08-23 09:31:55,333681,28
Q133780,Plague (disease),sd,missing,,,17216,,,,333681,0
Q133780,Plague (disease),ta,partial,கொள்ளைநோய்,4689,17216,17332,0.272,2025-10-24 08:43:17,333681,1079
Q133780,Plague (disease),tcy,missing,,,17216,,,,333681,0
Q133780,Plague (disease),te,stub,ప్లేగు,2029,17216,7876,0.118,2023-04-13 07:28:30,333681,403
Q133780,Plague (disease),ur,partial,طاعون,6950,17216,16314,0.404,2025-02-09 02:13:57,333681,1527
Q133823,Migraine,as,stub,মাইগ্ৰেণ,832,37489,4434,0.022,2026-08-26 14:51:57,222569,470
Q133823,Migraine,bh,missing,,,37489,,,,222569,0
Q133823,Migraine,bn,stub,মাইগ্রেন,1974,37489,11225,0.053,2023-07-03 14:59:31,222569,3916
Q133823,Migraine,gom,missing,,,37489,,,,222569,0
Q133823,Migraine,gu,stub,આધાશીશી (રોગ),681,37489,2096,0.018,2015-04-09 22:59:37,222569,343
Q133823,Migraine,hi,good,अधकपारी,38276,37489,156861,1.0,2026-07-03 18:26:06,222569,2234
Q133823,Migraine,kn,good,ಮೈಗ್ರೇನ್ (ಅರೆತಲೆ ನೋವು),39488,37489,155142,1.0,2026-08-12 04:03:21,222569,2077
Q133823,Migraine,ks,missing,,,37489,,,,222569,0
Q133823,Migraine,mai,missing,,,37489,,,,222569,0
Q133823,Migraine,ml,stub,ചെന്നിക്കുത്ത്,2541,37489,8347,0.068,2021-10-13 07:44:13,222569,1177
Q133823,Migraine,mni,missing,,,37489,,,,222569,0
Q133823,Migraine,mr,stub,अर्धशिशी,3439,37489,10664,0.092,2024-07-29 04:03:21,222569,1408
Q133823,Migraine,ne,missing,,,37489,,,,222569,0
Q133823,Migraine,or,partial,ଅଧକପାଳି,14860,37489,70809,0.396,2026-09-23 21:25:06,222569,453
Q133823,Migraine,pa,stub,ਮਾਈਗ੍ਰੇਨ,3531,37489,18570,0.094,2026-07-30 00:48:26,222569,258
Q133823,Migraine,sa,missing,,,37489,,,,222569,0
Q133823,Migraine,sat,missing,,,37489,,,,222569,0
Q133823,Migraine,sd,missing,,,37489,,,,222569,0
Q133823,Migraine,ta,stub,ஒற்றைத் தலைவலி,2667,37489,10304,0.071,2022-10-16 10:29:08,222569,3136
Q133823,Migraine,tcy,missing,,,37489,,,,222569,0
Q133823,Migraine,te,stub,పార్శ్వపు తలనొప్పి,3829,37489,11483,0.102,2025-05-25 07:40:59,222569,1425
Q133823,Migraine,ur,stub,شقیقہ,3643,37489,9832,0.097,2025-03-30 02:33:06,222569,496
Q133981,First aid,as,missing,,,27212,,,,90635,0
Q133981,First aid,bh,missing,,,27212,,,,90635,0
Q133981,First aid,bn,stub,প্রাথমিক চিকিৎসা,3808,27212,12031,0.14,2026-08-27 12:52:58,90635,5441
Q133981,First aid,gom,missing,,,27212,,,,90635,0
Q133981,First aid,gu,stub,પ્રાથમિક સારવાર,1091,27212,3751,0.04,2022-12-08 08:55:47,90635,933
Q133981,First aid,hi,partial,प्राथमिक चिकित्सा,10016,27212,27459,0.368,2025-09-01 19:51:39,90635,9423
Q133981,First aid,kn,stub,ಪ್ರಥಮ ಚಿಕೆತ್ಸೆ,1950,27212,5385,0.072,2026-03-24 21:27:29,90635,863
Q133981,First aid,ks,missing,,,27212,,,,90635,0
Q133981,First aid,mai,missing,,,27212,,,,90635,0
Q133981,First aid,ml,partial,പ്രഥമശുശ്രൂഷ,5480,27212,16575,0.201,2025-10-18 21:22:08,90635,1862
Q133981,First aid,mni,missing,,,27212,,,,90635,0
Q133981,First aid,mr,stub,प्रथमोपचार,1506,27212,4443,0.055,2024-11-03 15:11:41,90635,2113
Q133981,First aid,ne,stub,प्राथमिक उपचार,3121,27212,8477,0.115,2025-08-25 14:28:55,90635,968
Q133981,First aid,or,stub,ଫାଷ୍ଟ ଏଡ୍,3256,27212,10656,0.12,2026-08-14 10:30:55,90635,67
Q133981,First aid,pa,missing,,,27212,,,,90635,0
Q133981,First aid,sa,stub,आकस्मिक चिकित्सा,343,27212,17605,0.013,2023-09-30 19:37:33,90635,81
Q133981,First aid,sat,missing,,,27212,,,,90635,0
Q133981,First aid,sd,missing,,,27212,,,,90635,0
Q133981,First aid,ta,good,முதலுதவி,20385,27212,58658,0.749,2026-06-18 14:13:04,90635,2886
Q133981,First aid,tcy,missing,,,27212,,,,90635,0
Q133981,First aid,te,partial,ప్రథమ చికిత్స,10105,27212,27549,0.371,2026-06-21 13:11:53,90635,735
Q133981,First aid,ur,stub,ابتدائی طبی امداد,749,27212,2056,0.028,2025-02-19 18:11:47,90635,766
Q134003,Haemophilia,as,missing,,,27434,,,,244443,0
Q134003,Haemophilia,bh,missing,,,27434,,,,244443,0
Q134003,Haemophilia,bn,stub,হিমোফিলিয়া,1279,27434,5815,0.047,2026-05-09 06:02:29,244443,1006
Q134003,Haemophilia,gom,missing,,,27434,,,,244443,0
Q134003,Haemophilia,gu,good,રક્તસ્રાવિતા,21627,27434,72360,0.788,2026-09-24 05:31:03,244443,145
Q134003,Haemophilia,hi,stub,हीमोफीलिया,4087,27434,11270,0.149,2024-07-15 09:06:03,244443,2167
Q134003,Haemophilia,kn,stub,ಹೀಮೊಫಿಲಿಯ,771,27434,2222,0.028,2026-03-26 13:56:14,244443,170
Q134003,Haemophilia,ks,missing,,,27434,,,,244443,0
Q134003,Haemophilia,mai,missing,,,27434,,,,244443,0
Q134003,Haemophilia,ml,stub,ഹീമോഫീലിയ,1494,27434,4445,0.054,2021-11-11 11:54:04,244443,421
Q134003,Haemophilia,mni,missing,,,27434,,,,244443,0
Q134003,Haemophilia,mr,missing,,,27434,,,,244443,0
Q134003,Haemophilia,ne,stub,हिमोफोलिया,3285,27434,9667,0.12,2025-03-24 06:11:37,244443,64
Q134003,Haemophilia,or,stub,ହେମୋଫିଲିଆ,2338,27434,11069,0.085,2016-10-03 07:05:43,244443,156
Q134003,Haemophilia,pa,stub,ਹੀਮੋਫਿਲਿਆ,2364,27434,10796,0.086,2020-09-17 05:28:38,244443,57
Q134003,Haemophilia,sa,missing,,,27434,,,,244443,0
Q134003,Haemophilia,sat,missing,,,27434,,,,244443,0
Q134003,Haemophilia,sd,missing,,,27434,,,,244443,0
Q134003,Haemophilia,ta,partial,ஈமோஃபீலியா,6389,27434,20689,0.233,2026-06-17 01:12:28,244443,579
Q134003,Haemophilia,tcy,missing,,,27434,,,,244443,0
Q134003,Haemophilia,te,missing,,,27434,,,,244443,0
Q134003,Haemophilia,ur,stub,انس الدم,902,27434,2792,0.033,2024-03-05 18:56:38,244443,103
Q134649,Diphtheria,as,stub,ডিপথেৰীয়া,2946,25609,12728,0.115,2026-08-26 06:58:48,521030,240
Q134649,Diphtheria,bh,missing,,,25609,,,,521030,0
Q134649,Diphtheria,bn,stub,ডিপথেরিয়া,925,25609,2908,0.036,2021-09-05 11:04:52,521030,413
Q134649,Diphtheria,gom,missing,,,25609,,,,521030,0
Q134649,Diphtheria,gu,missing,,,25609,,,,521030,0
Q134649,Diphtheria,hi,partial,डिप्थीरिया,6265,25609,17081,0.245,2022-09-04 13:27:42,521030,343
Q134649,Diphtheria,kn,partial,ಗಂಟಲಮಾರಿ,12802,25609,41717,0.5,2026-08-11 20:02:41,521030,189
Q134649,Diphtheria,ks,stub,ۂٹؠ وِسُر,449,25609,1482,0.018,2026-08-20 18:02:04,521030,49
Q134649,Diphtheria,mai,missing,,,25609,,,,521030,0
Q134649,Diphtheria,ml,partial,ഡിഫ്തീരിയ,4839,25609,14319,0.189,2016-07-06 01:49:42,521030,802
Q134649,Diphtheria,mni,missing,,,25609,,,,521030,0
Q134649,Diphtheria,mr,stub,घटसर्प,296,25609,1222,0.012,2022-04-16 17:08:31,521030,504
Q134649,Diphtheria,ne,partial,भ्यागुते रोग,4128,25609,14742,0.161,2024-03-14 12:29:45,521030,476
Q134649,Diphtheria,or,stub,କଣ୍ଠଅଳତି,2364,25609,9944,0.092,2017-08-31 05:07:01,521030,105
Q134649,Diphtheria,pa,missing,,,25609,,,,521030,0
Q134649,Diphtheria,sa,missing,,,25609,,,,521030,0
Q134649,Diphtheria,sat,stub,ᱰᱤᱯᱛᱷᱤᱨᱤᱭᱟ,1627,25609,4183,0.064,2019-10-04 15:28:13,521030,30
Q134649,Diphtheria,sd,stub,ڪارو کنگهه,3601,25609,12458,0.141,2026-08-12 09:08:40,521030,12
Q134649,Diphtheria,ta,missing,,,25609,,,,521030,0
Q134649,Diphtheria,tcy,missing,,,25609,,,,521030,0
Q134649,Diphtheria,te,stub,డిఫ్తీరియా,3049,25609,13859,0.119,2026-05-13 19:50:33,521030,405
Q134649,Diphtheria,ur,partial,خناق,9441,25609,24475,0.369,2026-08-05 20:51:25,521030,201
Q134859,Whooping cough,as,missing,,,15341,,,,154263,0
Q134859,Whooping cough,bh,missing,,,15341,,,,154263,0
Q134859,Whooping cough,bn,partial,হুপিং কাশি,3523,15341,24457,0.23,2024-12-12 23:36:44,154263,909
Q134859,Whooping cough,gom,missing,,,15341,,,,154263,0
Q134859,Whooping cough,gu,missing,,,15341,,,,154263,0
Q134859,Whooping cough,hi,partial,कुक्कुर खाँसी,5907,15341,16032,0.385,2024-10-11 14:49:44,154263,2555
Q134859,Whooping cough,kn,stub,ನಾಯಿಕೆಮ್ಮು,1879,15341,5495,0.122,2026-03-24 03:01:50,154263,298
Q134859,Whooping cough,ks,missing,,,15341,,,,154263,0
Q134859,Whooping cough,mai,missing,,,15341,,,,154263,0
Q134859,Whooping cough,ml,stub,വില്ലൻചുമ,2077,15341,7365,0.135,2022-01-11 17:08:11,154263,690
Q134859,Whooping cough,mni,missing,,,15341,,,,154263,0
Q134859,Whooping cough,mr,stub,डांग्या खोकला,1329,15341,3848,0.087,2024-03-03 09:12:54,154263,404
Q134859,Whooping cough,ne,missing,,,15341,,,,154263,0
Q134859,Whooping cough,or,stub,ଲହରା କାଶ,2283,15341,10970,0.149,2017-08-31 00:21:03,154263,136
Q134859,Whooping cough,pa,partial,ਕਾਲੀ ਖਾਂਸੀ,2724,15341,10881,0.178,2019-11-28 15:23:41,154263,133
Q134859,Whooping cough,sa,missing,,,15341,,,,154263,0
Q134859,Whooping cough,sat,missing,,,15341,,,,154263,0
Q134859,Whooping cough,sd,missing,,,15341,,,,154263,0
Q134859,Whooping cough,ta,partial,தொடர் இருமல்,3564,15341,15644,0.232,2026-03-16 16:06:28,154263,939
Q134859,Whooping cough,tcy,missing,,,15341,,,,154263,0
Q134859,Whooping cough,te,stub,కోరింత దగ్గు,2194,15341,6673,0.143,2024-04-20 05:37:44,154263,250
Q134859,Whooping cough,ur,partial,کالی کھانسی,2876,15341,16302,0.187,2026-05-11 18:56:14,154263,281
Q135005,Phishing,as,missing,,,18624,,,,482256,0
Q135005,Phishing,bh,missing,,,18624,,,,482256,0
Q135005,Phishing,bn,partial,ফিশিং,4064,18624,14790,0.218,2026-07-06 07:34:31,482256,1331
Q135005,Phishing,gom,missing,,,18624,,,,482256,0
Q135005,Phishing,gu,good,ફિશિંગ,14681,18624,63873,0.788,2026-09-24 03:50:29,482256,286
Q135005,Phishing,hi,good,फिशिंग,12510,18624,36157,0.672,2025-03-16 19:20:43,482256,1943
Q135005,Phishing,kn,missing,,,18624,,,,482256,0
Q135005,Phishing,ks,missing,,,18624,,,,482256,0
Q135005,Phishing,mai,missing,,,18624,,,,482256,0
Q135005,Phishing,ml,stub,ഫിഷിംഗ്,2193,18624,7276,0.118,2023-07-18 21:44:51,482256,398
Q135005,Phishing,mni,missing,,,18624,,,,482256,0
Q135005,Phishing,mr,partial,फिशिंग,4086,18624,19472,0.219,2026-07-18 22:51:46,482256,211
Q135005,Phishing,ne,missing,,,18624,,,,482256,0
Q135005,Phishing,or,missing,,,18624,,,,482256,0
Q135005,Phishing,pa,stub,ਫਿਸ਼ਿੰਗ,1224,18624,3425,0.066,2025-11-10 18:49:41,482256,171
Q135005,Phishing,sa,missing,,,18624,,,,482256,0
Q135005,Phishing,sat,missing,,,18624,,,,482256,0
Q135005,Phishing,sd,missing,,,18624,,,,482256,0
Q135005,Phishing,ta,partial,மின்-தூண்டிலிடல்,7775,18624,42409,0.417,2025-11-10 18:50:30,482256,531
Q135005,Phishing,tcy,missing,,,18624,,,,482256,0
Q135005,Phishing,te,missing,,,18624,,,,482256,0
Q135005,Phishing,ur,stub,فشنگ,1564,18624,3876,0.084,2026-04-25 18:44:31,482256,262
Q1350326,Frostbite,as,missing,,,16216,,,,140366,0
Q1350326,Frostbite,bh,missing,,,16216,,,,140366,0
Q1350326,Frostbite,bn,good,হিমদংশন,14955,16216,61262,0.922,2026-06-21 20:03:37,140366,113
Q1350326,Frostbite,gom,missing,,,16216,,,,140366,0
Q1350326,Frostbite,gu,missing,,,16216,,,,140366,0
Q1350326,Frostbite,hi,missing,,,16216,,,,140366,0
Q1350326,Frostbite,kn,missing,,,16216,,,,140366,0
Q1350326,Frostbite,ks,missing,,,16216,,,,140366,0
Q1350326,Frostbite,mai,missing,,,16216,,,,140366,0
Q1350326,Frostbite,ml,missing,,,16216,,,,140366,0
Q1350326,Frostbite,mni,missing,,,16216,,,,140366,0
Q1350326,Frostbite,mr,missing,,,16216,,,,140366,0
Q1350326,Frostbite,ne,missing,,,16216,,,,140366,0
Q1350326,Frostbite,or,stub,ତୁଷାରକ୍ଷତ,1777,16216,10621,0.11,2018-08-16 06:45:11,140366,51
Q1350326,Frostbite,pa,missing,,,16216,,,,140366,0
Q1350326,Frostbite,sa,missing,,,16216,,,,140366,0
Q1350326,Frostbite,sat,missing,,,16216,,,,140366,0
Q1350326,Frostbite,sd,missing,,,16216,,,,140366,0
Q1350326,Frostbite,ta,partial,தோலுறைவு,6435,16216,21768,0.397,2026-05-20 01:36:49,140366,126
Q1350326,Frostbite,tcy,missing,,,16216,,,,140366,0
Q1350326,Frostbite,te,missing,,,16216,,,,140366,0
Q1350326,Frostbite,ur,missing,,,16216,,,,140366,0
Q1368943,Intracerebral hemorrhage,as,missing,,,17298,,,,204635,0
Q1368943,Intracerebral hemorrhage,bh,missing,,,17298,,,,204635,0
Q1368943,Intracerebral hemorrhage,bn,partial,ইন্ট্রাসেরিব্রাল রক্তক্ষরণ,2820,17298,16416,0.163,2026-09-06 06:21:18,204635,274
Q1368943,Intracerebral hemorrhage,gom,missing,,,17298,,,,204635,0
Q1368943,Intracerebral hemorrhage,gu,missing,,,17298,,,,204635,0
Q1368943,Intracerebral hemorrhage,hi,missing,,,17298,,,,204635,0
Q1368943,Intracerebral hemorrhage,kn,missing,,,17298,,,,204635,0
Q1368943,Intracerebral hemorrhage,ks,missing,,,17298,,,,204635,0
Q1368943,Intracerebral hemorrhage,mai,missing,,,17298,,,,204635,0
Q1368943,Intracerebral hemorrhage,ml,partial,മസ്തിഷ്ക രക്തസ്രാവം,2763,17298,8331,0.16,2019-12-29 05:35:15,204635,525
Q1368943,Intracerebral hemorrhage,mni,missing,,,17298,,,,204635,0
Q1368943,Intracerebral hemorrhage,mr,missing,,,17298,,,,204635,0
Q1368943,Intracerebral hemorrhage,ne,missing,,,17298,,,,204635,0
Q1368943,Intracerebral hemorrhage,or,stub,ଇଣ୍ଟ୍ରାସେରେବ୍ରାଲ ହେମୋରେଜ,1768,17298,7755,0.102,2016-10-31 04:53:10,204635,57
Q1368943,Intracerebral hemorrhage,pa,missing,,,17298,,,,204635,0
Q1368943,Intracerebral hemorrhage,sa,missing,,,17298,,,,204635,0
Q1368943,Intracerebral hemorrhage,sat,missing,,,17298,,,,204635,0
Q1368943,Intracerebral hemorrhage,sd,missing,,,17298,,,,204635,0
Q1368943,Intracerebral hemorrhage,ta,missing,,,17298,,,,204635,0
Q1368943,Intracerebral hemorrhage,tcy,missing,,,17298,,,,204635,0
Q1368943,Intracerebral hemorrhage,te,stub,ఇంట్రాసెరెబ్రల్ హెమరేజ్,1536,17298,8544,0.089,2026-09-15 17:37:15,204635,0
Q1368943,Intracerebral hemorrhage,ur,stub,دماغی شریان,765,17298,2178,0.044,2024-02-15 09:33:57,204635,314
Q1381652,Oral rehydration therapy,as,missing,,,20453,,,,112138,0
Q1381652,Oral rehydration therapy,bh,missing,,,20453,,,,112138,0
Q1381652,Oral rehydration therapy,bn,good,মৌখিক পুনরুদন থেরাপি,25914,20453,81079,1.0,2025-08-02 21:48:43,112138,431
Q1381652,Oral rehydration therapy,gom,missing,,,20453,,,,112138,0
Q1381652,Oral rehydration therapy,gu,missing,,,20453,,,,112138,0
Q1381652,Oral rehydration therapy,hi,stub,मौखिक पुनर्जलीकरण चिकित्सा,560,20453,2906,0.027,2023-12-14 00:32:49,112138,179
Q1381652,Oral rehydration therapy,kn,missing,,,20453,,,,112138,0
Q1381652,Oral rehydration therapy,ks,missing,,,20453,,,,112138,0
Q1381652,Oral rehydration therapy,mai,missing,,,20453,,,,112138,0
Q1381652,Oral rehydration therapy,ml,partial,ഓറൽ റീഹൈഡ്രേഷൻ ചികിത്സ,3590,20453,14183,0.176,2024-10-10 08:01:36,112138,520
Q1381652,Oral rehydration therapy,mni,missing,,,20453,,,,112138,0
Q1381652,Oral rehydration therapy,mr,missing,,,20453,,,,112138,0
Q1381652,Oral rehydration therapy,ne,stub,पुनर्जलीकरण चिकित्सा,514,20453,2002,0.025,2026-08-22 20:34:55,112138,61
Q1381652,Oral rehydration therapy,or,stub,ଓଆରଟି,1756,20453,8176,0.086,2023-10-07 23:55:23,112138,82
Q1381652,Oral rehydration therapy,pa,missing,,,20453,,,,112138,0
Q1381652,Oral rehydration therapy,sa,missing,,,20453,,,,112138,0
Q1381652,Oral rehydration therapy,sat,missing,,,20453,,,,112138,0
Q1381652,Oral rehydration therapy,sd,missing,,,20453,,,,112138,0
Q1381652,Oral rehydration therapy,ta,stub,வாய்வழி நீரேற்ற சிகிச்சை,1781,20453,5479,0.087,2026-01-21 18:15:20,112138,246
Q1381652,Oral rehydration therapy,tcy,missing,,,20453,,,,112138,0
Q1381652,Oral rehydration therapy,te,stub,ఓరల్ రీహైడ్రేషన్ థెరపీ,1209,20453,5275,0.059,2024-01-02 20:29:59,112138,207
Q1381652,Oral rehydration therapy,ur,missing,,,20453,,,,112138,0
Q14096331,Dairy farming,as,missing,,,46208,,,,51469,0
Q14096331,Dairy farming,bh,missing,,,46208,,,,51469,0
Q14096331,Dairy farming,bn,missing,,,46208,,,,51469,0
Q14096331,Dairy farming,gom,missing,,,46208,,,,51469,0
Q14096331,Dairy farming,gu,missing,,,46208,,,,51469,0
Q14096331,Dairy farming,hi,missing,,,46208,,,,51469,0
Q14096331,Dairy farming,kn,missing,,,46208,,,,51469,0
Q14096331,Dairy farming,ks,missing,,,46208,,,,51469,0
Q14096331,Dairy farming,mai,missing,,,46208,,,,51469,0
Q14096331,Dairy farming,ml,missing,,,46208,,,,51469,0
Q14096331,Dairy farming,mni,missing,,,46208,,,,51469,0
Q14096331,Dairy farming,mr,missing,,,46208,,,,51469,0
Q14096331,Dairy farming,ne,missing,,,46208,,,,51469,0
Q14096331,Dairy farming,or,missing,,,46208,,,,51469,0
Q14096331,Dairy farming,pa,partial,ਡੇਅਰੀ ਫਾਰਮਿੰਗ,8313,46208,26713,0.18,2024-11-30 11:44:57,51469,152
Q14096331,Dairy farming,sa,missing,,,46208,,,,51469,0
Q14096331,Dairy farming,sat,missing,,,46208,,,,51469,0
Q14096331,Dairy farming,sd,missing,,,46208,,,,51469,0
Q14096331,Dairy farming,ta,missing,,,46208,,,,51469,0
Q14096331,Dairy farming,tcy,missing,,,46208,,,,51469,0
Q14096331,Dairy farming,te,missing,,,46208,,,,51469,0
Q14096331,Dairy farming,ur,stub,شیر خانہ داری,171,46208,585,0.004,2025-01-11 09:44:10,51469,72
Q1419347,Postpartum infections,as,missing,,,18403,,,,73869,0
Q1419347,Postpartum infections,bh,missing,,,18403,,,,73869,0
Q1419347,Postpartum infections,bn,partial,প্রসোবত্তর সংক্রমণ,3401,18403,15658,0.185,2025-08-02 05:58:52,73869,161
Q1419347,Postpartum infections,gom,missing,,,18403,,,,73869,0
Q1419347,Postpartum infections,gu,stub,પ્રસૂતિ ચેપો,2341,18403,9264,0.127,2026-08-17 22:55:09,73869,47
Q1419347,Postpartum infections,hi,stub,जच्चा संक्रमण,2446,18403,9930,0.133,2022-01-28 20:32:23,73869,1027
Q1419347,Postpartum infections,kn,stub,ಪರ್ಪ್ಯುರಾದ ಸೋಂಕುಗಳು,2578,18403,10201,0.14,2026-08-11 00:50:31,73869,62
Q1419347,Postpartum infections,ks,missing,,,18403,,,,73869,0
Q1419347,Postpartum infections,mai,missing,,,18403,,,,73869,0
Q1419347,Postpartum infections,ml,partial,പോസ്റ്റ്‌പാർട്ടം അണുബാധകൾ,3322,18403,12672,0.181,2022-09-15 04:40:19,73869,113
Q1419347,Postpartum infections,mni,missing,,,18403,,,,73869,0
Q1419347,Postpartum infections,mr,stub,प्रसवोत्तर जंतुसंसर्ग,2607,18403,10473,0.142,2026-09-19 16:22:47,73869,125
Q1419347,Postpartum infections,ne,missing,,,18403,,,,73869,0
Q1419347,Postpartum infections,or,stub,ପ୍ରସବ ସଂକ୍ରମଣ,2097,18403,8650,0.114,2026-08-14 07:24:40,73869,41
Q1419347,Postpartum infections,pa,missing,,,18403,,,,73869,0
Q1419347,Postpartum infections,sa,missing,,,18403,,,,73869,0
Q1419347,Postpartum infections,sat,missing,,,18403,,,,73869,0
Q1419347,Postpartum infections,sd,missing,,,18403,,,,73869,0
Q1419347,Postpartum infections,ta,partial,பிரசவத்துக்குப் பிந்தையத் தொற்றுகள்,4628,18403,18134,0.251,2022-10-19 21:26:21,73869,234
Q1419347,Postpartum infections,tcy,missing,,,18403,,,,73869,0
Q1419347,Postpartum infections,te,stub,ప్రసూతి ఇన్ఫెక్షన్లు,2705,18403,11445,0.147,2023-12-27 16:47:29,73869,83
Q1419347,Postpartum infections,ur,stub,حمیٰ نفاسیہ,2415,18403,7906,0.131,2025-06-11 18:34:24,73869,180
Q142807,Floater,as,missing,,,15219,,,,96335,0
Q142807,Floater,bh,missing,,,15219,,,,96335,0
Q142807,Floater,bn,missing,,,15219,,,,96335,0
Q142807,Floater,gom,missing,,,15219,,,,96335,0
Q142807,Floater,gu,missing,,,15219,,,,96335,0
Q142807,Floater,hi,good,प्लवमान पिंड,10222,15219,28028,0.672,2023-01-17 06:47:52,96335,98
Q142807,Floater,kn,missing,,,15219,,,,96335,0
Q142807,Floater,ks,missing,,,15219,,,,96335,0
Q142807,Floater,mai,missing,,,15219,,,,96335,0
Q142807,Floater,ml,stub,ഫ്ലോട്ടർ,1355,15219,5882,0.089,2023-09-16 22:07:58,96335,135
Q142807,Floater,mni,missing,,,15219,,,,96335,0
Q142807,Floater,mr,missing,,,15219,,,,96335,0
Q142807,Floater,ne,missing,,,15219,,,,96335,0
Q142807,Floater,or,stub,ଫ୍ଲୋଟର,1010,15219,6064,0.066,2023-02-15 15:10:18,96335,34
Q142807,Floater,pa,missing,,,15219,,,,96335,0
Q142807,Floater,sa,missing,,,15219,,,,96335,0
Q142807,Floater,sat,missing,,,15219,,,,96335,0
Q142807,Floater,sd,missing,,,15219,,,,96335,0
Q142807,Floater,ta,stub,மிதப்பான்,2035,15219,7198,0.134,2023-09-17 15:09:10,96335,76
Q142807,Floater,tcy,missing,,,15219,,,,96335,0
Q142807,Floater,te,partial,ఫ్లోటర్,6184,15219,22650,0.406,2026-04-20 02:24:24,96335,165
Q142807,Floater,ur,missing,,,15219,,,,96335,0
Q1428431,Integrated Child Development Services,as,good,সংহত শিশু বিকাশ সেৱা,4450,5200,18306,0.856,2026-08-07 13:10:25,22066,404
Q1428431,Integrated Child Development Services,bh,missing,,,5200,,,,22066,0
Q1428431,Integrated Child Development Services,bn,good,সমন্বিত শিশু বিকাশ পরিষেবা,4814,5200,24133,0.926,2026-02-13 05:13:48,22066,615
Q1428431,Integrated Child Development Services,gom,missing,,,5200,,,,22066,0
Q1428431,Integrated Child Development Services,gu,missing,,,5200,,,,22066,0
Q1428431,Integrated Child Development Services,hi,partial,समन्वित बाल विकास योजना,1066,5200,3412,0.205,2024-08-29 10:01:38,22066,1755
Q1428431,Integrated Child Development Services,kn,missing,,,5200,,,,22066,0
Q1428431,Integrated Child Development Services,ks,missing,,,5200,,,,22066,0
Q1428431,Integrated Child Development Services,mai,missing,,,5200,,,,22066,0
Q1428431,Integrated Child Development Services,ml,partial,സംയോജിത ശിശു വികസന സേവന പദ്ധതി,1258,5200,4492,0.242,2021-09-03 06:12:47,22066,1867
Q1428431,Integrated Child Development Services,mni,missing,,,5200,,,,22066,0
Q1428431,Integrated Child Development Services,mr,missing,,,5200,,,,22066,0
Q1428431,Integrated Child Development Services,ne,partial,समन्वित बाल विकास योजना (भारत),1106,5200,3263,0.213,2024-01-05 18:07:06,22066,37
Q1428431,Integrated Child Development Services,or,missing,,,5200,,,,22066,0
Q1428431,Integrated Child Development Services,pa,missing,,,5200,,,,22066,0
Q1428431,Integrated Child Development Services,sa,missing,,,5200,,,,22066,0
Q1428431,Integrated Child Development Services,sat,missing,,,5200,,,,22066,0
Q1428431,Integrated Child Development Services,sd,missing,,,5200,,,,22066,0
Q1428431,Integrated Child Development Services,ta,good,ஒருங்கிணைந்த குழந்தை மேம்பாட்டுச் சேவைகள்,3566,5200,12467,0.686,2025-05-30 03:31:30,22066,685
Q1428431,Integrated Child Development Services,tcy,missing,,,5200,,,,22066,0
Q1428431,Integrated Child Development Services,te,missing,,,5200,,,,22066,0
Q1428431,Integrated Child Development Services,ur,missing,,,5200,,,,22066,0
Q143925,Toothache,as,missing,,,47665,,,,28916,0
Q143925,Toothache,bh,missing,,,47665,,,,28916,0
Q143925,Toothache,bn,good,দাঁতের ব্যথা,43280,47665,173044,0.908,2026-06-21 20:01:49,28916,1419
Q143925,Toothache,gom,missing,,,47665,,,,28916,0
Q143925,Toothache,gu,missing,,,47665,,,,28916,0
Q143925,Toothache,hi,stub,दाँत दर्द,1090,47665,3482,0.023,2024-07-22 12:17:53,28916,208
Q143925,Toothache,kn,missing,,,47665,,,,28916,0
Q143925,Toothache,ks,missing,,,47665,,,,28916,0
Q143925,Toothache,mai,missing,,,47665,,,,28916,0
Q143925,Toothache,ml,stub,പല്ലുവേദന,1558,47665,6626,0.033,2021-08-14 23:35:38,28916,156
Q143925,Toothache,mni,missing,,,47665,,,,28916,0
Q143925,Toothache,mr,missing,,,47665,,,,28916,0
Q143925,Toothache,ne,missing,,,47665,,,,28916,0
Q143925,Toothache,or,stub,ଦାନ୍ତବିନ୍ଧା,2380,47665,9455,0.05,2026-08-13 23:14:10,28916,105
Q143925,Toothache,pa,stub,ਦੰਦ ਪੀੜ,4015,47665,12695,0.084,2026-07-10 21:41:09,28916,140
Q143925,Toothache,sa,missing,,,47665,,,,28916,0
Q143925,Toothache,sat,missing,,,47665,,,,28916,0
Q143925,Toothache,sd,missing,,,47665,,,,28916,0
Q143925,Toothache,ta,stub,பல்வலி,3755,47665,12766,0.079,2022-10-15 05:36:00,28916,301
Q143925,Toothache,tcy,missing,,,47665,,,,28916,0
Q143925,Toothache,te,missing,,,47665,,,,28916,0
Q143925,Toothache,ur,stub,دانت کادرد,600,47665,1506,0.013,2026-04-23 04:56:00,28916,28
Q14625808,Cardamom,as,missing,,,16060,,,,345002,0
Q14625808,Cardamom,bh,missing,,,16060,,,,345002,0
Q14625808,Cardamom,bn,partial,এলাচ,2450,16060,11260,0.153,2026-03-30 19:01:11,345002,1642
Q14625808,Cardamom,gom,partial,वेलची,3818,16060,10447,0.238,2021-03-14 08:59:23,345002,300
Q14625808,Cardamom,gu,partial,ઇલાયચી,7725,16060,24669,0.481,2024-03-05 10:03:31,345002,479
Q14625808,Cardamom,hi,partial,इलायची,2664,16060,10031,0.166,2025-11-19 15:12:31,345002,2329
Q14625808,Cardamom,kn,missing,,,16060,,,,345002,0
Q14625808,Cardamom,ks,missing,,,16060,,,,345002,0
Q14625808,Cardamom,mai,missing,,,16060,,,,345002,0
Q14625808,Cardamom,ml,stub,ഏലക്ക,1176,16060,4703,0.073,2024-08-13 15:22:43,345002,592
Q14625808,Cardamom,mni,missing,,,16060,,,,345002,0
Q14625808,Cardamom,mr,stub,वेलदोडे,858,16060,2927,0.053,2024-12-03 11:02:45,345002,1113
Q14625808,Cardamom,ne,missing,,,16060,,,,345002,0
Q14625808,Cardamom,or,missing,,,16060,,,,345002,0
Q14625808,Cardamom,pa,partial,ਇਲਾਇਚੀ,3005,16060,12837,0.187,2026-03-30 19:03:52,345002,110
Q14625808,Cardamom,sa,stub,एला,2213,16060,7443,0.138,2026-07-10 00:26:19,345002,162
Q14625808,Cardamom,sat,missing,,,16060,,,,345002,0
Q14625808,Cardamom,sd,stub,ننڍو ڦوٽو,2287,16060,7876,0.142,2026-08-21 09:12:32,345002,75
Q14625808,Cardamom,ta,partial,ஏலம் (தாவரம்),2784,16060,10217,0.173,2023-07-24 16:00:32,345002,1440
Q14625808,Cardamom,tcy,stub,ಏಲಕ್ಕಿ,1042,16060,4474,0.065,2025-12-23 10:27:16,345002,140
Q14625808,Cardamom,te,partial,ఏలకులు,5552,16060,16389,0.346,2024-09-26 10:43:40,345002,1177
Q14625808,Cardamom,ur,stub,الائچی,124,16060,1437,0.008,2025-11-21 09:42:56,345002,323
Q15056197,"National Food Security Act, 2013",as,missing,,,19926,,,,20392,0
Q15056197,"National Food Security Act, 2013",bh,missing,,,19926,,,,20392,0
Q15056197,"National Food Security Act, 2013",bn,missing,,,19926,,,,20392,0
Q15056197,"National Food Security Act, 2013",gom,missing,,,19926,,,,20392,0
Q15056197,"National Food Security Act, 2013",gu,missing,,,19926,,,,20392,0
Q15056197,"National Food Security Act, 2013",hi,stub,राष्‍ट्रीय खाद्य सुरक्षा अधिनियम,1978,19926,5462,0.099,2024-10-02 11:59:15,20392,2672
Q15056197,"National Food Security Act, 2013",kn,missing,,,19926,,,,20392,0
Q15056197,"National Food Security Act, 2013",ks,missing,,,19926,,,,20392,0
Q15056197,"National Food Security Act, 2013",mai,missing,,,19926,,,,20392,0
Q15056197,"National Food Security Act, 2013",ml,missing,,,19926,,,,20392,0
Q15056197,"National Food Security Act, 2013",mni,missing,,,19926,,,,20392,0
Q15056197,"National Food Security Act, 2013",mr,stub,अन्नसुरक्षा कायदा,362,19926,2045,0.018,2026-01-09 09:19:49,20392,464
Q15056197,"National Food Security Act, 2013",ne,missing,,,19926,,,,20392,0
Q15056197,"National Food Security Act, 2013",or,partial,ଜାତୀୟ ଖାଦ୍ୟ ସୁରକ୍ଷା ନୀତି ୨୦୧୩,5160,19926,12737,0.259,2026-09-30 00:57:38,20392,112
Q15056197,"National Food Security Act, 2013",pa,partial,ਕੌਮੀ ਅੰਨ ਸੁਰੱਖਿਆ ਬਿੱਲ,3474,19926,9682,0.174,2020-09-15 10:07:07,20392,77
Q15056197,"National Food Security Act, 2013",sa,missing,,,19926,,,,20392,0
Q15056197,"National Food Security Act, 2013",sat,missing,,,19926,,,,20392,0
Q15056197,"National Food Security Act, 2013",sd,missing,,,19926,,,,20392,0
Q15056197,"National Food Security Act, 2013",ta,partial,"தேசிய உணவுப் பாதுகாப்புச் சட்டம், 2013",3323,19926,11179,0.167,2021-08-29 13:43:59,20392,410
Q15056197,"National Food Security Act, 2013",tcy,missing,,,19926,,,,20392,0
Q15056197,"National Food Security Act, 2013",te,missing,,,19926,,,,20392,0
Q15056197,"National Food Security Act, 2013",ur,missing,,,19926,,,,20392,0
Q152234,Edema,as,missing,,,15591,,,,490200,0
Q152234,Edema,bh,missing,,,15591,,,,490200,0
Q152234,Edema,bn,partial,শোথ,6746,15591,25696,0.433,2025-02-08 14:45:28,490200,862
Q152234,Edema,gom,missing,,,15591,,,,490200,0
Q152234,Edema,gu,missing,,,15591,,,,490200,0
Q152234,Edema,hi,stub,शोफ,1083,15591,7155,0.069,2023-10-09 17:05:39,490200,1012
Q152234,Edema,kn,good,ಉಬ್ಬರ,10940,15591,30216,0.702,2026-03-22 06:20:20,490200,165
Q152234,Edema,ks,stub,وَرَم,982,15591,3780,0.063,2024-09-28 18:00:48,490200,75
Q152234,Edema,mai,missing,,,15591,,,,490200,0
Q152234,Edema,ml,missing,,,15591,,,,490200,0
Q152234,Edema,mni,missing,,,15591,,,,490200,0
Q152234,Edema,mr,missing,,,15591,,,,490200,0
Q152234,Edema,ne,missing,,,15591,,,,490200,0
Q152234,Edema,or,stub,ଇଡିମା,1054,15591,5325,0.068,2024-10-25 19:45:37,490200,103
Q152234,Edema,pa,missing,,,15591,,,,490200,0
Q152234,Edema,sa,missing,,,15591,,,,490200,0
Q152234,Edema,sat,missing,,,15591,,,,490200,0
Q152234,Edema,sd,missing,,,15591,,,,490200,0
Q152234,Edema,ta,stub,நீர்வீக்கம்,2160,15591,9514,0.139,2023-08-26 10:17:38,490200,1501
Q152234,Edema,tcy,missing,,,15591,,,,490200,0
Q152234,Edema,te,stub,ఎదీమా,1222,15591,6812,0.078,2024-08-01 05:57:16,490200,439
Q152234,Edema,ur,stub,تہبج,1055,15591,5523,0.068,2025-05-29 16:41:58,490200,283
Q152401,Foot-and-mouth disease,as,missing,,,37583,,,,277034,0
Q152401,Foot-and-mouth disease,bh,missing,,,37583,,,,277034,0
Q152401,Foot-and-mouth disease,bn,missing,,,37583,,,,277034,0
Q152401,Foot-and-mouth disease,gom,missing,,,37583,,,,277034,0
Q152401,Foot-and-mouth disease,gu,missing,,,37583,,,,277034,0
Q152401,Foot-and-mouth disease,hi,stub,मुंहपका-खुरपका रोग,3165,37583,8900,0.084,2026-03-17 12:20:50,277034,9932
Q152401,Foot-and-mouth disease,kn,partial,ಕಾಲುಬಾಯಿ ಜ್ವರ,7051,37583,19107,0.188,2026-09-08 09:26:11,277034,332
Q152401,Foot-and-mouth disease,ks,stub,نیوٗر,150,37583,1079,0.004,2026-06-23 18:02:04,277034,59
Q152401,Foot-and-mouth disease,mai,missing,,,37583,,,,277034,0
Q152401,Foot-and-mouth disease,ml,stub,കുളമ്പുരോഗം,2282,37583,7259,0.061,2026-07-10 20:20:54,277034,330
Q152401,Foot-and-mouth disease,mni,missing,,,37583,,,,277034,0
Q152401,Foot-and-mouth disease,mr,missing,,,37583,,,,277034,0
Q152401,Foot-and-mouth disease,ne,stub,खोरेत रोग,5090,37583,13621,0.135,2022-03-18 10:49:26,277034,241
Q152401,Foot-and-mouth disease,or,missing,,,37583,,,,277034,0
Q152401,Foot-and-mouth disease,pa,stub,ਮੂੰਹ-ਖੁਰ ਦਾ ਰੋਗ,1109,37583,3687,0.03,2020-09-16 12:51:48,277034,133
Q152401,Foot-and-mouth disease,sa,missing,,,37583,,,,277034,0
Q152401,Foot-and-mouth disease,sat,missing,,,37583,,,,277034,0
Q152401,Foot-and-mouth disease,sd,missing,,,37583,,,,277034,0
Q152401,Foot-and-mouth disease,ta,stub,கோமாரி நோய்,3975,37583,11770,0.106,2026-03-17 12:20:24,277034,593
Q152401,Foot-and-mouth disease,tcy,missing,,,37583,,,,277034,0
Q152401,Foot-and-mouth disease,te,stub,"నోటి, కాలి వ్యాధి",2417,37583,9460,0.064,2023-01-09 20:38:56,277034,166
Q152401,Foot-and-mouth disease,ur,stub,منہ کھر (بیماری),3698,37583,14143,0.098,2026-05-01 11:17:23,277034,503
Q15326,Alcoholism,as,missing,,,57948,,,,346916,0
Q15326,Alcoholism,bh,missing,,,57948,,,,346916,0
Q15326,Alcoholism,bn,stub,মদ্যাসক্তি,3520,57948,11266,0.061,2026-04-27 16:38:14,346916,201
Q15326,Alcoholism,gom,missing,,,57948,,,,346916,0
Q15326,Alcoholism,gu,good,મદ્યપાન,33402,57948,142756,0.576,2026-09-08 20:06:34,346916,475
Q15326,Alcoholism,hi,good,शराबीपन,37980,57948,144989,0.655,2026-07-03 12:45:22,346916,892
Q15326,Alcoholism,kn,good,ಮದ್ಯದ ಗೀಳು,38204,57948,152064,0.659,2026-08-11 21:13:58,346916,1700
Q15326,Alcoholism,ks,missing,,,57948,,,,346916,0
Q15326,Alcoholism,mai,missing,,,57948,,,,346916,0
Q15326,Alcoholism,ml,partial,അതിമദ്യാസക്തി,9610,57948,28805,0.166,2022-07-25 01:31:39,346916,308
Q15326,Alcoholism,mni,missing,,,57948,,,,346916,0
Q15326,Alcoholism,mr,stub,मद्यपाश,3421,57948,9931,0.059,2023-11-22 22:50:06,346916,443
Q15326,Alcoholism,ne,missing,,,57948,,,,346916,0
Q15326,Alcoholism,or,stub,ମଦ୍ୟାତ୍ୟୟ,3416,57948,28560,0.059,2026-08-14 05:21:24,346916,223
Q15326,Alcoholism,pa,stub,ਸ਼ਰਾਬਬਾਜ਼ੀ,3085,57948,17715,0.053,2026-08-01 11:52:55,346916,365
Q15326,Alcoholism,sa,missing,,,57948,,,,346916,0
Q15326,Alcoholism,sat,missing,,,57948,,,,346916,0
Q15326,Alcoholism,sd,missing,,,57948,,,,346916,0
Q15326,Alcoholism,ta,good,குடிப்பழக்கம்,44504,57948,170187,0.768,2026-09-23 08:24:11,346916,2875
Q15326,Alcoholism,tcy,missing,,,57948,,,,346916,0
Q15326,Alcoholism,te,stub,మద్యపాన వ్యసనం,1158,57948,5664,0.02,2024-10-09 06:33:26,346916,279
Q15326,Alcoholism,ur,stub,مے پرستی,1368,57948,5933,0.024,2025-10-16 07:52:53,346916,155
Q153356,Chlamydia,as,stub,ক্লামিডিয়া সংক্ৰমণ,1734,15088,5842,0.115,2025-01-30 20:59:19,179602,77
Q153356,Chlamydia,bh,missing,,,15088,,,,179602,0
Q153356,Chlamydia,bn,stub,ক্ল্যামিডিয়া,1966,15088,9457,0.13,2025-02-08 04:19:52,179602,378
Q153356,Chlamydia,gom,missing,,,15088,,,,179602,0
Q153356,Chlamydia,gu,missing,,,15088,,,,179602,0
Q153356,Chlamydia,hi,stub,क्लैमिडिया संक्रमण,1708,15088,5879,0.113,2024-09-24 07:29:55,179602,467
Q153356,Chlamydia,kn,missing,,,15088,,,,179602,0
Q153356,Chlamydia,ks,missing,,,15088,,,,179602,0
Q153356,Chlamydia,mai,missing,,,15088,,,,179602,0
Q153356,Chlamydia,ml,missing,,,15088,,,,179602,0
Q153356,Chlamydia,mni,missing,,,15088,,,,179602,0
Q153356,Chlamydia,mr,missing,,,15088,,,,179602,0
Q153356,Chlamydia,ne,missing,,,15088,,,,179602,0
Q153356,Chlamydia,or,partial,କ୍ଲାମିଡିଆ ସଂକ୍ରମଣ,2264,15088,10529,0.15,2026-08-03 06:21:28,179602,72
Q153356,Chlamydia,pa,missing,,,15088,,,,179602,0
Q153356,Chlamydia,sa,missing,,,15088,,,,179602,0
Q153356,Chlamydia,sat,missing,,,15088,,,,179602,0
Q153356,Chlamydia,sd,missing,,,15088,,,,179602,0
Q153356,Chlamydia,ta,partial,கிளமிடியா,3268,15088,13978,0.217,2026-01-13 03:10:01,179602,547
Q153356,Chlamydia,tcy,missing,,,15088,,,,179602,0
Q153356,Chlamydia,te,partial,క్లామిడియా సంక్రమణం,2508,15088,13019,0.166,2026-08-10 13:57:37,179602,7
Q153356,Chlamydia,ur,missing,,,15088,,,,179602,0
Q153861,Tularemia,as,missing,,,14018,,,,121578,0
Q153861,Tularemia,bh,missing,,,14018,,,,121578,0
Q153861,Tularemia,bn,missing,,,14018,,,,121578,0
Q153861,Tularemia,gom,missing,,,14018,,,,121578,0
Q153861,Tularemia,gu,missing,,,14018,,,,121578,0
Q153861,Tularemia,hi,stub,टुलारेमिया,1359,14018,5211,0.097,2026-06-30 19:43:29,121578,30
Q153861,Tularemia,kn,partial,ಟುಲರೀಮಿಯ,3134,14018,8973,0.224,2026-03-23 18:43:27,121578,41
Q153861,Tularemia,ks,missing,,,14018,,,,121578,0
Q153861,Tularemia,mai,missing,,,14018,,,,121578,0
Q153861,Tularemia,ml,stub,ടൂലറിമിയ,1387,14018,4672,0.099,2013-07-29 15:13:44,121578,64
Q153861,Tularemia,mni,missing,,,14018,,,,121578,0
Q153861,Tularemia,mr,missing,,,14018,,,,121578,0
Q153861,Tularemia,ne,missing,,,14018,,,,121578,0
Q153861,Tularemia,or,stub,ଟୁଲାରେମିଆ,1273,14018,8599,0.091,2026-08-14 09:54:13,121578,37
Q153861,Tularemia,pa,missing,,,14018,,,,121578,0
Q153861,Tularemia,sa,missing,,,14018,,,,121578,0
Q153861,Tularemia,sat,missing,,,14018,,,,121578,0
Q153861,Tularemia,sd,missing,,,14018,,,,121578,0
Q153861,Tularemia,ta,missing,,,14018,,,,121578,0
Q153861,Tularemia,tcy,missing,,,14018,,,,121578,0
Q153861,Tularemia,te,missing,,,14018,,,,121578,0
Q153861,Tularemia,ur,missing,,,14018,,,,121578,0
Q15401700,Permanent account number,as,missing,,,12366,,,,199367,0
Q15401700,Permanent account number,bh,stub,परमानेंट एकाउंट नंबर,882,12366,2556,0.071,2023-06-03 18:36:33,199367,70
Q15401700,Permanent account number,bn,missing,,,12366,,,,199367,0
Q15401700,Permanent account number,gom,missing,,,12366,,,,199367,0
Q15401700,Permanent account number,gu,missing,,,12366,,,,199367,0
Q15401700,Permanent account number,hi,partial,स्थाई खाता संख्या,5108,12366,14854,0.413,2026-07-27 16:02:08,199367,5824
Q15401700,Permanent account number,kn,missing,,,12366,,,,199367,0
Q15401700,Permanent account number,ks,missing,,,12366,,,,199367,0
Q15401700,Permanent account number,mai,missing,,,12366,,,,199367,0
Q15401700,Permanent account number,ml,partial,പെർമനന്റ് അക്കൗണ്ട് നമ്പർ,4490,12366,12308,0.363,2021-08-11 07:47:22,199367,1098
Q15401700,Permanent account number,mni,missing,,,12366,,,,199367,0
Q15401700,Permanent account number,mr,partial,परमनंट अकाउंट नंबर,2357,12366,7720,0.191,2023-11-24 08:17:08,199367,665
Q15401700,Permanent account number,ne,stub,स्थायी लेखा नम्बर,947,12366,2676,0.077,2021-06-30 16:01:02,199367,326
Q15401700,Permanent account number,or,missing,,,12366,,,,199367,0
Q15401700,Permanent account number,pa,stub,ਪੈਨ ਕਾਰਡ,812,12366,2467,0.066,2023-04-08 03:41:42,199367,92
Q15401700,Permanent account number,sa,missing,,,12366,,,,199367,0
Q15401700,Permanent account number,sat,missing,,,12366,,,,199367,0
Q15401700,Permanent account number,sd,missing,,,12366,,,,199367,0
Q15401700,Permanent account number,ta,stub,நிரந்தர கணக்கு எண்,1819,12366,5406,0.147,2026-09-02 07:10:27,199367,1112
Q15401700,Permanent account number,tcy,missing,,,12366,,,,199367,0
Q15401700,Permanent account number,te,stub,శాశ్వత ఖాతా సంఖ్య,1747,12366,5524,0.141,2026-05-26 01:38:27,199367,1657
Q15401700,Permanent account number,ur,stub,پین کارڈ,1639,12366,4698,0.133,2025-05-06 21:41:45,199367,258
Q154430,Anxiety,as,good,উদ্বিগ্নতা,39652,35174,151776,1.0,2026-08-26 07:45:58,273762,1558
Q154430,Anxiety,bh,missing,,,35174,,,,273762,0
Q154430,Anxiety,bn,partial,উদ্বেগ,8040,35174,36504,0.229,2025-10-13 15:27:30,273762,578
Q154430,Anxiety,gom,missing,,,35174,,,,273762,0
Q154430,Anxiety,gu,missing,,,35174,,,,273762,0
Q154430,Anxiety,hi,partial,चिंता,11959,35174,41393,0.34,2026-09-24 06:02:33,273762,2002
Q154430,Anxiety,kn,stub,ಆತಂಕ,469,35174,1503,0.013,2026-03-22 01:06:59,273762,252
Q154430,Anxiety,ks,missing,,,35174,,,,273762,0
Q154430,Anxiety,mai,missing,,,35174,,,,273762,0
Q154430,Anxiety,ml,missing,,,35174,,,,273762,0
Q154430,Anxiety,mni,missing,,,35174,,,,273762,0
Q154430,Anxiety,mr,missing,,,35174,,,,273762,0
Q154430,Anxiety,ne,stub,चिन्ता,613,35174,2132,0.017,2026-08-22 22:49:27,273762,125
Q154430,Anxiety,or,stub,ଉଦ୍‌ବେଗ,2874,35174,14260,0.082,2026-08-13 21:55:14,273762,152
Q154430,Anxiety,pa,stub,ਚਿੰਤਾ,2785,35174,8480,0.079,2025-06-19 08:18:48,273762,143
Q154430,Anxiety,sa,partial,चिन्ता,11056,35174,30146,0.314,2023-03-13 05:02:06,273762,80
Q154430,Anxiety,sat,missing,,,35174,,,,273762,0
Q154430,Anxiety,sd,stub,بيچيني,2869,35174,5967,0.082,2026-03-18 20:24:23,273762,32
Q154430,Anxiety,ta,stub,பதகளிப்பு,1607,35174,6589,0.046,2023-08-21 03:47:35,273762,284
Q154430,Anxiety,tcy,missing,,,35174,,,,273762,0
Q154430,Anxiety,te,stub,ఆందోళన,845,35174,5255,0.024,2024-09-29 17:58:06,273762,573
Q154430,Anxiety,ur,stub,اضطراب ذہنی,636,35174,2452,0.018,2025-06-12 02:44:00,273762,238
Q154865,Botulism,as,missing,,,39589,,,,463748,0
Q154865,Botulism,bh,missing,,,39589,,,,463748,0
Q154865,Botulism,bn,stub,বটুলিজম,2451,39589,9750,0.062,2025-05-26 06:35:27,463748,202
Q154865,Botulism,gom,missing,,,39589,,,,463748,0
Q154865,Botulism,gu,missing,,,39589,,,,463748,0
Q154865,Botulism,hi,missing,,,39589,,,,463748,0
Q154865,Botulism,kn,missing,,,39589,,,,463748,0
Q154865,Botulism,ks,missing,,,39589,,,,463748,0
Q154865,Botulism,mai,missing,,,39589,,,,463748,0
Q154865,Botulism,ml,partial,ബോട്ടുലിസം,11202,39589,44812,0.283,2025-10-09 19:00:13,463748,279
Q154865,Botulism,mni,missing,,,39589,,,,463748,0
Q154865,Botulism,mr,missing,,,39589,,,,463748,0
Q154865,Botulism,ne,missing,,,39589,,,,463748,0
Q154865,Botulism,or,stub,ବୋଟୁଲିଜ୍ମ,1406,39589,5469,0.036,2023-04-23 20:12:27,463748,56
Q154865,Botulism,pa,missing,,,39589,,,,463748,0
Q154865,Botulism,sa,missing,,,39589,,,,463748,0
Q154865,Botulism,sat,missing,,,39589,,,,463748,0
Q154865,Botulism,sd,missing,,,39589,,,,463748,0
Q154865,Botulism,ta,stub,பாட்டுலைனியம்,1635,39589,5921,0.041,2025-10-23 22:23:31,463748,96
Q154865,Botulism,tcy,missing,,,39589,,,,463748,0
Q154865,Botulism,te,stub,బోటులిజం,1930,39589,10595,0.049,2026-09-11 16:50:58,463748,0
Q154865,Botulism,ur,partial,کلمگی,14442,39589,38811,0.365,2026-08-06 05:24:44,463748,104
Q154878,Toxoplasmosis,as,missing,,,57070,,,,434972,0
Q154878,Toxoplasmosis,bh,missing,,,57070,,,,434972,0
Q154878,Toxoplasmosis,bn,missing,,,57070,,,,434972,0
Q154878,Toxoplasmosis,gom,missing,,,57070,,,,434972,0
Q154878,Toxoplasmosis,gu,missing,,,57070,,,,434972,0
Q154878,Toxoplasmosis,hi,stub,टोक्सोप्लाज़मोसिज़,3373,57070,16879,0.059,2026-06-27 12:35:02,434972,28
Q154878,Toxoplasmosis,kn,missing,,,57070,,,,434972,0
Q154878,Toxoplasmosis,ks,missing,,,57070,,,,434972,0
Q154878,Toxoplasmosis,mai,missing,,,57070,,,,434972,0
Q154878,Toxoplasmosis,ml,missing,,,57070,,,,434972,0
Q154878,Toxoplasmosis,mni,missing,,,57070,,,,434972,0
Q154878,Toxoplasmosis,mr,missing,,,57070,,,,434972,0
Q154878,Toxoplasmosis,ne,missing,,,57070,,,,434972,0
Q154878,Toxoplasmosis,or,stub,ଟକ୍‌ସୋପ୍ଲାଜମୋସିସ୍,1444,57070,8270,0.025,2022-02-12 11:49:30,434972,111
Q154878,Toxoplasmosis,pa,missing,,,57070,,,,434972,0
Q154878,Toxoplasmosis,sa,missing,,,57070,,,,434972,0
Q154878,Toxoplasmosis,sat,missing,,,57070,,,,434972,0
Q154878,Toxoplasmosis,sd,missing,,,57070,,,,434972,0
Q154878,Toxoplasmosis,ta,stub,டாக்சோபிளாஸ்மோசிஸ்,1197,57070,8177,0.021,2023-07-21 19:55:39,434972,244
Q154878,Toxoplasmosis,tcy,missing,,,57070,,,,434972,0
Q154878,Toxoplasmosis,te,stub,టాక్సోప్లాస్మోసిస్,1976,57070,10919,0.035,2026-09-13 05:46:23,434972,0
Q154878,Toxoplasmosis,ur,missing,,,57070,,,,434972,0
Q156223,Pension,as,missing,,,44002,,,,99470,0
Q156223,Pension,bh,missing,,,44002,,,,99470,0
Q156223,Pension,bn,stub,অবসরভাতা,3558,44002,13712,0.081,2025-02-09 00:11:05,99470,814
Q156223,Pension,gom,missing,,,44002,,,,99470,0
Q156223,Pension,gu,good,પેન્શન,26217,44002,73335,0.596,2024-07-17 20:55:25,99470,2218
Q156223,Pension,hi,stub,पेंशन,2791,44002,7773,0.063,2024-07-24 06:34:33,99470,3231
Q156223,Pension,kn,stub,ಪಿಂಚಣಿ,363,44002,1147,0.008,2026-03-24 19:37:09,99470,653
Q156223,Pension,ks,missing,,,44002,,,,99470,0
Q156223,Pension,mai,missing,,,44002,,,,99470,0
Q156223,Pension,ml,stub,അടുത്തൂൺ,785,44002,2383,0.018,2020-05-29 06:57:05,99470,1858
Q156223,Pension,mni,missing,,,44002,,,,99470,0
Q156223,Pension,mr,missing,,,44002,,,,99470,0
Q156223,Pension,ne,missing,,,44002,,,,99470,0
Q156223,Pension,or,missing,,,44002,,,,99470,0
Q156223,Pension,pa,missing,,,44002,,,,99470,0
Q156223,Pension,sa,missing,,,44002,,,,99470,0
Q156223,Pension,sat,missing,,,44002,,,,99470,0
Q156223,Pension,sd,missing,,,44002,,,,99470,0
Q156223,Pension,ta,missing,,,44002,,,,99470,0
Q156223,Pension,tcy,missing,,,44002,,,,99470,0
Q156223,Pension,te,stub,పింఛను,4682,44002,14926,0.106,2024-09-27 09:57:57,99470,8415
Q156223,Pension,ur,missing,,,44002,,,,99470,0
Q15645384,Wheat,as,stub,গম,1613,41387,6847,0.039,2020-12-25 06:57:42,371408,546
Q15645384,Wheat,bh,stub,गोहूँ,172,41387,720,0.004,2023-06-03 18:26:15,371408,129
Q15645384,Wheat,bn,stub,গম,1465,41387,10775,0.035,2026-04-29 16:09:41,371408,2151
Q15645384,Wheat,gom,missing,,,41387,,,,371408,0
Q15645384,Wheat,gu,stub,ઘઉં,3451,41387,13198,0.083,2026-02-17 15:47:29,371408,2429
Q15645384,Wheat,hi,partial,गेहूँ,7189,41387,27317,0.174,2025-11-02 20:29:58,371408,19689
Q15645384,Wheat,kn,good,ಗೋಧಿ,35259,41387,112124,0.852,2026-03-23 01:47:54,371408,2235
Q15645384,Wheat,ks,missing,,,41387,,,,371408,0
Q15645384,Wheat,mai,stub,गहूँ,657,41387,4043,0.016,2023-10-07 13:47:55,371408,125
Q15645384,Wheat,ml,stub,ഗോതമ്പ്,3799,41387,14008,0.092,2026-05-07 21:09:56,371408,1188
Q15645384,Wheat,mni,missing,,,41387,,,,371408,0
Q15645384,Wheat,mr,stub,गहू,467,41387,1980,0.011,2025-07-28 19:29:50,371408,2729
Q15645384,Wheat,ne,partial,गहुँ,13131,41387,37390,0.317,2025-09-28 09:45:49,371408,438
Q15645384,Wheat,or,missing,,,41387,,,,371408,0
Q15645384,Wheat,pa,partial,ਕਣਕ,11109,41387,35706,0.268,2024-05-10 00:50:57,371408,1056
Q15645384,Wheat,sa,missing,,,41387,,,,371408,0
Q15645384,Wheat,sat,stub,ᱜᱩᱦᱩᱢ,1879,41387,5205,0.045,2025-12-09 03:11:54,371408,168
Q15645384,Wheat,sd,stub,ڪڻڪ,2178,41387,5975,0.053,2026-02-07 11:32:19,371408,221
Q15645384,Wheat,ta,partial,கோதுமை,15330,41387,52527,0.37,2026-09-13 05:49:56,371408,2186
Q15645384,Wheat,tcy,stub,ಗೋಧಿ,393,41387,1265,0.009,2025-11-08 05:06:48,371408,170
Q15645384,Wheat,te,partial,గోధుమ,8741,41387,25070,0.211,2026-01-22 15:37:11,371408,1020
Q15645384,Wheat,ur,stub,گہوں,4725,41387,11329,0.114,2026-04-05 01:59:12,371408,593
Q156537,Domestic violence,as,stub,ঘৰুৱা নিৰ্যাতন,1749,107761,6326,0.016,2024-04-19 18:31:18,232940,102
Q156537,Domestic violence,bh,missing,,,107761,,,,232940,0
Q156537,Domestic violence,bn,good,পারিবারিক সহিংসতা,93834,107761,437124,0.871,2025-04-13 06:37:00,232940,1648
Q156537,Domestic violence,gom,missing,,,107761,,,,232940,0
Q156537,Domestic violence,gu,missing,,,107761,,,,232940,0
Q156537,Domestic violence,hi,stub,घरेलू हिंसा,1161,107761,4167,0.011,2021-11-18 03:33:01,232940,9830
Q156537,Domestic violence,kn,missing,,,107761,,,,232940,0
Q156537,Domestic violence,ks,missing,,,107761,,,,232940,0
Q156537,Domestic violence,mai,stub,घरेलु हिंसा,487,107761,3030,0.005,2019-01-04 15:16:13,232940,124
Q156537,Domestic violence,ml,partial,ഗാർഹിക പീഡനം,22340,107761,65844,0.207,2022-09-15 04:32:26,232940,1669
Q156537,Domestic violence,mni,missing,,,107761,,,,232940,0
Q156537,Domestic violence,mr,missing,,,107761,,,,232940,0
Q156537,Domestic violence,ne,stub,घरेलु हिंसा,1096,107761,4030,0.01,2025-08-10 03:04:49,232940,1486
Q156537,Domestic violence,or,missing,,,107761,,,,232940,0
Q156537,Domestic violence,pa,stub,ਘਰੇਲੂ ਹਿੰਸਾ,472,107761,1441,0.004,2020-09-15 11:57:45,232940,164
Q156537,Domestic violence,sa,missing,,,107761,,,,232940,0
Q156537,Domestic violence,sat,missing,,,107761,,,,232940,0
Q156537,Domestic violence,sd,stub,گهرو تشدد,2272,107761,4932,0.021,2026-03-14 10:33:03,232940,21
Q156537,Domestic violence,ta,stub,குடும்ப வன்முறை,711,107761,2705,0.007,2022-07-05 06:36:06,232940,516
Q156537,Domestic violence,tcy,missing,,,107761,,,,232940,0
Q156537,Domestic violence,te,stub,గృహ హింస,6152,107761,21663,0.057,2024-02-08 03:34:37,232940,1344
Q156537,Domestic violence,ur,missing,,,107761,,,,232940,0
Q157661,Hepatitis A,as,missing,,,15438,,,,110994,0
Q157661,Hepatitis A,bh,missing,,,15438,,,,110994,0
Q157661,Hepatitis A,bn,partial,হেপাটাইটিস এ,2566,15438,12874,0.166,2026-07-13 08:46:29,110994,527
Q157661,Hepatitis A,gom,missing,,,15438,,,,110994,0
Q157661,Hepatitis A,gu,missing,,,15438,,,,110994,0
Q157661,Hepatitis A,hi,partial,हेपेटाइटिस ए,2487,15438,7802,0.161,2025-05-16 13:06:59,110994,716
Q157661,Hepatitis A,kn,missing,,,15438,,,,110994,0
Q157661,Hepatitis A,ks,missing,,,15438,,,,110994,0
Q157661,Hepatitis A,mai,missing,,,15438,,,,110994,0
Q157661,Hepatitis A,ml,stub,ഹെപ്പറ്റൈറ്റിസ്-എ,2108,15438,7946,0.137,2023-12-15 05:07:57,110994,2382
Q157661,Hepatitis A,mni,missing,,,15438,,,,110994,0
Q157661,Hepatitis A,mr,partial,हिपॅटायटीस ए,2429,15438,12242,0.157,2025-03-18 06:41:33,110994,714
Q157661,Hepatitis A,ne,partial,हेपाटाइटिस ए,2622,15438,10943,0.17,2026-08-22 20:01:43,110994,49
Q157661,Hepatitis A,or,stub,ହେପାଟାଇଟିସ ଏ,2210,15438,10102,0.143,2026-08-14 07:54:07,110994,56
Q157661,Hepatitis A,pa,partial,ਹੈਪੇਟਾਈਟਿਸ ਏ,2602,15438,10784,0.169,2026-07-10 19:25:56,110994,134
Q157661,Hepatitis A,sa,missing,,,15438,,,,110994,0
Q157661,Hepatitis A,sat,missing,,,15438,,,,110994,0
Q157661,Hepatitis A,sd,stub,ھيپاٽائٽس اي,904,15438,4739,0.059,2026-08-21 19:26:41,110994,32
Q157661,Hepatitis A,ta,partial,கல்லீரல் அழற்சி வகை ஏ,2755,15438,12214,0.178,2026-06-24 03:42:28,110994,592
Q157661,Hepatitis A,tcy,missing,,,15438,,,,110994,0
Q157661,Hepatitis A,te,partial,హెపటైటిస్ ఎ,2567,15438,9691,0.166,2026-05-15 22:40:13,110994,186
Q157661,Hepatitis A,ur,partial,ہپاٹائٹس اے,2360,15438,9221,0.153,2026-08-06 05:36:54,110994,111
Q159421,Savings account,as,missing,,,4272,,,,54271,0
Q159421,Savings account,bh,missing,,,4272,,,,54271,0
Q159421,Savings account,bn,good,সঞ্চয়ী হিসাব,3058,4272,10309,0.716,2025-01-03 04:21:40,54271,1046
Q159421,Savings account,gom,missing,,,4272,,,,54271,0
Q159421,Savings account,gu,missing,,,4272,,,,54271,0
Q159421,Savings account,hi,good,बचत खाता,3413,4272,10007,0.799,2024-12-20 08:12:48,54271,2884
Q159421,Savings account,kn,partial,ಉಳಿತಾಯ ಖಾತೆ,1586,4272,4610,0.371,2026-03-22 06:35:50,54271,734
Q159421,Savings account,ks,missing,,,4272,,,,54271,0
Q159421,Savings account,mai,missing,,,4272,,,,54271,0
Q159421,Savings account,ml,good,സേവിംഗ്സ് ബാങ്ക് അക്കൗണ്ട്,2436,4272,9705,0.57,2025-09-07 03:27:55,54271,605
Q159421,Savings account,mni,missing,,,4272,,,,54271,0
Q159421,Savings account,mr,good,बचत खाते,2631,4272,7176,0.616,2024-07-11 13:42:42,54271,667
Q159421,Savings account,ne,stub,बचत खाता,452,4272,1334,0.106,2023-04-10 00:27:23,54271,136
Q159421,Savings account,or,good,ସଞ୍ଚୟ ଖାତା,3068,4272,8714,0.718,2024-06-24 20:32:08,54271,117
Q159421,Savings account,pa,missing,,,4272,,,,54271,0
Q159421,Savings account,sa,missing,,,4272,,,,54271,0
Q159421,Savings account,sat,missing,,,4272,,,,54271,0
Q159421,Savings account,sd,missing,,,4272,,,,54271,0
Q159421,Savings account,ta,partial,சேமிப்புக் கணக்கு,1529,4272,4422,0.358,2022-01-02 14:59:04,54271,531
Q159421,Savings account,tcy,missing,,,4272,,,,54271,0
Q159421,Savings account,te,missing,,,4272,,,,54271,0
Q159421,Savings account,ur,missing,,,4272,,,,54271,0
Q159557,Coma,as,missing,,,23953,,,,260616,0
Q159557,Coma,bh,missing,,,23953,,,,260616,0
Q159557,Coma,bn,stub,গভীর অচেতনাবস্থা,2011,23953,10430,0.084,2026-09-30 16:21:25,260616,214
Q159557,Coma,gom,missing,,,23953,,,,260616,0
Q159557,Coma,gu,missing,,,23953,,,,260616,0
Q159557,Coma,hi,stub,निश्चेतनता,2235,23953,5868,0.093,2026-06-25 15:17:26,260616,134
Q159557,Coma,kn,missing,,,23953,,,,260616,0
Q159557,Coma,ks,missing,,,23953,,,,260616,0
Q159557,Coma,mai,missing,,,23953,,,,260616,0
Q159557,Coma,ml,good,കോമ (വൈദ്യശാസ്ത്രം),19086,23953,76137,0.797,2026-07-16 17:36:20,260616,372
Q159557,Coma,mni,missing,,,23953,,,,260616,0
Q159557,Coma,mr,missing,,,23953,,,,260616,0
Q159557,Coma,ne,missing,,,23953,,,,260616,0
Q159557,Coma,or,good,କୋମା,14015,23953,46289,0.585,2026-08-14 04:33:03,260616,121
Q159557,Coma,pa,partial,ਕੋਮਾ,4426,23953,13887,0.185,2026-05-12 05:53:42,260616,89
Q159557,Coma,sa,missing,,,23953,,,,260616,0
Q159557,Coma,sat,missing,,,23953,,,,260616,0
Q159557,Coma,sd,missing,,,23953,,,,260616,0
Q159557,Coma,ta,partial,ஆழ்மயக்கம்,10336,23953,33704,0.432,2026-05-12 05:59:21,260616,554
Q159557,Coma,tcy,missing,,,23953,,,,260616,0
Q159557,Coma,te,missing,,,23953,,,,260616,0
Q159557,Coma,ur,missing,,,23953,,,,260616,0
Q159701,Glaucoma,as,missing,,,39958,,,,426091,0
Q159701,Glaucoma,bh,missing,,,39958,,,,426091,0
Q159701,Glaucoma,bn,stub,গ্লুকোমা,1831,39958,12466,0.046,2026-09-24 09:20:00,426091,1045
Q159701,Glaucoma,gom,missing,,,39958,,,,426091,0
Q159701,Glaucoma,gu,missing,,,39958,,,,426091,0
Q159701,Glaucoma,hi,partial,कांचबिंदु,6192,39958,21957,0.155,2024-11-27 19:00:56,426091,1149
Q159701,Glaucoma,kn,stub,ಗ್ಲೊಕೊಮಾ,4892,39958,13691,0.122,2026-03-23 02:47:04,426091,127
Q159701,Glaucoma,ks,missing,,,39958,,,,426091,0
Q159701,Glaucoma,mai,missing,,,39958,,,,426091,0
Q159701,Glaucoma,ml,partial,ഗ്ലോക്കോമ,13293,39958,43763,0.333,2026-07-16 05:17:27,426091,1619
Q159701,Glaucoma,mni,missing,,,39958,,,,426091,0
Q159701,Glaucoma,mr,stub,काचबिंदू,597,39958,2217,0.015,2023-08-09 23:36:02,426091,145
Q159701,Glaucoma,ne,stub,जलविन्दु,1921,39958,12771,0.048,2026-08-22 20:01:21,426091,35
Q159701,Glaucoma,or,stub,ଗ୍ଲକୋମା,2194,39958,11350,0.055,2026-08-02 22:38:20,426091,274
Q159701,Glaucoma,pa,stub,ਕਾਲ਼ਾ ਮੋਤੀਆ,1100,39958,3997,0.028,2021-10-12 09:57:21,426091,148
Q159701,Glaucoma,sa,missing,,,39958,,,,426091,0
Q159701,Glaucoma,sat,missing,,,39958,,,,426091,0
Q159701,Glaucoma,sd,stub,ڪارو پاڻي (بائيولاجي),318,39958,2178,0.008,2026-08-21 14:37:05,426091,56
Q159701,Glaucoma,ta,good,கண் அழுத்த நோய்,37559,39958,124668,0.94,2026-09-15 08:58:40,426091,1708
Q159701,Glaucoma,tcy,missing,,,39958,,,,426091,0
Q159701,Glaucoma,te,stub,నీటి కాసులు,443,39958,2307,0.011,2026-01-23 13:45:09,426091,651
Q159701,Glaucoma,ur,stub,کالا موتیا,2800,39958,8381,0.07,2025-05-09 13:10:47,426091,446
Q160105,Cervical cancer,as,stub,চাৰ্ভিকেল কেন্সাৰ,2845,38825,20046,0.073,2026-09-23 06:05:51,142049,565
Q160105,Cervical cancer,bh,missing,,,38825,,,,142049,0
Q160105,Cervical cancer,bn,partial,জরায়ুমুখের ক্যান্সার,12032,38825,74668,0.31,2026-07-13 02:53:33,142049,1180
Q160105,Cervical cancer,gom,missing,,,38825,,,,142049,0
Q160105,Cervical cancer,gu,missing,,,38825,,,,142049,0
Q160105,Cervical cancer,hi,good,गर्भाशयग्रीवा कैन्सर,27089,38825,109402,0.698,2026-07-02 23:47:56,142049,648
Q160105,Cervical cancer,kn,good,ಗರ್ಭಕಂಠದ ಕ್ಯಾನ್ಸರ್,30214,38825,112829,0.778,2026-08-11 23:22:59,142049,1215
Q160105,Cervical cancer,ks,missing,,,38825,,,,142049,0
Q160105,Cervical cancer,mai,missing,,,38825,,,,142049,0
Q160105,Cervical cancer,ml,stub,സെർവിക്കൽ കാൻസർ,3825,38825,25456,0.099,2026-07-09 18:32:59,142049,1168
Q160105,Cervical cancer,mni,missing,,,38825,,,,142049,0
Q160105,Cervical cancer,mr,stub,गर्भाशयाच्या मुखाचा कर्करोग,993,38825,3547,0.026,2025-05-10 06:31:41,142049,158
Q160105,Cervical cancer,ne,partial,पाठेघरको क्यान्सर,7120,38825,21474,0.183,2025-11-27 16:03:18,142049,288
Q160105,Cervical cancer,or,stub,ଗର୍ଭାଶୟ ଗ୍ରୀବା କର୍କଟ,2341,38825,11256,0.06,2026-08-14 10:43:55,142049,295
Q160105,Cervical cancer,pa,stub,ਬੱਚੇਦਾਨੀ ਦਾ ਕੈਂਸਰ,3583,38825,14653,0.092,2026-07-10 19:39:05,142049,285
Q160105,Cervical cancer,sa,missing,,,38825,,,,142049,0
Q160105,Cervical cancer,sat,missing,,,38825,,,,142049,0
Q160105,Cervical cancer,sd,missing,,,38825,,,,142049,0
Q160105,Cervical cancer,ta,good,கருப்பை வாய்ப் புற்றுநோய்,37644,38825,137949,0.97,2026-09-28 14:45:28,142049,1595
Q160105,Cervical cancer,tcy,missing,,,38825,,,,142049,0
Q160105,Cervical cancer,te,stub,సర్విక్స్ గర్భాశయ క్యాన్సర్,2634,38825,16415,0.068,2024-08-02 18:39:09,142049,306
Q160105,Cervical cancer,ur,stub,سرطان عنقی,3673,38825,6967,0.095,2026-03-23 13:30:34,142049,247
Q16056283,Child marriage in India,as,stub,ভাৰতত বাল্য বিবাহ,2051,18240,7750,0.112,2024-11-02 11:48:09,48882,550
Q16056283,Child marriage in India,bh,missing,,,18240,,,,48882,0
Q16056283,Child marriage in India,bn,good,ভারতে বাল্যবিবাহ,16889,18240,54605,0.926,2026-07-09 14:46:12,48882,2928
Q16056283,Child marriage in India,gom,missing,,,18240,,,,48882,0
Q16056283,Child marriage in India,gu,missing,,,18240,,,,48882,0
Q16056283,Child marriage in India,hi,stub,भारत में बाल विवाह,651,18240,2397,0.036,2026-09-29 09:04:04,48882,2939
Q16056283,Child marriage in India,kn,missing,,,18240,,,,48882,0
Q16056283,Child marriage in India,ks,missing,,,18240,,,,48882,0
Q16056283,Child marriage in India,mai,missing,,,18240,,,,48882,0
Q16056283,Child marriage in India,ml,partial,ഇന്ത്യയിലെ ശൈശവ വിവാഹം,6988,18240,23041,0.383,2023-06-04 07:17:46,48882,564
Q16056283,Child marriage in India,mni,missing,,,18240,,,,48882,0
Q16056283,Child marriage in India,mr,missing,,,18240,,,,48882,0
Q16056283,Child marriage in India,ne,missing,,,18240,,,,48882,0
Q16056283,Child marriage in India,or,missing,,,18240,,,,48882,0
Q16056283,Child marriage in India,pa,partial,ਭਾਰਤ ਵਿੱਚ ਬਾਲ ਵਿਆਹ,3303,18240,12814,0.181,2025-01-21 11:34:32,48882,614
Q16056283,Child marriage in India,sa,missing,,,18240,,,,48882,0
Q16056283,Child marriage in India,sat,missing,,,18240,,,,48882,0
Q16056283,Child marriage in India,sd,missing,,,18240,,,,48882,0
Q16056283,Child marriage in India,ta,missing,,,18240,,,,48882,0
Q16056283,Child marriage in India,tcy,missing,,,18240,,,,48882,0
Q16056283,Child marriage in India,te,partial,బాల్యవివాహాలు,3814,18240,10462,0.209,2024-07-03 04:40:35,48882,6817
Q16056283,Child marriage in India,ur,missing,,,18240,,,,48882,0
Q160796,Delirium,as,missing,,,41470,,,,177033,0
Q160796,Delirium,bh,missing,,,41470,,,,177033,0
Q160796,Delirium,bn,stub,প্রলাপ,2835,41470,14239,0.068,2026-06-24 20:45:11,177033,150
Q160796,Delirium,gom,missing,,,41470,,,,177033,0
Q160796,Delirium,gu,good,ચિત્તભ્રમણા,22245,41470,66856,0.536,2026-09-22 02:08:06,177033,177
Q160796,Delirium,hi,stub,चित्तविभ्रम,2333,41470,6170,0.056,2025-05-01 10:42:31,177033,182
Q160796,Delirium,kn,stub,ಸನ್ನಿ,697,41470,2282,0.017,2026-08-12 02:01:52,177033,225
Q160796,Delirium,ks,missing,,,41470,,,,177033,0
Q160796,Delirium,mai,missing,,,41470,,,,177033,0
Q160796,Delirium,ml,missing,,,41470,,,,177033,0
Q160796,Delirium,mni,missing,,,41470,,,,177033,0
Q160796,Delirium,mr,stub,मुग्धभ्रांति,4405,41470,11744,0.106,2025-05-26 03:31:27,177033,43
Q160796,Delirium,ne,missing,,,41470,,,,177033,0
Q160796,Delirium,or,stub,ଉନ୍ମାଦ,2153,41470,10563,0.052,2026-08-14 09:14:58,177033,85
Q160796,Delirium,pa,missing,,,41470,,,,177033,0
Q160796,Delirium,sa,missing,,,41470,,,,177033,0
Q160796,Delirium,sat,missing,,,41470,,,,177033,0
Q160796,Delirium,sd,missing,,,41470,,,,177033,0
Q160796,Delirium,ta,missing,,,41470,,,,177033,0
Q160796,Delirium,tcy,missing,,,41470,,,,177033,0
Q160796,Delirium,te,stub,డెలిరియం,2154,41470,12017,0.052,2026-06-02 18:00:08,177033,24
Q160796,Delirium,ur,stub,ہذیان,4392,41470,13061,0.106,2025-12-10 03:07:53,177033,148
Q161380,Credit card,as,missing,,,75325,,,,270417,0
Q161380,Credit card,bh,missing,,,75325,,,,270417,0
Q161380,Credit card,bn,partial,ক্রেডিট কার্ড,36911,75325,118743,0.49,2026-08-01 05:55:54,270417,4071
Q161380,Credit card,gom,missing,,,75325,,,,270417,0
Q161380,Credit card,gu,missing,,,75325,,,,270417,0
Q161380,Credit card,hi,stub,क्रेडिट कार्ड,9230,75325,30127,0.123,2025-10-12 03:21:25,270417,1675
Q161380,Credit card,kn,good,ಕ್ರೆಡಿಟ್ ಕಾರ್ಡುಗಳು,64100,75325,196501,0.851,2026-05-16 18:55:26,270417,736
Q161380,Credit card,ks,missing,,,75325,,,,270417,0
Q161380,Credit card,mai,missing,,,75325,,,,270417,0
Q161380,Credit card,ml,stub,ക്രെഡിറ്റ് കാർഡ്,1440,75325,5786,0.019,2026-08-05 09:19:34,270417,1195
Q161380,Credit card,mni,missing,,,75325,,,,270417,0
Q161380,Credit card,mr,stub,क्रेडिट कार्ड,4601,75325,12525,0.061,2026-06-12 07:52:01,270417,1267
Q161380,Credit card,ne,stub,क्रेडिट कार्ड,1842,75325,6717,0.024,2026-04-02 07:45:54,270417,190
Q161380,Credit card,or,stub,କ୍ରେଡିଟ କାର୍ଡ଼,4303,75325,15938,0.057,2025-09-02 09:56:32,270417,164
Q161380,Credit card,pa,stub,ਕ੍ਰੈਡਿਟ ਕਾਰਡ,4658,75325,15263,0.062,2026-06-09 10:28:56,270417,229
Q161380,Credit card,sa,missing,,,75325,,,,270417,0
Q161380,Credit card,sat,missing,,,75325,,,,270417,0
Q161380,Credit card,sd,stub,ڪريڊٽ ڪارڊ,2618,75325,6599,0.035,2026-03-20 07:33:04,270417,37
Q161380,Credit card,ta,stub,கடன் அட்டை,1329,75325,4997,0.018,2026-03-19 21:42:56,270417,657
Q161380,Credit card,tcy,missing,,,75325,,,,270417,0
Q161380,Credit card,te,stub,క్రెడిట్ కార్డు,1022,75325,4269,0.014,2026-06-14 08:11:38,270417,555
Q161380,Credit card,ur,stub,کریڈٹ کارڈ,1562,75325,4282,0.021,2026-09-29 04:26:41,270417,568
Q161790,Asperger syndrome,as,missing,,,45425,,,,1216563,0
Q161790,Asperger syndrome,bh,missing,,,45425,,,,1216563,0
Q161790,Asperger syndrome,bn,good,অ্যাসপারগারের সংলক্ষণ,26058,45425,76256,0.574,2026-07-13 16:44:13,1216563,501
Q161790,Asperger syndrome,gom,missing,,,45425,,,,1216563,0
Q161790,Asperger syndrome,gu,missing,,,45425,,,,1216563,0
Q161790,Asperger syndrome,hi,good,अस्पेर्गेर संलक्षण,30475,45425,94769,0.671,2026-09-24 10:13:15,1216563,230
Q161790,Asperger syndrome,kn,missing,,,45425,,,,1216563,0
Q161790,Asperger syndrome,ks,stub,ایسپرجر سنڈروم,2681,45425,13147,0.059,2026-08-12 00:44:14,1216563,84
Q161790,Asperger syndrome,mai,missing,,,45425,,,,1216563,0
Q161790,Asperger syndrome,ml,stub,ആസ്പെർജെർ സിൻഡ്രോം,1778,45425,17034,0.039,2023-08-19 19:46:57,1216563,128
Q161790,Asperger syndrome,mni,missing,,,45425,,,,1216563,0
Q161790,Asperger syndrome,mr,missing,,,45425,,,,1216563,0
Q161790,Asperger syndrome,ne,missing,,,45425,,,,1216563,0
Q161790,Asperger syndrome,or,stub,ଆସ୍ପର୍ଗର୍ ସିଣ୍ଡ୍ରୋମ୍,1892,45425,12760,0.042,2026-08-02 18:07:38,1216563,77
Q161790,Asperger syndrome,pa,missing,,,45425,,,,1216563,0
Q161790,Asperger syndrome,sa,missing,,,45425,,,,1216563,0
Q161790,Asperger syndrome,sat,missing,,,45425,,,,1216563,0
Q161790,Asperger syndrome,sd,missing,,,45425,,,,1216563,0
Q161790,Asperger syndrome,ta,stub,அசுபெர்கர் கூட்டறிகுறி,2461,45425,13338,0.054,2026-06-24 05:49:27,1216563,137
Q161790,Asperger syndrome,tcy,missing,,,45425,,,,1216563,0
Q161790,Asperger syndrome,te,stub,ఆస్పెర్గర్ సిండ్రోమ్,2695,45425,18158,0.059,2026-09-05 10:49:03,1216563,0
Q161790,Asperger syndrome,ur,missing,,,45425,,,,1216563,0
Q161801,SIDS,as,missing,,,19475,,,,256715,0
Q161801,SIDS,bh,missing,,,19475,,,,256715,0
Q161801,SIDS,bn,good,হঠাৎ শিশু মৃত্যু সিনড্রোম,19485,19475,114847,1.0,2026-09-22 16:58:38,256715,119
Q161801,SIDS,gom,missing,,,19475,,,,256715,0
Q161801,SIDS,gu,missing,,,19475,,,,256715,0
Q161801,SIDS,hi,stub,अचानक शिशु मृत्यु सिंड्रोम,645,19475,1982,0.033,2025-04-03 16:35:07,256715,149
Q161801,SIDS,kn,stub,ಹಠಾತ್ ಶಿಶು ಮರಣ ರೋಗಲಕ್ಷಣ,1829,19475,9595,0.094,2026-03-26 12:07:53,256715,243
Q161801,SIDS,ks,missing,,,19475,,,,256715,0
Q161801,SIDS,mai,missing,,,19475,,,,256715,0
Q161801,SIDS,ml,missing,,,19475,,,,256715,0
Q161801,SIDS,mni,missing,,,19475,,,,256715,0
Q161801,SIDS,mr,missing,,,19475,,,,256715,0
Q161801,SIDS,ne,missing,,,19475,,,,256715,0
Q161801,SIDS,or,stub,ଅକସ୍ମାତ ନବଜାତ ଶିଶୁ ମୃତ୍ୟୁ ସିଣ୍ଡ୍ରୋମ,1975,19475,9419,0.101,2025-10-02 06:37:49,256715,86
Q161801,SIDS,pa,missing,,,19475,,,,256715,0
Q161801,SIDS,sa,missing,,,19475,,,,256715,0
Q161801,SIDS,sat,missing,,,19475,,,,256715,0
Q161801,SIDS,sd,missing,,,19475,,,,256715,0
Q161801,SIDS,ta,missing,,,19475,,,,256715,0
Q161801,SIDS,tcy,missing,,,19475,,,,256715,0
Q161801,SIDS,te,stub,ఆకస్మిక శిశు మరణం సిండ్రోమ్,2348,19475,12241,0.121,2026-08-10 13:50:55,256715,4
Q161801,SIDS,ur,stub,شیر خوار بچے کی اچانک موت کا مرض,2412,19475,13059,0.124,2026-07-29 04:47:50,256715,132
Q162272,Viral hemorrhagic fever,as,missing,,,10607,,,,108489,0
Q162272,Viral hemorrhagic fever,bh,missing,,,10607,,,,108489,0
Q162272,Viral hemorrhagic fever,bn,missing,,,10607,,,,108489,0
Q162272,Viral hemorrhagic fever,gom,missing,,,10607,,,,108489,0
Q162272,Viral hemorrhagic fever,gu,missing,,,10607,,,,108489,0
Q162272,Viral hemorrhagic fever,hi,missing,,,10607,,,,108489,0
Q162272,Viral hemorrhagic fever,kn,missing,,,10607,,,,108489,0
Q162272,Viral hemorrhagic fever,ks,missing,,,10607,,,,108489,0
Q162272,Viral hemorrhagic fever,mai,missing,,,10607,,,,108489,0
Q162272,Viral hemorrhagic fever,ml,missing,,,10607,,,,108489,0
Q162272,Viral hemorrhagic fever,mni,missing,,,10607,,,,108489,0
Q162272,Viral hemorrhagic fever,mr,missing,,,10607,,,,108489,0
Q162272,Viral hemorrhagic fever,ne,missing,,,10607,,,,108489,0
Q162272,Viral hemorrhagic fever,or,missing,,,10607,,,,108489,0
Q162272,Viral hemorrhagic fever,pa,missing,,,10607,,,,108489,0
Q162272,Viral hemorrhagic fever,sa,missing,,,10607,,,,108489,0
Q162272,Viral hemorrhagic fever,sat,missing,,,10607,,,,108489,0
Q162272,Viral hemorrhagic fever,sd,missing,,,10607,,,,108489,0
Q162272,Viral hemorrhagic fever,ta,stub,தீநுண்மக் குருதிப்போக்குக் காய்ச்சல்,640,10607,2690,0.06,2024-09-29 04:54:04,108489,47
Q162272,Viral hemorrhagic fever,tcy,missing,,,10607,,,,108489,0
Q162272,Viral hemorrhagic fever,te,missing,,,10607,,,,108489,0
Q162272,Viral hemorrhagic fever,ur,missing,,,10607,,,,108489,0
Q16238202,"Protection of Women from Domestic Violence Act, 2005",as,good,"ঘৰুৱা হিংসাৰ পৰা মহিলাৰ সুৰক্ষা আইন, ২০০৫",8308,9374,31510,0.886,2023-09-28 06:05:23,35651,2048
Q16238202,"Protection of Women from Domestic Violence Act, 2005",bh,missing,,,9374,,,,35651,0
Q16238202,"Protection of Women from Domestic Violence Act, 2005",bn,good,পারিবারিক সহিংসতা থেকে নারীদের সুরক্ষা আইন ২০০৫ (ভারত),8319,9374,33922,0.887,2024-04-20 17:51:08,35651,1962
Q16238202,"Protection of Women from Domestic Violence Act, 2005",gom,missing,,,9374,,,,35651,0
Q16238202,"Protection of Women from Domestic Violence Act, 2005",gu,missing,,,9374,,,,35651,0
Q16238202,"Protection of Women from Domestic Violence Act, 2005",hi,good,"घरेलू हिंसा से महिला संरक्षण अधिनियम, 2005",8632,9374,25451,0.921,2024-12-21 17:35:13,35651,3359
Q16238202,"Protection of Women from Domestic Violence Act, 2005",kn,partial,"ಕೌಟುಂಬಿಕ ಹಿಂಸಾಚಾರದಿಂದ ಮಹಿಳೆಯರ ರಕ್ಷಣೆ ಕಾಯ್ದೆ, 2005",3918,9374,14488,0.418,2026-03-22 21:05:13,35651,661
Q16238202,"Protection of Women from Domestic Violence Act, 2005",ks,missing,,,9374,,,,35651,0
Q16238202,"Protection of Women from Domestic Violence Act, 2005",mai,missing,,,9374,,,,35651,0
Q16238202,"Protection of Women from Domestic Violence Act, 2005",ml,good,ഗാർഹികപീഡനത്തിൽ നിന്നും സ്ത്രീകളെ സംരക്ഷിക്കുന്നതിനുള്ള നിയമം 2005,18635,9374,51931,1.0,2021-08-29 10:03:19,35651,2401
Q16238202,"Protection of Women from Domestic Violence Act, 2005",mni,missing,,,9374,,,,35651,0
Q16238202,"Protection of Women from Domestic Violence Act, 2005",mr,good,"कौटुंबिक हिंसाचारापासून महिलांचे संरक्षण कायदा, २००५",8716,9374,27637,0.93,2026-05-02 13:20:40,35651,5211
Q16238202,"Protection of Women from Domestic Violence Act, 2005",ne,missing,,,9374,,,,35651,0
Q16238202,"Protection of Women from Domestic Violence Act, 2005",or,missing,,,9374,,,,35651,0
Q16238202,"Protection of Women from Domestic Violence Act, 2005",pa,stub,"ਘਰੇਲੂ ਹਿੰਸਾ ਤੋਂ ਔਰਤਾਂ ਦੀ ਸੁਰੱਖਿਆ ਐਕਟ, 2005",758,9374,4113,0.081,2024-03-06 05:52:08,35651,73
Q16238202,"Protection of Women from Domestic Violence Act, 2005",sa,missing,,,9374,,,,35651,0
Q16238202,"Protection of Women from Domestic Violence Act, 2005",sat,missing,,,9374,,,,35651,0
Q16238202,"Protection of Women from Domestic Violence Act, 2005",sd,missing,,,9374,,,,35651,0
Q16238202,"Protection of Women from Domestic Violence Act, 2005",ta,partial,"பெண்கள் குடும்ப வன்முறைப் பாதுகாப்புச் சட்டம், 2005",3267,9374,11516,0.349,2023-12-17 13:11:48,35651,2448
Q16238202,"Protection of Women from Domestic Violence Act, 2005",tcy,missing,,,9374,,,,35651,0
Q16238202,"Protection of Women from Domestic Violence Act, 2005",te,missing,,,9374,,,,35651,0
Q16238202,"Protection of Women from Domestic Violence Act, 2005",ur,missing,,,9374,,,,35651,0
Q163865,Scurvy,as,stub,স্কাৰ্ভী,2399,32052,11329,0.075,2026-08-26 17:02:43,455453,205
Q163865,Scurvy,bh,missing,,,32052,,,,455453,0
Q163865,Scurvy,bn,good,স্কার্ভি,27259,32052,124762,0.85,2026-09-23 00:04:20,455453,1373
Q163865,Scurvy,gom,missing,,,32052,,,,455453,0
Q163865,Scurvy,gu,missing,,,32052,,,,455453,0
Q163865,Scurvy,hi,stub,स्कर्वी,538,32052,2429,0.017,2020-06-15 20:25:10,455453,671
Q163865,Scurvy,kn,stub,ರಕ್ತಪಿತ್ತವ್ಯಾಧಿ,857,32052,4448,0.027,2026-03-25 15:30:58,455453,81
Q163865,Scurvy,ks,stub,سکروی,1899,32052,6381,0.059,2025-06-12 19:13:01,455453,97
Q163865,Scurvy,mai,missing,,,32052,,,,455453,0
Q163865,Scurvy,ml,stub,സ്കർവി,164,32052,1128,0.005,2013-04-07 13:02:54,455453,176
Q163865,Scurvy,mni,missing,,,32052,,,,455453,0
Q163865,Scurvy,mr,missing,,,32052,,,,455453,0
Q163865,Scurvy,ne,stub,स्कर्वी,596,32052,4825,0.019,2026-08-10 05:11:03,455453,118
Q163865,Scurvy,or,stub,ସ୍କର୍ଭି,2032,32052,8624,0.063,2024-10-05 17:08:40,455453,208
Q163865,Scurvy,pa,stub,ਸਕਰਵੀ,451,32052,5035,0.014,2026-05-29 20:54:50,455453,143
Q163865,Scurvy,sa,missing,,,32052,,,,455453,0
Q163865,Scurvy,sat,missing,,,32052,,,,455453,0
Q163865,Scurvy,sd,missing,,,32052,,,,455453,0
Q163865,Scurvy,ta,stub,ஸ்கர்வி,391,32052,4270,0.012,2024-08-30 01:15:35,455453,309
Q163865,Scurvy,tcy,missing,,,32052,,,,455453,0
Q163865,Scurvy,te,stub,స్కర్వి,2084,32052,10548,0.065,2025-05-25 07:28:01,455453,224
Q163865,Scurvy,ur,stub,اسکربوط,2367,32052,11957,0.074,2026-05-09 18:10:25,455453,39
Q16408,Bad breath,as,missing,,,27524,,,,57994,0
Q16408,Bad breath,bh,missing,,,27524,,,,57994,0
Q16408,Bad breath,bn,stub,নিঃশ্বাসে দুর্গন্ধ,1782,27524,9485,0.065,2025-01-10 19:44:31,57994,536
Q16408,Bad breath,gom,missing,,,27524,,,,57994,0
Q16408,Bad breath,gu,missing,,,27524,,,,57994,0
Q16408,Bad breath,hi,partial,सांस की दुर्गंध,5158,27524,14057,0.187,2023-09-06 15:13:07,57994,408
Q16408,Bad breath,kn,missing,,,27524,,,,57994,0
Q16408,Bad breath,ks,missing,,,27524,,,,57994,0
Q16408,Bad breath,mai,missing,,,27524,,,,57994,0
Q16408,Bad breath,ml,missing,,,27524,,,,57994,0
Q16408,Bad breath,mni,missing,,,27524,,,,57994,0
Q16408,Bad breath,mr,missing,,,27524,,,,57994,0
Q16408,Bad breath,ne,missing,,,27524,,,,57994,0
Q16408,Bad breath,or,stub,ଖରାପ ନିଶ୍ୱାସ,1695,27524,8765,0.062,2022-12-17 10:36:09,57994,68
Q16408,Bad breath,pa,missing,,,27524,,,,57994,0
Q16408,Bad breath,sa,missing,,,27524,,,,57994,0
Q16408,Bad breath,sat,missing,,,27524,,,,57994,0
Q16408,Bad breath,sd,missing,,,27524,,,,57994,0
Q16408,Bad breath,ta,stub,வாய் துர்நாற்றம்,915,27524,3774,0.033,2023-09-17 15:11:47,57994,135
Q16408,Bad breath,tcy,missing,,,27524,,,,57994,0
Q16408,Bad breath,te,stub,నోటి దుర్వాసన,1254,27524,3987,0.046,2025-05-25 07:32:14,57994,191
Q16408,Bad breath,ur,missing,,,27524,,,,57994,0
Q164655,Abscess,as,missing,,,13077,,,,205052,0
Q164655,Abscess,bh,missing,,,13077,,,,205052,0
Q164655,Abscess,bn,partial,ফোড়া,3816,13077,22226,0.292,2025-05-07 00:44:28,205052,2983
Q164655,Abscess,gom,missing,,,13077,,,,205052,0
Q164655,Abscess,gu,missing,,,13077,,,,205052,0
Q164655,Abscess,hi,stub,विद्रधि,197,13077,712,0.015,2024-07-23 17:26:16,205052,494
Q164655,Abscess,kn,missing,,,13077,,,,205052,0
Q164655,Abscess,ks,missing,,,13077,,,,205052,0
Q164655,Abscess,mai,missing,,,13077,,,,205052,0
Q164655,Abscess,ml,stub,പരു,640,13077,5691,0.049,2025-10-26 18:12:14,205052,1776
Q164655,Abscess,mni,missing,,,13077,,,,205052,0
Q164655,Abscess,mr,missing,,,13077,,,,205052,0
Q164655,Abscess,ne,missing,,,13077,,,,205052,0
Q164655,Abscess,or,stub,ପୁଞ୍ଜିତ ପୂଯ,1472,13077,9082,0.113,2026-08-03 03:08:41,205052,85
Q164655,Abscess,pa,missing,,,13077,,,,205052,0
Q164655,Abscess,sa,missing,,,13077,,,,205052,0
Q164655,Abscess,sat,missing,,,13077,,,,205052,0
Q164655,Abscess,sd,missing,,,13077,,,,205052,0
Q164655,Abscess,ta,missing,,,13077,,,,205052,0
Q164655,Abscess,tcy,missing,,,13077,,,,205052,0
Q164655,Abscess,te,partial,చీము పుండు,3301,13077,16902,0.252,2024-11-12 16:05:45,205052,673
Q164655,Abscess,ur,stub,پھوڑا,365,13077,926,0.028,2026-03-30 18:31:36,205052,77
Q164778,Rotavirus,as,missing,,,25403,,,,175546,0
Q164778,Rotavirus,bh,missing,,,25403,,,,175546,0
Q164778,Rotavirus,bn,stub,রোটাভাইরাস,2710,25403,18214,0.107,2026-09-25 05:29:45,175546,852
Q164778,Rotavirus,gom,missing,,,25403,,,,175546,0
Q164778,Rotavirus,gu,missing,,,25403,,,,175546,0
Q164778,Rotavirus,hi,stub,रोटावाइरस,211,25403,2273,0.008,2017-02-04 21:59:26,175546,147
Q164778,Rotavirus,kn,partial,ರೋಟ ವೈರಸ್,5160,25403,14523,0.203,2026-03-25 18:52:29,175546,73
Q164778,Rotavirus,ks,stub,روٹا وایرس,385,25403,1278,0.015,2026-06-20 18:02:10,175546,20
Q164778,Rotavirus,mai,missing,,,25403,,,,175546,0
Q164778,Rotavirus,ml,stub,റോട്ടാവൈറസ്,919,25403,3197,0.036,2013-03-24 11:55:37,175546,242
Q164778,Rotavirus,mni,missing,,,25403,,,,175546,0
Q164778,Rotavirus,mr,missing,,,25403,,,,175546,0
Q164778,Rotavirus,ne,missing,,,25403,,,,175546,0
Q164778,Rotavirus,or,missing,,,25403,,,,175546,0
Q164778,Rotavirus,pa,missing,,,25403,,,,175546,0
Q164778,Rotavirus,sa,missing,,,25403,,,,175546,0
Q164778,Rotavirus,sat,missing,,,25403,,,,175546,0
Q164778,Rotavirus,sd,missing,,,25403,,,,175546,0
Q164778,Rotavirus,ta,stub,ரோட்டா வைரசு,1361,25403,5348,0.054,2024-09-30 16:09:14,175546,221
Q164778,Rotavirus,tcy,missing,,,25403,,,,175546,0
Q164778,Rotavirus,te,missing,,,25403,,,,175546,0
Q164778,Rotavirus,ur,stub,روٹا وائرس,316,25403,1545,0.012,2026-07-10 19:02:01,175546,48
Q16501,Hypothyroidism,as,missing,,,32192,,,,324912,0
Q16501,Hypothyroidism,bh,missing,,,32192,,,,324912,0
Q16501,Hypothyroidism,bn,partial,হাইপোথাইরয়েডিজম,5459,32192,22696,0.17,2026-09-27 13:16:26,324912,1747
Q16501,Hypothyroidism,gom,missing,,,32192,,,,324912,0
Q16501,Hypothyroidism,gu,missing,,,32192,,,,324912,0
Q16501,Hypothyroidism,hi,partial,अवटु अल्पक्रियता,11204,32192,47846,0.348,2026-07-03 13:08:35,324912,173
Q16501,Hypothyroidism,kn,missing,,,32192,,,,324912,0
Q16501,Hypothyroidism,ks,missing,,,32192,,,,324912,0
Q16501,Hypothyroidism,mai,missing,,,32192,,,,324912,0
Q16501,Hypothyroidism,ml,missing,,,32192,,,,324912,0
Q16501,Hypothyroidism,mni,missing,,,32192,,,,324912,0
Q16501,Hypothyroidism,mr,missing,,,32192,,,,324912,0
Q16501,Hypothyroidism,ne,stub,हाइपोथाइरोडिजम,211,32192,667,0.007,2026-02-08 07:27:54,324912,81
Q16501,Hypothyroidism,or,stub,ଗଳଗ୍ରନ୍ଥି ସ୍ୱଳ୍ପକ୍ରିୟତା,1961,32192,10893,0.061,2025-05-27 06:00:20,324912,76
Q16501,Hypothyroidism,pa,missing,,,32192,,,,324912,0
Q16501,Hypothyroidism,sa,missing,,,32192,,,,324912,0
Q16501,Hypothyroidism,sat,missing,,,32192,,,,324912,0
Q16501,Hypothyroidism,sd,missing,,,32192,,,,324912,0
Q16501,Hypothyroidism,ta,good,தைராய்டு சுரப்புக் குறை,38630,32192,147671,1.0,2026-07-20 17:28:03,324912,3538
Q16501,Hypothyroidism,tcy,missing,,,32192,,,,324912,0
Q16501,Hypothyroidism,te,stub,హైపోథైరాయిడిజం,3639,32192,19944,0.113,2026-09-10 13:16:51,324912,1273
Q16501,Hypothyroidism,ur,missing,,,32192,,,,324912,0
Q165647,Organic farming,as,stub,জৈৱিক কৃষি,9296,79300,24673,0.117,2024-11-30 03:41:18,84336,2909
Q165647,Organic farming,bh,missing,,,79300,,,,84336,0
Q165647,Organic farming,bn,stub,জৈব খামার ব্যবস্থা,7516,79300,28270,0.095,2026-04-19 04:16:21,84336,439
Q165647,Organic farming,gom,missing,,,79300,,,,84336,0
Q165647,Organic farming,gu,missing,,,79300,,,,84336,0
Q165647,Organic farming,hi,stub,जैविक खेती,8510,79300,23862,0.107,2025-08-10 06:09:57,84336,27284
Q165647,Organic farming,kn,good,ಸಾವಯವ ಬೇಸಾಯ,46144,79300,165229,0.582,2026-09-17 09:35:41,84336,21062
Q165647,Organic farming,ks,missing,,,79300,,,,84336,0
Q165647,Organic farming,mai,missing,,,79300,,,,84336,0
Q165647,Organic farming,ml,stub,ജൈവകൃഷി,3121,79300,10240,0.039,2022-10-18 16:13:48,84336,1165
Q165647,Organic farming,mni,missing,,,79300,,,,84336,0
Q165647,Organic farming,mr,stub,सेंद्रिय शेती,10766,79300,32508,0.136,2025-02-24 06:04:25,84336,11676
Q165647,Organic farming,ne,stub,जैविक खेती,6936,79300,19412,0.087,2026-09-08 08:45:30,84336,284
Q165647,Organic farming,or,missing,,,79300,,,,84336,0
Q165647,Organic farming,pa,partial,ਜੈਵਿਕ ਖੇਤੀ,12963,79300,34808,0.163,2025-09-06 09:14:16,84336,1067
Q165647,Organic farming,sa,missing,,,79300,,,,84336,0
Q165647,Organic farming,sat,missing,,,79300,,,,84336,0
Q165647,Organic farming,sd,missing,,,79300,,,,84336,0
Q165647,Organic farming,ta,stub,இயற்கை வேளாண்மை,6552,79300,22235,0.083,2026-07-23 20:49:50,84336,3437
Q165647,Organic farming,tcy,missing,,,79300,,,,84336,0
Q165647,Organic farming,te,partial,ప్రాకృతిక వ్యవసాయం,26024,79300,69885,0.328,2026-07-20 15:33:59,84336,1560
Q165647,Organic farming,ur,missing,,,79300,,,,84336,0
Q166019,Bleeding,as,missing,,,12570,,,,120960,0
Q166019,Bleeding,bh,missing,,,12570,,,,120960,0
Q166019,Bleeding,bn,partial,রক্তক্ষরণ,2209,12570,9344,0.176,2024-09-05 12:27:29,120960,550
Q166019,Bleeding,gom,missing,,,12570,,,,120960,0
Q166019,Bleeding,gu,missing,,,12570,,,,120960,0
Q166019,Bleeding,hi,partial,रक्तस्राव,2749,12570,7572,0.219,2021-04-03 16:56:58,120960,804
Q166019,Bleeding,kn,partial,ರಕ್ತಸ್ರಾವ,5882,12570,18087,0.468,2026-03-25 15:31:58,120960,490
Q166019,Bleeding,ks,missing,,,12570,,,,120960,0
Q166019,Bleeding,mai,missing,,,12570,,,,120960,0
Q166019,Bleeding,ml,good,രക്തസ്രാവം,12833,12570,44773,1.0,2023-12-29 07:58:07,120960,598
Q166019,Bleeding,mni,missing,,,12570,,,,120960,0
Q166019,Bleeding,mr,stub,रक्तस्त्राव,134,12570,710,0.011,2023-12-09 20:01:06,120960,96
Q166019,Bleeding,ne,missing,,,12570,,,,120960,0
Q166019,Bleeding,or,missing,,,12570,,,,120960,0
Q166019,Bleeding,pa,missing,,,12570,,,,120960,0
Q166019,Bleeding,sa,missing,,,12570,,,,120960,0
Q166019,Bleeding,sat,missing,,,12570,,,,120960,0
Q166019,Bleeding,sd,missing,,,12570,,,,120960,0
Q166019,Bleeding,ta,partial,குருதிப்பெருக்கு,5327,12570,17035,0.424,2022-10-15 00:26:57,120960,223
Q166019,Bleeding,tcy,missing,,,12570,,,,120960,0
Q166019,Bleeding,te,partial,రక్తస్రావం,5494,12570,16159,0.437,2026-08-18 19:52:05,120960,472
Q166019,Bleeding,ur,stub,خون بہنا,732,12570,2021,0.058,2026-05-15 06:30:05,120960,172
Q166231,Infection,as,good,সংক্ৰমণ,48914,58833,86171,0.831,2026-09-06 05:50:39,175046,1791
Q166231,Infection,bh,missing,,,58833,,,,175046,0
Q166231,Infection,bn,stub,সংক্রমণ,3446,58833,14475,0.059,2025-08-13 19:49:06,175046,761
Q166231,Infection,gom,missing,,,58833,,,,175046,0
Q166231,Infection,gu,missing,,,58833,,,,175046,0
Q166231,Infection,hi,stub,संक्रमण,4169,58833,13747,0.071,2026-02-23 14:25:13,175046,1506
Q166231,Infection,kn,stub,ಸೋಂಕು,2146,58833,7611,0.036,2026-03-26 10:21:42,175046,376
Q166231,Infection,ks,stub,لاگ,168,58833,1358,0.003,2025-10-16 18:00:55,175046,131
Q166231,Infection,mai,missing,,,58833,,,,175046,0
Q166231,Infection,ml,stub,അണുബാധ,2107,58833,10199,0.036,2023-08-16 16:13:46,175046,431
Q166231,Infection,mni,missing,,,58833,,,,175046,0
Q166231,Infection,mr,partial,संसर्ग,11654,58833,46120,0.198,2026-08-23 21:29:26,175046,297
Q166231,Infection,ne,missing,,,58833,,,,175046,0
Q166231,Infection,or,missing,,,58833,,,,175046,0
Q166231,Infection,pa,missing,,,58833,,,,175046,0
Q166231,Infection,sa,missing,,,58833,,,,175046,0
Q166231,Infection,sat,missing,,,58833,,,,175046,0
Q166231,Infection,sd,missing,,,58833,,,,175046,0
Q166231,Infection,ta,stub,நோய்த்தொற்று,879,58833,3511,0.015,2026-02-23 14:27:18,175046,554
Q166231,Infection,tcy,missing,,,58833,,,,175046,0
Q166231,Infection,te,missing,,,58833,,,,175046,0
Q166231,Infection,ur,stub,عدویٰ,240,58833,968,0.004,2025-06-14 18:16:05,175046,111
Q167178,Scabies,as,missing,,,23036,,,,479628,0
Q167178,Scabies,bh,missing,,,23036,,,,479628,0
Q167178,Scabies,bn,stub,স্ক্যাবিস,2383,23036,11989,0.103,2026-07-14 06:43:06,479628,14920
Q167178,Scabies,gom,missing,,,23036,,,,479628,0
Q167178,Scabies,gu,missing,,,23036,,,,479628,0
Q167178,Scabies,hi,stub,खाज,1263,23036,4150,0.055,2022-12-07 19:09:43,479628,961
Q167178,Scabies,kn,stub,ಕಜ್ಜಿ,1222,23036,5374,0.053,2026-03-22 11:38:01,479628,865
Q167178,Scabies,ks,missing,,,23036,,,,479628,0
Q167178,Scabies,mai,missing,,,23036,,,,479628,0
Q167178,Scabies,ml,stub,സ്കാബീസ്,3438,23036,14726,0.149,2026-07-16 18:06:33,479628,1822
Q167178,Scabies,mni,missing,,,23036,,,,479628,0
Q167178,Scabies,mr,stub,खरूज,1301,23036,4486,0.056,2024-05-14 18:10:50,479628,1097
Q167178,Scabies,ne,stub,लुतो,382,23036,1532,0.017,2025-08-25 14:29:00,479628,122
Q167178,Scabies,or,partial,କାଛୁ,5033,23036,19642,0.218,2026-08-03 04:08:20,479628,324
Q167178,Scabies,pa,missing,,,23036,,,,479628,0
Q167178,Scabies,sa,missing,,,23036,,,,479628,0
Q167178,Scabies,sat,missing,,,23036,,,,479628,0
Q167178,Scabies,sd,missing,,,23036,,,,479628,0
Q167178,Scabies,ta,stub,சொறி,1348,23036,5767,0.059,2026-09-11 07:51:09,479628,617
Q167178,Scabies,tcy,missing,,,23036,,,,479628,0
Q167178,Scabies,te,stub,గజ్జి,1490,23036,5133,0.065,2024-09-07 13:24:07,479628,1140
Q167178,Scabies,ur,stub,جرب,3125,23036,15954,0.136,2026-08-17 06:19:29,479628,14
Q167844,Conjunctivitis,as,stub,কন্‌জাংটিভাইটিছ,1998,16454,8774,0.121,2025-06-16 06:08:02,273342,190
Q167844,Conjunctivitis,bh,missing,,,16454,,,,273342,0
Q167844,Conjunctivitis,bn,partial,চোখ উঠা,3484,16454,11284,0.212,2025-02-01 15:35:26,273342,2874
Q167844,Conjunctivitis,gom,missing,,,16454,,,,273342,0
Q167844,Conjunctivitis,gu,missing,,,16454,,,,273342,0
Q167844,Conjunctivitis,hi,stub,नेत्र शोथ,2452,16454,11997,0.149,2025-07-18 01:44:50,273342,204
Q167844,Conjunctivitis,kn,missing,,,16454,,,,273342,0
Q167844,Conjunctivitis,ks,missing,,,16454,,,,273342,0
Q167844,Conjunctivitis,mai,missing,,,16454,,,,273342,0
Q167844,Conjunctivitis,ml,partial,ചെങ്കണ്ണ്,6994,16454,28056,0.425,2025-08-26 12:19:28,273342,2032
Q167844,Conjunctivitis,mni,missing,,,16454,,,,273342,0
Q167844,Conjunctivitis,mr,stub,नेत्रश्लेष्मलाशोथ,469,16454,2770,0.029,2025-06-15 08:50:26,273342,87
Q167844,Conjunctivitis,ne,partial,आँखा पाक्ने रोग,5308,16454,18738,0.323,2026-08-08 22:29:51,273342,403
Q167844,Conjunctivitis,or,stub,ନେତ୍ରାବରଣ ପ୍ରଦାହ,1691,16454,6742,0.103,2016-05-02 02:09:13,273342,54
Q167844,Conjunctivitis,pa,stub,ਅੱਖ ਦੁਖਣੀ ਆਉਣੀ (Conjunctivitis),741,16454,2816,0.045,2020-09-15 06:33:30,273342,130
Q167844,Conjunctivitis,sa,missing,,,16454,,,,273342,0
Q167844,Conjunctivitis,sat,missing,,,16454,,,,273342,0
Q167844,Conjunctivitis,sd,missing,,,16454,,,,273342,0
Q167844,Conjunctivitis,ta,stub,விழி வெண்படல அழற்சி,1045,16454,5523,0.064,2023-01-23 15:51:47,273342,419
Q167844,Conjunctivitis,tcy,missing,,,16454,,,,273342,0
Q167844,Conjunctivitis,te,stub,కండ్లకలక,1256,16454,4656,0.076,2024-10-22 16:45:39,273342,280
Q167844,Conjunctivitis,ur,stub,آشوب چشم,1433,16454,4169,0.087,2025-11-12 09:30:55,273342,271
Q168403,Myopia,as,stub,নিকটদৃষ্টি,2242,28975,7990,0.077,2026-09-26 03:35:47,341313,262
Q168403,Myopia,bh,missing,,,28975,,,,341313,0
Q168403,Myopia,bn,stub,নিকটদৃষ্টি,3980,28975,14472,0.137,2026-05-26 08:47:32,341313,899
Q168403,Myopia,gom,missing,,,28975,,,,341313,0
Q168403,Myopia,gu,stub,માયોપીઆ,1138,28975,2821,0.039,2025-09-05 10:53:52,341313,231
Q168403,Myopia,hi,stub,निकटदृष्टि दोष,1848,28975,5619,0.064,2024-11-24 18:36:26,341313,3354
Q168403,Myopia,kn,missing,,,28975,,,,341313,0
Q168403,Myopia,ks,missing,,,28975,,,,341313,0
Q168403,Myopia,mai,missing,,,28975,,,,341313,0
Q168403,Myopia,ml,partial,ഹ്രസ്വദൃഷ്ടി,9531,28975,42286,0.329,2026-07-09 18:01:25,341313,1235
Q168403,Myopia,mni,missing,,,28975,,,,341313,0
Q168403,Myopia,mr,stub,ऱ्हस्वदृष्टी,0,28975,461,0.0,2023-02-23 20:02:48,341313,71
Q168403,Myopia,ne,stub,अदूर दृष्टि,3038,28975,17143,0.105,2024-12-23 04:31:16,341313,183
Q168403,Myopia,or,stub,ସମୀପଦୃଷ୍ଟି,1756,28975,9021,0.061,2023-10-09 07:15:38,341313,112
Q168403,Myopia,pa,stub,ਨਿਕਟ ਦ੍ਰਿਸ਼ਟੀ ਦੋਸ਼,710,28975,2643,0.025,2021-10-12 21:02:09,341313,105
Q168403,Myopia,sa,missing,,,28975,,,,341313,0
Q168403,Myopia,sat,missing,,,28975,,,,341313,0
Q168403,Myopia,sd,missing,,,28975,,,,341313,0
Q168403,Myopia,ta,stub,கிட்டப்பார்வை,2188,28975,5996,0.076,2026-07-18 16:09:37,341313,1052
Q168403,Myopia,tcy,missing,,,28975,,,,341313,0
Q168403,Myopia,te,stub,హ్రస్వ దృష్టి,2104,28975,6581,0.073,2021-12-29 02:51:52,341313,325
Q168403,Myopia,ur,stub,قریبی بصارت,1120,28975,3369,0.039,2025-04-15 04:32:29,341313,149
Q168800,Anaphylaxis,as,stub,এনাফাইলেক্সিছ,3312,25845,9265,0.128,2020-10-30 12:41:43,220104,55
Q168800,Anaphylaxis,bh,missing,,,25845,,,,220104,0
Q168800,Anaphylaxis,bn,good,বিষম অতিপ্রতিক্রিয়া,21122,25845,79687,0.817,2026-06-19 23:12:40,220104,454
Q168800,Anaphylaxis,gom,missing,,,25845,,,,220104,0
Q168800,Anaphylaxis,gu,missing,,,25845,,,,220104,0
Q168800,Anaphylaxis,hi,good,तीव्रग्राहिता,25198,25845,82800,0.975,2024-02-14 02:35:00,220104,395
Q168800,Anaphylaxis,kn,missing,,,25845,,,,220104,0
Q168800,Anaphylaxis,ks,missing,,,25845,,,,220104,0
Q168800,Anaphylaxis,mai,missing,,,25845,,,,220104,0
Q168800,Anaphylaxis,ml,partial,അനാഫൈലാക്സിസ്,8203,25845,23378,0.317,2022-10-02 11:47:57,220104,253
Q168800,Anaphylaxis,mni,missing,,,25845,,,,220104,0
Q168800,Anaphylaxis,mr,missing,,,25845,,,,220104,0
Q168800,Anaphylaxis,ne,partial,तीव्रग्राहिता,10705,25845,40416,0.414,2026-09-26 05:23:59,220104,49
Q168800,Anaphylaxis,or,stub,ଆନାଫାଇଲାକ୍‌ସିସ,1340,25845,8297,0.052,2026-08-03 06:09:29,220104,46
Q168800,Anaphylaxis,pa,good,ਐਨਾਫ਼ਾਈਲੈਕਸਿਸ,18470,25845,66782,0.715,2026-07-10 21:30:53,220104,192
Q168800,Anaphylaxis,sa,missing,,,25845,,,,220104,0
Q168800,Anaphylaxis,sat,missing,,,25845,,,,220104,0
Q168800,Anaphylaxis,sd,missing,,,25845,,,,220104,0
Q168800,Anaphylaxis,ta,missing,,,25845,,,,220104,0
Q168800,Anaphylaxis,tcy,missing,,,25845,,,,220104,0
Q168800,Anaphylaxis,te,stub,అనాఫిలాక్సిస్,1390,25845,8033,0.054,2026-09-21 18:01:26,220104,0
Q168800,Anaphylaxis,ur,stub,خارجی لحميات,1427,25845,8046,0.055,2026-04-04 08:38:55,220104,100
Q168805,Gangrene,as,missing,,,11447,,,,328630,0
Q168805,Gangrene,bh,missing,,,11447,,,,328630,0
Q168805,Gangrene,bn,stub,পচনশীল ক্ষত,726,11447,7359,0.063,2025-02-01 15:55:28,328630,419
Q168805,Gangrene,gom,missing,,,11447,,,,328630,0
Q168805,Gangrene,gu,missing,,,11447,,,,328630,0
Q168805,Gangrene,hi,good,कोथ,6700,11447,19017,0.585,2024-03-26 18:25:27,328630,334
Q168805,Gangrene,kn,missing,,,11447,,,,328630,0
Q168805,Gangrene,ks,missing,,,11447,,,,328630,0
Q168805,Gangrene,mai,missing,,,11447,,,,328630,0
Q168805,Gangrene,ml,missing,,,11447,,,,328630,0
Q168805,Gangrene,mni,missing,,,11447,,,,328630,0
Q168805,Gangrene,mr,stub,कोथ,244,11447,883,0.021,2024-05-02 05:52:48,328630,86
Q168805,Gangrene,ne,missing,,,11447,,,,328630,0
Q168805,Gangrene,or,stub,ଗାଙ୍ଗ୍ରିନ,1366,11447,8279,0.119,2018-09-10 09:18:22,328630,70
Q168805,Gangrene,pa,stub,ਗੈਂਗਰੀਨ,586,11447,3975,0.051,2024-12-05 10:36:36,328630,175
Q168805,Gangrene,sa,missing,,,11447,,,,328630,0
Q168805,Gangrene,sat,missing,,,11447,,,,328630,0
Q168805,Gangrene,sd,missing,,,11447,,,,328630,0
Q168805,Gangrene,ta,stub,இழைய அழுகல்,659,11447,4014,0.058,2026-06-16 22:28:18,328630,290
Q168805,Gangrene,tcy,missing,,,11447,,,,328630,0
Q168805,Gangrene,te,stub,గ్యాంగ్రీన్,1128,11447,7315,0.099,2026-09-14 15:53:26,328630,0
Q168805,Gangrene,ur,stub,غانقاریا,1145,11447,6650,0.1,2026-06-29 20:44:12,328630,161
Q169,Mango,as,stub,আম,1817,15789,7185,0.115,2026-08-26 01:42:33,465792,1340
Q169,Mango,bh,partial,आम,5851,15789,25671,0.371,2026-08-30 11:08:14,465792,733
Q169,Mango,bn,good,আম,18820,15789,105064,1.0,2026-09-18 18:44:17,465792,9317
Q169,Mango,gom,good,Ambo,12602,15789,13213,0.798,2023-03-30 17:31:01,465792,164
Q169,Mango,gu,partial,કેરી,3364,15789,13558,0.213,2025-04-03 10:29:43,465792,1936
Q169,Mango,hi,partial,आम,5473,15789,17199,0.347,2024-10-08 07:54:52,465792,12069
Q169,Mango,kn,good,ಮಾವು,15735,15789,46679,0.997,2026-03-25 10:50:11,465792,2160
Q169,Mango,ks,stub,اَمٛب,289,15789,2144,0.018,2025-07-15 18:01:57,465792,81
Q169,Mango,mai,stub,आम,949,15789,3913,0.06,2026-06-14 15:39:12,465792,118
Q169,Mango,ml,good,മാങ്ങ,16553,15789,55515,1.0,2026-07-07 10:16:23,465792,3493
Q169,Mango,mni,stub,ꯍꯩꯅꯧ,260,15789,1887,0.016,2026-03-22 18:08:02,465792,374
Q169,Mango,mr,good,आंबा,7906,15789,26370,0.501,2026-07-16 03:50:01,465792,7299
Q169,Mango,ne,stub,आँप,2102,15789,10092,0.133,2026-09-29 00:44:58,465792,475
Q169,Mango,or,missing,,,15789,,,,465792,0
Q169,Mango,pa,partial,ਅੰਬ,2418,15789,9980,0.153,2021-08-07 14:23:02,465792,292
Q169,Mango,sa,missing,,,15789,,,,465792,0
Q169,Mango,sat,missing,,,15789,,,,465792,0
Q169,Mango,sd,good,انب,22087,15789,69130,1.0,2026-09-22 09:25:30,465792,308
Q169,Mango,ta,partial,மாம்பழம்,5894,15789,27409,0.373,2026-09-23 01:32:17,465792,2925
Q169,Mango,tcy,stub,ಕುಕ್ಕು,1348,15789,4530,0.085,2025-11-21 08:44:59,465792,178
Q169,Mango,te,good,మామిడి,14882,15789,50980,0.943,2025-05-08 03:38:46,465792,4152
Q169,Mango,ur,stub,آم,2330,15789,9479,0.148,2026-09-30 17:46:01,465792,1147
Q169940,Deforestation,as,missing,,,65790,,,,156022,0
Q169940,Deforestation,bh,missing,,,65790,,,,156022,0
Q169940,Deforestation,bn,stub,বন উজাড়,4678,65790,24711,0.071,2025-08-02 06:48:42,156022,1127
Q169940,Deforestation,gom,missing,,,65790,,,,156022,0
Q169940,Deforestation,gu,good,વનનાબૂદી,36778,65790,142537,0.559,2026-08-17 21:30:22,156022,701
Q169940,Deforestation,hi,good,वनोन्मूलन,52852,65790,227058,0.803,2026-09-26 13:44:30,156022,3456
Q169940,Deforestation,kn,good,ಅರಣ್ಯನಾಶ,44109,65790,171813,0.67,2026-08-10 19:53:34,156022,6630
Q169940,Deforestation,ks,missing,,,65790,,,,156022,0
Q169940,Deforestation,mai,missing,,,65790,,,,156022,0
Q169940,Deforestation,ml,stub,വനനശീകരണം,1461,65790,6823,0.022,2025-10-27 00:48:53,156022,1889
Q169940,Deforestation,mni,missing,,,65790,,,,156022,0
Q169940,Deforestation,mr,missing,,,65790,,,,156022,0
Q169940,Deforestation,ne,stub,वन विनाश,141,65790,430,0.002,2025-09-02 17:56:22,156022,96
Q169940,Deforestation,or,missing,,,65790,,,,156022,0
Q169940,Deforestation,pa,stub,ਜੰਗਲ-ਵਾਢੀ,959,65790,4812,0.015,2025-05-06 21:16:00,156022,86
Q169940,Deforestation,sa,missing,,,65790,,,,156022,0
Q169940,Deforestation,sat,missing,,,65790,,,,156022,0
Q169940,Deforestation,sd,missing,,,65790,,,,156022,0
Q169940,Deforestation,ta,partial,காடழிப்பு,23673,65790,93968,0.36,2026-09-22 20:43:30,156022,2239
Q169940,Deforestation,tcy,missing,,,65790,,,,156022,0
Q169940,Deforestation,te,stub,అటవీ నిర్మూలన,1153,65790,4300,0.018,2024-10-12 03:47:28,156022,536
Q169940,Deforestation,ur,missing,,,65790,,,,156022,0
Q170518,Burn,as,missing,,,30143,,,,128230,0
Q170518,Burn,bh,missing,,,30143,,,,128230,0
Q170518,Burn,bn,partial,পোড়া,6888,30143,33895,0.229,2026-07-13 23:54:29,128230,777
Q170518,Burn,gom,missing,,,30143,,,,128230,0
Q170518,Burn,gu,stub,દાહ,2960,30143,18624,0.098,2026-09-08 22:13:11,128230,92
Q170518,Burn,hi,stub,जलना (चिकित्सा),3611,30143,17334,0.12,2024-03-20 13:54:01,128230,524
Q170518,Burn,kn,missing,,,30143,,,,128230,0
Q170518,Burn,ks,missing,,,30143,,,,128230,0
Q170518,Burn,mai,missing,,,30143,,,,128230,0
Q170518,Burn,ml,stub,പൊള്ളൽ,3164,30143,9014,0.105,2026-07-10 20:13:54,128230,489
Q170518,Burn,mni,missing,,,30143,,,,128230,0
Q170518,Burn,mr,missing,,,30143,,,,128230,0
Q170518,Burn,ne,partial,पोलेको घाउ,4566,30143,24975,0.151,2026-08-22 20:49:34,128230,321
Q170518,Burn,or,stub,ଦଗ୍ଧ,2268,30143,10655,0.075,2026-08-02 18:01:28,128230,83
Q170518,Burn,pa,stub,ਸਾੜ-ਸੋਜ਼,2242,30143,10637,0.074,2020-09-17 03:48:49,128230,76
Q170518,Burn,sa,missing,,,30143,,,,128230,0
Q170518,Burn,sat,missing,,,30143,,,,128230,0
Q170518,Burn,sd,missing,,,30143,,,,128230,0
Q170518,Burn,ta,stub,எரிகாயம்,3246,30143,16813,0.108,2026-06-19 04:07:35,128230,491
Q170518,Burn,tcy,missing,,,30143,,,,128230,0
Q170518,Burn,te,missing,,,30143,,,,128230,0
Q170518,Burn,ur,stub,جلد کا جلنا,2770,30143,13653,0.092,2026-05-15 06:30:10,128230,164
Q17052027,Dowry system in India,as,missing,,,21257,,,,48273,0
Q17052027,Dowry system in India,bh,missing,,,21257,,,,48273,0
Q17052027,Dowry system in India,bn,stub,ভারতে যৌতুক প্রথা,2346,21257,14050,0.11,2025-07-07 03:16:26,48273,589
Q17052027,Dowry system in India,gom,missing,,,21257,,,,48273,0
Q17052027,Dowry system in India,gu,missing,,,21257,,,,48273,0
Q17052027,Dowry system in India,hi,stub,भारत में दहेज प्रथा,2016,21257,8600,0.095,2025-07-07 07:15:13,48273,7141
Q17052027,Dowry system in India,kn,missing,,,21257,,,,48273,0
Q17052027,Dowry system in India,ks,missing,,,21257,,,,48273,0
Q17052027,Dowry system in India,mai,missing,,,21257,,,,48273,0
Q17052027,Dowry system in India,ml,missing,,,21257,,,,48273,0
Q17052027,Dowry system in India,mni,missing,,,21257,,,,48273,0
Q17052027,Dowry system in India,mr,partial,भारतातील हुंडा प्रथा,4321,21257,19715,0.203,2026-08-23 19:30:38,48273,1307
Q17052027,Dowry system in India,ne,stub,दाइजो प्रथा,601,21257,2445,0.028,2026-09-26 05:50:33,48273,700
Q17052027,Dowry system in India,or,missing,,,21257,,,,48273,0
Q17052027,Dowry system in India,pa,stub,ਭਾਰਤ ਵਿੱਚ ਦਾਜ ਪ੍ਰਥਾ,394,21257,1412,0.019,2025-07-07 04:02:47,48273,247
Q17052027,Dowry system in India,sa,missing,,,21257,,,,48273,0
Q17052027,Dowry system in India,sat,missing,,,21257,,,,48273,0
Q17052027,Dowry system in India,sd,partial,ڀارت ۾ ڏاج جو نظام,3289,21257,10347,0.155,2026-08-26 17:35:50,48273,43
Q17052027,Dowry system in India,ta,stub,இந்தியாவில் வரதட்சணை முறை,3142,21257,13164,0.148,2026-09-05 10:33:52,48273,530
Q17052027,Dowry system in India,tcy,missing,,,21257,,,,48273,0
Q17052027,Dowry system in India,te,missing,,,21257,,,,48273,0
Q17052027,Dowry system in India,ur,stub,بھارت میں جہیز کا نظام,1553,21257,5798,0.073,2026-04-19 08:05:38,48273,187
Q17077477,Ration card (India),as,missing,,,13093,,,,69079,0
Q17077477,Ration card (India),bh,missing,,,13093,,,,69079,0
Q17077477,Ration card (India),bn,missing,,,13093,,,,69079,0
Q17077477,Ration card (India),gom,missing,,,13093,,,,69079,0
Q17077477,Ration card (India),gu,missing,,,13093,,,,69079,0
Q17077477,Ration card (India),hi,partial,राशन कार्ड (भारत),2878,13093,10109,0.22,2026-07-28 09:08:00,69079,19168
Q17077477,Ration card (India),kn,missing,,,13093,,,,69079,0
Q17077477,Ration card (India),ks,missing,,,13093,,,,69079,0
Q17077477,Ration card (India),mai,missing,,,13093,,,,69079,0
Q17077477,Ration card (India),ml,missing,,,13093,,,,69079,0
Q17077477,Ration card (India),mni,missing,,,13093,,,,69079,0
Q17077477,Ration card (India),mr,missing,,,13093,,,,69079,0
Q17077477,Ration card (India),ne,missing,,,13093,,,,69079,0
Q17077477,Ration card (India),or,partial,ରାସନ କାର୍ଡ଼ (ଭାରତ),2049,13093,8185,0.156,2025-05-29 06:40:12,69079,487
Q17077477,Ration card (India),pa,stub,ਰਾਸ਼ਨ ਕਾਰਡ (ਭਾਰਤ),445,13093,1892,0.034,2022-10-10 07:15:50,69079,256
Q17077477,Ration card (India),sa,missing,,,13093,,,,69079,0
Q17077477,Ration card (India),sat,missing,,,13093,,,,69079,0
Q17077477,Ration card (India),sd,missing,,,13093,,,,69079,0
Q17077477,Ration card (India),ta,missing,,,13093,,,,69079,0
Q17077477,Ration card (India),tcy,missing,,,13093,,,,69079,0
Q17077477,Ration card (India),te,missing,,,13093,,,,69079,0
Q17077477,Ration card (India),ur,stub,راشن کارڈ (بھارت),483,13093,3045,0.037,2025-03-12 12:36:23,69079,154
Q17085657,Pradhan Mantri Awas Yojana,as,missing,,,8929,,,,100242,0
Q17085657,Pradhan Mantri Awas Yojana,bh,missing,,,8929,,,,100242,0
Q17085657,Pradhan Mantri Awas Yojana,bn,good,প্রধানমন্ত্রী আবাস যোজনা,6521,8929,35755,0.73,2026-09-20 18:49:53,100242,10438
Q17085657,Pradhan Mantri Awas Yojana,gom,missing,,,8929,,,,100242,0
Q17085657,Pradhan Mantri Awas Yojana,gu,missing,,,8929,,,,100242,0
Q17085657,Pradhan Mantri Awas Yojana,hi,partial,प्रधानमंत्री आवास योजना,2888,8929,8268,0.323,2026-07-06 08:44:38,100242,127856
Q17085657,Pradhan Mantri Awas Yojana,kn,missing,,,8929,,,,100242,0
Q17085657,Pradhan Mantri Awas Yojana,ks,missing,,,8929,,,,100242,0
Q17085657,Pradhan Mantri Awas Yojana,mai,missing,,,8929,,,,100242,0
Q17085657,Pradhan Mantri Awas Yojana,ml,missing,,,8929,,,,100242,0
Q17085657,Pradhan Mantri Awas Yojana,mni,missing,,,8929,,,,100242,0
Q17085657,Pradhan Mantri Awas Yojana,mr,stub,प्रधानमंत्री शहरी आवास योजना,896,8929,5496,0.1,2025-01-28 17:25:04,100242,2641
Q17085657,Pradhan Mantri Awas Yojana,ne,missing,,,8929,,,,100242,0
Q17085657,Pradhan Mantri Awas Yojana,or,missing,,,8929,,,,100242,0
Q17085657,Pradhan Mantri Awas Yojana,pa,partial,ਸਾਰਿਆਂ ਲਈ ਘਰ,3016,8929,12030,0.338,2025-05-23 22:58:06,100242,453
Q17085657,Pradhan Mantri Awas Yojana,sa,missing,,,8929,,,,100242,0
Q17085657,Pradhan Mantri Awas Yojana,sat,missing,,,8929,,,,100242,0
Q17085657,Pradhan Mantri Awas Yojana,sd,missing,,,8929,,,,100242,0
Q17085657,Pradhan Mantri Awas Yojana,ta,missing,,,8929,,,,100242,0
Q17085657,Pradhan Mantri Awas Yojana,tcy,missing,,,8929,,,,100242,0
Q17085657,Pradhan Mantri Awas Yojana,te,missing,,,8929,,,,100242,0
Q17085657,Pradhan Mantri Awas Yojana,ur,missing,,,8929,,,,100242,0
Q17101973,Voter ID (India),as,missing,,,2719,,,,236074,0
Q17101973,Voter ID (India),bh,stub,वोटर आइडी कार्ड,212,2719,595,0.078,2024-09-27 09:13:04,236074,80
Q17101973,Voter ID (India),bn,missing,,,2719,,,,236074,0
Q17101973,Voter ID (India),gom,missing,,,2719,,,,236074,0
Q17101973,Voter ID (India),gu,missing,,,2719,,,,236074,0
Q17101973,Voter ID (India),hi,good,मतदाता पहचान पत्र,1924,2719,5725,0.708,2025-06-30 12:16:44,236074,42262
Q17101973,Voter ID (India),kn,missing,,,2719,,,,236074,0
Q17101973,Voter ID (India),ks,missing,,,2719,,,,236074,0
Q17101973,Voter ID (India),mai,missing,,,2719,,,,236074,0
Q17101973,Voter ID (India),ml,missing,,,2719,,,,236074,0
Q17101973,Voter ID (India),mni,missing,,,2719,,,,236074,0
Q17101973,Voter ID (India),mr,partial,मतदार ओळखपत्र (भारत),469,2719,1904,0.172,2026-05-06 19:26:43,236074,2733
Q17101973,Voter ID (India),ne,missing,,,2719,,,,236074,0
Q17101973,Voter ID (India),or,missing,,,2719,,,,236074,0
Q17101973,Voter ID (India),pa,partial,ਵੋਟਰ ਕਾਰਡ (ਭਾਰਤ),1344,2719,6390,0.494,2024-04-04 13:37:51,236074,292
Q17101973,Voter ID (India),sa,missing,,,2719,,,,236074,0
Q17101973,Voter ID (India),sat,missing,,,2719,,,,236074,0
Q17101973,Voter ID (India),sd,missing,,,2719,,,,236074,0
Q17101973,Voter ID (India),ta,good,வாக்காளர் அடையாள அட்டை,1410,2719,5389,0.519,2025-11-09 12:20:57,236074,8336
Q17101973,Voter ID (India),tcy,missing,,,2719,,,,236074,0
Q17101973,Voter ID (India),te,missing,,,2719,,,,236074,0
Q17101973,Voter ID (India),ur,good,ووٹر شناختی کارڈ (بھارت),2302,2719,9167,0.847,2025-05-03 17:36:55,236074,304
Q174589,Agoraphobia,as,stub,এগোৰাফ’বিয়া,1636,17372,7707,0.094,2026-07-03 15:31:24,886598,78
Q174589,Agoraphobia,bh,missing,,,17372,,,,886598,0
Q174589,Agoraphobia,bn,missing,,,17372,,,,886598,0
Q174589,Agoraphobia,gom,missing,,,17372,,,,886598,0
Q174589,Agoraphobia,gu,good,એગોરાફોબિયા,12192,17372,47532,0.702,2026-09-22 02:43:05,886598,128
Q174589,Agoraphobia,hi,good,जनातंक (एगोराफोबिया),11004,17372,45091,0.633,2026-04-28 20:17:28,886598,145
Q174589,Agoraphobia,kn,good,ಅಗೋರಾಫೋಬಿಯಾ,12147,17372,48590,0.699,2026-08-11 00:34:51,886598,109
Q174589,Agoraphobia,ks,missing,,,17372,,,,886598,0
Q174589,Agoraphobia,mai,missing,,,17372,,,,886598,0
Q174589,Agoraphobia,ml,missing,,,17372,,,,886598,0
Q174589,Agoraphobia,mni,missing,,,17372,,,,886598,0
Q174589,Agoraphobia,mr,missing,,,17372,,,,886598,0
Q174589,Agoraphobia,ne,missing,,,17372,,,,886598,0
Q174589,Agoraphobia,or,stub,ଆଗୋରାଫୋବିଆ,1810,17372,7651,0.104,2026-09-23 21:53:11,886598,63
Q174589,Agoraphobia,pa,missing,,,17372,,,,886598,0
Q174589,Agoraphobia,sa,missing,,,17372,,,,886598,0
Q174589,Agoraphobia,sat,missing,,,17372,,,,886598,0
Q174589,Agoraphobia,sd,missing,,,17372,,,,886598,0
Q174589,Agoraphobia,ta,missing,,,17372,,,,886598,0
Q174589,Agoraphobia,tcy,missing,,,17372,,,,886598,0
Q174589,Agoraphobia,te,stub,అగోరాఫోబియా,2152,17372,10242,0.124,2026-09-06 05:57:40,886598,0
Q174589,Agoraphobia,ur,stub,ایگوروفوبیا,1329,17372,2486,0.077,2026-02-15 12:02:04,886598,43
Q174876,Breastfeeding,as,stub,স্তন্যপান,12529,102712,58381,0.122,2026-08-26 17:27:17,189224,758
Q174876,Breastfeeding,bh,missing,,,102712,,,,189224,0
Q174876,Breastfeeding,bn,stub,স্তন্যদান,5608,102712,34898,0.055,2026-09-10 04:03:46,189224,2020
Q174876,Breastfeeding,gom,missing,,,102712,,,,189224,0
Q174876,Breastfeeding,gu,missing,,,102712,,,,189224,0
Q174876,Breastfeeding,hi,stub,स्तनपान,6921,102712,21242,0.067,2025-04-16 16:00:42,189224,4677
Q174876,Breastfeeding,kn,stub,ಸ್ತನ್ಯಪಾನ,9180,102712,28064,0.089,2026-03-26 11:07:13,189224,1294
Q174876,Breastfeeding,ks,missing,,,102712,,,,189224,0
Q174876,Breastfeeding,mai,stub,स्तनपान,401,102712,1799,0.004,2025-08-10 02:37:39,189224,138
Q174876,Breastfeeding,ml,partial,മുലയൂട്ടൽ,22875,102712,110302,0.223,2026-07-10 03:42:33,189224,4455
Q174876,Breastfeeding,mni,missing,,,102712,,,,189224,0
Q174876,Breastfeeding,mr,stub,स्तनपान,2192,102712,9014,0.021,2022-11-29 20:49:32,189224,694
Q174876,Breastfeeding,ne,stub,स्तनपान,15251,102712,41745,0.148,2025-08-25 19:13:42,189224,451
Q174876,Breastfeeding,or,stub,ସ୍ତନ୍ୟପାନ,1973,102712,9667,0.019,2026-08-14 10:02:49,189224,190
Q174876,Breastfeeding,pa,stub,ਸਤਨਪਾਨ,531,102712,3707,0.005,2024-11-04 12:37:45,189224,73
Q174876,Breastfeeding,sa,missing,,,102712,,,,189224,0
Q174876,Breastfeeding,sat,stub,ᱪᱟᱪᱚ ᱪᱷᱟᱹᱴᱤᱭᱟᱹᱨ,1446,102712,3779,0.014,2020-11-07 05:03:25,189224,77
Q174876,Breastfeeding,sd,missing,,,102712,,,,189224,0
Q174876,Breastfeeding,ta,partial,தாய்ப்பாலூட்டல்,18906,102712,79894,0.184,2026-08-18 03:11:05,189224,2620
Q174876,Breastfeeding,tcy,stub,ಮಿರೆಪೇರ್ ಕೊರ್ಪುನೆ,2152,102712,6775,0.021,2025-11-08 10:38:29,189224,67
Q174876,Breastfeeding,te,stub,తల్లిపాలు పట్టడం,2626,102712,13144,0.026,2026-09-17 11:46:26,189224,5
Q174876,Breastfeeding,ur,stub,رضاعت,854,102712,2635,0.008,2025-10-11 16:23:02,189224,194
Q17633938,Pradhan Mantri Jan Dhan Yojana,as,missing,,,6303,,,,84488,0
Q17633938,Pradhan Mantri Jan Dhan Yojana,bh,missing,,,6303,,,,84488,0
Q17633938,Pradhan Mantri Jan Dhan Yojana,bn,good,প্রধানমন্ত্রী জনধন যোজনা,3707,6303,15017,0.588,2026-08-27 11:12:29,84488,4042
Q17633938,Pradhan Mantri Jan Dhan Yojana,gom,missing,,,6303,,,,84488,0
Q17633938,Pradhan Mantri Jan Dhan Yojana,gu,partial,પ્રધાન મંત્રી જન ધન યોજના,1019,6303,4710,0.162,2026-07-14 05:39:30,84488,1515
Q17633938,Pradhan Mantri Jan Dhan Yojana,hi,good,प्रधानमंत्री जन धन योजना,5442,6303,19861,0.863,2026-02-16 18:58:03,84488,26822
Q17633938,Pradhan Mantri Jan Dhan Yojana,kn,good,ಪ್ರಧಾನ ಮಂತ್ರಿ ಜನ-ಧನ ಯೋಜನೆ (PMJDY),3380,6303,10786,0.536,2026-03-24 21:30:39,84488,1592
Q17633938,Pradhan Mantri Jan Dhan Yojana,ks,missing,,,6303,,,,84488,0
Q17633938,Pradhan Mantri Jan Dhan Yojana,mai,missing,,,6303,,,,84488,0
Q17633938,Pradhan Mantri Jan Dhan Yojana,ml,stub,പ്രധാൻമന്ത്രി ജൻ ധൻ യോജന,597,6303,3156,0.095,2021-08-15 15:11:37,84488,4243
Q17633938,Pradhan Mantri Jan Dhan Yojana,mni,missing,,,6303,,,,84488,0
Q17633938,Pradhan Mantri Jan Dhan Yojana,mr,partial,प्रधानमंत्री जन धन योजना,3148,6303,10072,0.499,2025-07-25 17:49:39,84488,2918
Q17633938,Pradhan Mantri Jan Dhan Yojana,ne,missing,,,6303,,,,84488,0
Q17633938,Pradhan Mantri Jan Dhan Yojana,or,partial,ପ୍ରଧାନମନ୍ତ୍ରୀ ଜନଧନ ଯୋଜନା,1613,6303,6773,0.256,2026-07-29 17:18:38,84488,248
Q17633938,Pradhan Mantri Jan Dhan Yojana,pa,partial,ਪ੍ਰਧਾਨ ਮੰਤਰੀ ਜਨ ਧਨ ਯੋਜਨਾ,993,6303,4584,0.158,2025-10-29 06:12:16,84488,259
Q17633938,Pradhan Mantri Jan Dhan Yojana,sa,good,प्रधानमन्त्रिजनधनयोजना,7892,6303,28721,1.0,2026-09-26 03:13:02,84488,124
Q17633938,Pradhan Mantri Jan Dhan Yojana,sat,missing,,,6303,,,,84488,0
Q17633938,Pradhan Mantri Jan Dhan Yojana,sd,missing,,,6303,,,,84488,0
Q17633938,Pradhan Mantri Jan Dhan Yojana,ta,partial,ஜன் தன் திட்டம்,3065,6303,15978,0.486,2026-07-23 02:25:11,84488,5441
Q17633938,Pradhan Mantri Jan Dhan Yojana,tcy,good,ಪ್ರಧಾನ ಮಂತ್ರಿ ಜನ್ ಧನ್ ಯೋಜನೆ,6096,6303,19313,0.967,2025-12-23 11:48:25,84488,108
Q17633938,Pradhan Mantri Jan Dhan Yojana,te,partial,ప్రధాన మంత్రి జన్‌ధన్ యోజన,1403,6303,5744,0.223,2023-02-27 00:23:03,84488,5120
Q17633938,Pradhan Mantri Jan Dhan Yojana,ur,missing,,,6303,,,,84488,0
Q176353,Beekeeping,as,missing,,,41414,,,,82044,0
Q176353,Beekeeping,bh,missing,,,41414,,,,82044,0
Q176353,Beekeeping,bn,partial,মৌমাছি পালন,16533,41414,51901,0.399,2026-09-17 06:19:44,82044,1738
Q176353,Beekeeping,gom,missing,,,41414,,,,82044,0
Q176353,Beekeeping,gu,missing,,,41414,,,,82044,0
Q176353,Beekeeping,hi,good,मधुमक्खी पालन,26329,41414,69114,0.636,2025-12-06 05:54:56,82044,6832
Q176353,Beekeeping,kn,good,ಜೇನುಸಾಕಣೆ,44661,41414,141933,1.0,2026-09-24 16:50:17,82044,1448
Q176353,Beekeeping,ks,missing,,,41414,,,,82044,0
Q176353,Beekeeping,mai,missing,,,41414,,,,82044,0
Q176353,Beekeeping,ml,stub,തേനീച്ച വളർത്തൽ,646,41414,3642,0.016,2026-06-01 08:44:31,82044,322
Q176353,Beekeeping,mni,missing,,,41414,,,,82044,0
Q176353,Beekeeping,mr,stub,मधमाशी पालन,3226,41414,8654,0.078,2022-03-21 05:21:20,82044,1525
Q176353,Beekeeping,ne,stub,मौरी पालन,1856,41414,7386,0.045,2024-06-20 08:35:11,82044,478
Q176353,Beekeeping,or,stub,ମହୁ ଚାଷ,3126,41414,8688,0.075,2022-12-17 13:14:05,82044,101
Q176353,Beekeeping,pa,stub,ਮੱਖੀ ਪਾਲਣ,3877,41414,12811,0.094,2026-02-08 11:30:43,82044,147
Q176353,Beekeeping,sa,missing,,,41414,,,,82044,0
Q176353,Beekeeping,sat,missing,,,41414,,,,82044,0
Q176353,Beekeeping,sd,missing,,,41414,,,,82044,0
Q176353,Beekeeping,ta,partial,தேனீ வளர்ப்பு,6828,41414,20951,0.165,2022-10-15 04:25:41,82044,1385
Q176353,Beekeeping,tcy,missing,,,41414,,,,82044,0
Q176353,Beekeeping,te,partial,తేనెటీగల పెంపకం,9071,41414,25060,0.219,2023-04-17 17:01:50,82044,678
Q176353,Beekeeping,ur,missing,,,41414,,,,82044,0
Q177254,Farsightedness,as,missing,,,9967,,,,42722,0
Q177254,Farsightedness,bh,missing,,,9967,,,,42722,0
Q177254,Farsightedness,bn,partial,দূরদৃষ্টি,4532,9967,28137,0.455,2022-01-20 13:08:12,42722,1022
Q177254,Farsightedness,gom,missing,,,9967,,,,42722,0
Q177254,Farsightedness,gu,missing,,,9967,,,,42722,0
Q177254,Farsightedness,hi,stub,दूरदृष्टिता,1252,9967,4914,0.126,2024-11-27 06:45:13,42722,401
Q177254,Farsightedness,kn,stub,ದೂರದೃಷ್ಟಿ,438,9967,2501,0.044,2026-03-24 00:07:59,42722,585
Q177254,Farsightedness,ks,missing,,,9967,,,,42722,0
Q177254,Farsightedness,mai,missing,,,9967,,,,42722,0
Q177254,Farsightedness,ml,partial,ദീർഘദൃഷ്ടി,2107,9967,8098,0.211,2020-08-17 05:50:28,42722,1225
Q177254,Farsightedness,mni,missing,,,9967,,,,42722,0
Q177254,Farsightedness,mr,missing,,,9967,,,,42722,0
Q177254,Farsightedness,ne,stub,दूर दृष्टि,252,9967,825,0.025,2020-12-20 09:37:01,42722,85
Q177254,Farsightedness,or,stub,ଦୂରଦୃଷ୍ଟି,1330,9967,8652,0.133,2020-07-31 07:54:15,42722,117
Q177254,Farsightedness,pa,stub,ਦੂਰ ਦ੍ਰਿਸ਼ਟੀ ਦੋਸ਼,712,9967,3045,0.071,2022-05-16 10:56:51,42722,114
Q177254,Farsightedness,sa,missing,,,9967,,,,42722,0
Q177254,Farsightedness,sat,missing,,,9967,,,,42722,0
Q177254,Farsightedness,sd,missing,,,9967,,,,42722,0
Q177254,Farsightedness,ta,stub,எட்டப் பார்வை,1468,9967,5287,0.147,2022-10-28 23:47:21,42722,322
Q177254,Farsightedness,tcy,missing,,,9967,,,,42722,0
Q177254,Farsightedness,te,stub,దూరదృష్టి,725,9967,2761,0.073,2024-10-09 05:47:57,42722,205
Q177254,Farsightedness,ur,missing,,,9967,,,,42722,0
Q177708,Menopause,as,stub,ৰজোনিবৃত্তি,4376,55019,23692,0.08,2026-08-25 22:32:03,182929,402
Q177708,Menopause,bh,missing,,,55019,,,,182929,0
Q177708,Menopause,bn,stub,রজোনিবৃত্তি,3383,55019,29954,0.061,2026-07-27 18:26:14,182929,983
Q177708,Menopause,gom,missing,,,55019,,,,182929,0
Q177708,Menopause,gu,missing,,,55019,,,,182929,0
Q177708,Menopause,hi,stub,रजोनिवृत्ति,3562,55019,9709,0.065,2024-11-06 02:08:35,182929,2456
Q177708,Menopause,kn,stub,ಮುಟ್ಟು ನಿಲ್ಲುವಿಕೆ,5002,55019,14825,0.091,2026-03-25 11:46:31,182929,2030
Q177708,Menopause,ks,missing,,,55019,,,,182929,0
Q177708,Menopause,mai,stub,रजोनिवृत्ति,368,55019,2189,0.007,2026-08-26 19:52:58,182929,57
Q177708,Menopause,ml,partial,ആർത്തവവിരാമം,23567,55019,81167,0.428,2026-09-24 11:21:26,182929,4380
Q177708,Menopause,mni,missing,,,55019,,,,182929,0
Q177708,Menopause,mr,stub,रजोनिवृत्ती,2177,55019,6038,0.04,2022-04-17 16:11:13,182929,822
Q177708,Menopause,ne,partial,रजोनिवृत्ति,8974,55019,37996,0.163,2026-09-26 10:44:03,182929,136
Q177708,Menopause,or,stub,ଋତୁବନ୍ଦ,2253,55019,10292,0.041,2026-08-13 23:20:39,182929,110
Q177708,Menopause,pa,stub,ਮਾਹਵਾਰੀ ਰੁਕਣਾ,2057,55019,9983,0.037,2026-07-29 21:30:32,182929,161
Q177708,Menopause,sa,missing,,,55019,,,,182929,0
Q177708,Menopause,sat,missing,,,55019,,,,182929,0
Q177708,Menopause,sd,missing,,,55019,,,,182929,0
Q177708,Menopause,ta,stub,மாதவிடாய் நிறுத்தம்,4347,55019,12928,0.079,2023-09-17 15:24:45,182929,658
Q177708,Menopause,tcy,stub,ತಿಂಗೊಲ್ದ ಕುದಿ ಉಂತುನಿ,5018,55019,14457,0.091,2025-11-08 05:37:39,182929,103
Q177708,Menopause,te,stub,ఋతువిరతి,3078,55019,16898,0.056,2026-09-24 20:57:41,182929,190
Q177708,Menopause,ur,stub,ایاس,1536,55019,6277,0.028,2025-06-06 10:33:18,182929,170
Q178059,Paraphilia,as,missing,,,11698,,,,839491,0
Q178059,Paraphilia,bh,missing,,,11698,,,,839491,0
Q178059,Paraphilia,bn,good,যৌন বিকৃতি,8541,11698,37964,0.73,2026-09-23 09:58:15,839491,1775
Q178059,Paraphilia,gom,missing,,,11698,,,,839491,0
Q178059,Paraphilia,gu,missing,,,11698,,,,839491,0
Q178059,Paraphilia,hi,stub,अपकामुकता,298,11698,913,0.025,2024-09-27 12:11:38,839491,332
Q178059,Paraphilia,kn,missing,,,11698,,,,839491,0
Q178059,Paraphilia,ks,missing,,,11698,,,,839491,0
Q178059,Paraphilia,mai,missing,,,11698,,,,839491,0
Q178059,Paraphilia,ml,missing,,,11698,,,,839491,0
Q178059,Paraphilia,mni,missing,,,11698,,,,839491,0
Q178059,Paraphilia,mr,missing,,,11698,,,,839491,0
Q178059,Paraphilia,ne,missing,,,11698,,,,839491,0
Q178059,Paraphilia,or,missing,,,11698,,,,839491,0
Q178059,Paraphilia,pa,missing,,,11698,,,,839491,0
Q178059,Paraphilia,sa,missing,,,11698,,,,839491,0
Q178059,Paraphilia,sat,missing,,,11698,,,,839491,0
Q178059,Paraphilia,sd,missing,,,11698,,,,839491,0
Q178059,Paraphilia,ta,partial,பாலியல் நெறிபிறழ்வு,2401,11698,9863,0.205,2026-07-28 15:58:53,839491,150
Q178059,Paraphilia,tcy,missing,,,11698,,,,839491,0
Q178059,Paraphilia,te,missing,,,11698,,,,839491,0
Q178059,Paraphilia,ur,stub,جنسی کجروی,655,11698,2635,0.056,2026-04-15 18:41:43,839491,331
Q178061,Shock (circulatory),as,missing,,,23397,,,,140870,0
Q178061,Shock (circulatory),bh,missing,,,23397,,,,140870,0
Q178061,Shock (circulatory),bn,good,শক (সংবহন তন্ত্র),21996,23397,92226,0.94,2026-09-23 10:32:05,140870,235
Q178061,Shock (circulatory),gom,missing,,,23397,,,,140870,0
Q178061,Shock (circulatory),gu,missing,,,23397,,,,140870,0
Q178061,Shock (circulatory),hi,stub,शॉक,738,23397,2405,0.032,2021-07-04 07:37:47,140870,192
Q178061,Shock (circulatory),kn,missing,,,23397,,,,140870,0
Q178061,Shock (circulatory),ks,missing,,,23397,,,,140870,0
Q178061,Shock (circulatory),mai,missing,,,23397,,,,140870,0
Q178061,Shock (circulatory),ml,missing,,,23397,,,,140870,0
Q178061,Shock (circulatory),mni,missing,,,23397,,,,140870,0
Q178061,Shock (circulatory),mr,missing,,,23397,,,,140870,0
Q178061,Shock (circulatory),ne,missing,,,23397,,,,140870,0
Q178061,Shock (circulatory),or,stub,ଶକ୍ (ରକ୍ତ ସଞ୍ଚାଳନ),1990,23397,10826,0.085,2026-08-14 00:10:51,140870,130
Q178061,Shock (circulatory),pa,missing,,,23397,,,,140870,0
Q178061,Shock (circulatory),sa,missing,,,23397,,,,140870,0
Q178061,Shock (circulatory),sat,missing,,,23397,,,,140870,0
Q178061,Shock (circulatory),sd,missing,,,23397,,,,140870,0
Q178061,Shock (circulatory),ta,stub,அதிர்ச்சி (மருத்துவம்),1620,23397,7033,0.069,2026-04-20 03:55:57,140870,294
Q178061,Shock (circulatory),tcy,missing,,,23397,,,,140870,0
Q178061,Shock (circulatory),te,missing,,,23397,,,,140870,0
Q178061,Shock (circulatory),ur,missing,,,23397,,,,140870,0
Q178190,Obsessive–compulsive disorder,as,missing,,,66038,,,,798578,0
Q178190,Obsessive–compulsive disorder,bh,missing,,,66038,,,,798578,0
Q178190,Obsessive–compulsive disorder,bn,stub,আবেশিক অনুকর্ষী ব্যাধি,6269,66038,40493,0.095,2026-09-24 01:38:25,798578,2262
Q178190,Obsessive–compulsive disorder,gom,missing,,,66038,,,,798578,0
Q178190,Obsessive–compulsive disorder,gu,missing,,,66038,,,,798578,0
Q178190,Obsessive–compulsive disorder,hi,stub,मनोग्रसित-बाध्यता विकार,2253,66038,8810,0.034,2025-04-25 12:33:12,798578,1909
Q178190,Obsessive–compulsive disorder,kn,stub,ಗೀಳು ಮನೋರೋಗ,4438,66038,14740,0.067,2026-08-11 18:05:32,798578,990
Q178190,Obsessive–compulsive disorder,ks,missing,,,66038,,,,798578,0
Q178190,Obsessive–compulsive disorder,mai,missing,,,66038,,,,798578,0
Q178190,Obsessive–compulsive disorder,ml,stub,ഒബ്സെസ്സിവ് കംപൾസിവ് ഡിസോർഡർ,6691,66038,33732,0.101,2026-08-22 19:35:58,798578,3274
Q178190,Obsessive–compulsive disorder,mni,missing,,,66038,,,,798578,0
Q178190,Obsessive–compulsive disorder,mr,stub,अत्याग्रही विकार,2738,66038,14145,0.041,2026-08-23 20:51:46,798578,639
Q178190,Obsessive–compulsive disorder,ne,missing,,,66038,,,,798578,0
Q178190,Obsessive–compulsive disorder,or,stub,ଅବସେସିଭ-କମ୍ପଲସିଭ ଡିଜଅର୍ଡ଼ର,2229,66038,9941,0.034,2026-08-02 16:33:10,798578,93
Q178190,Obsessive–compulsive disorder,pa,missing,,,66038,,,,798578,0
Q178190,Obsessive–compulsive disorder,sa,missing,,,66038,,,,798578,0
Q178190,Obsessive–compulsive disorder,sat,missing,,,66038,,,,798578,0
Q178190,Obsessive–compulsive disorder,sd,missing,,,66038,,,,798578,0
Q178190,Obsessive–compulsive disorder,ta,stub,பெருவிருப்ப கட்டாய மனப்பிறழ்வு,3262,66038,15993,0.049,2026-05-23 20:12:41,798578,2546
Q178190,Obsessive–compulsive disorder,tcy,missing,,,66038,,,,798578,0
Q178190,Obsessive–compulsive disorder,te,stub,అబ్సెసివ్ కంపల్సివ్ డిజార్డర్,7717,66038,33239,0.117,2026-09-27 19:05:58,798578,1206
Q178190,Obsessive–compulsive disorder,ur,stub,وسواسی اجباری اضطراب,1637,66038,3411,0.025,2025-02-11 14:33:18,798578,346
Q178194,Cystic fibrosis,as,missing,,,66785,,,,511030,0
Q178194,Cystic fibrosis,bh,missing,,,66785,,,,511030,0
Q178194,Cystic fibrosis,bn,partial,সিস্টিক ফাইব্রোসিস,12626,66785,60365,0.189,2026-03-14 09:13:41,511030,77
Q178194,Cystic fibrosis,gom,missing,,,66785,,,,511030,0
Q178194,Cystic fibrosis,gu,missing,,,66785,,,,511030,0
Q178194,Cystic fibrosis,hi,stub,सिस्टिक फाइब्रोसिस,1697,66785,4980,0.025,2026-03-11 08:18:25,511030,162
Q178194,Cystic fibrosis,kn,missing,,,66785,,,,511030,0
Q178194,Cystic fibrosis,ks,missing,,,66785,,,,511030,0
Q178194,Cystic fibrosis,mai,missing,,,66785,,,,511030,0
Q178194,Cystic fibrosis,ml,stub,സിസ്റ്റിക് ഫൈബ്രോസിസ്,6154,66785,30108,0.092,2026-07-09 22:21:31,511030,421
Q178194,Cystic fibrosis,mni,missing,,,66785,,,,511030,0
Q178194,Cystic fibrosis,mr,missing,,,66785,,,,511030,0
Q178194,Cystic fibrosis,ne,missing,,,66785,,,,511030,0
Q178194,Cystic fibrosis,or,stub,ସିସ୍ଟିକ୍ ଫାଇବ୍ରୋସିସ୍,2004,66785,9299,0.03,2026-03-11 08:37:19,511030,76
Q178194,Cystic fibrosis,pa,missing,,,66785,,,,511030,0
Q178194,Cystic fibrosis,sa,missing,,,66785,,,,511030,0
Q178194,Cystic fibrosis,sat,missing,,,66785,,,,511030,0
Q178194,Cystic fibrosis,sd,missing,,,66785,,,,511030,0
Q178194,Cystic fibrosis,ta,missing,,,66785,,,,511030,0
Q178194,Cystic fibrosis,tcy,missing,,,66785,,,,511030,0
Q178194,Cystic fibrosis,te,stub,సిస్టిక్ ఫైబ్రోసిస్,2176,66785,10025,0.033,2026-09-10 18:08:41,511030,0
Q178194,Cystic fibrosis,ur,missing,,,66785,,,,511030,0
Q178623,Kidney stone disease,as,missing,,,51357,,,,180672,0
Q178623,Kidney stone disease,bh,stub,किडनी के पथरी,389,51357,1287,0.008,2018-07-24 18:39:27,180672,93
Q178623,Kidney stone disease,bn,stub,বৃক্ক পাথর রোগ,3377,51357,18415,0.066,2026-09-23 07:47:07,180672,673
Q178623,Kidney stone disease,gom,missing,,,51357,,,,180672,0
Q178623,Kidney stone disease,gu,missing,,,51357,,,,180672,0
Q178623,Kidney stone disease,hi,stub,वृक्क अश्मरी,5942,51357,16200,0.116,2025-01-01 10:04:33,180672,962
Q178623,Kidney stone disease,kn,missing,,,51357,,,,180672,0
Q178623,Kidney stone disease,ks,missing,,,51357,,,,180672,0
Q178623,Kidney stone disease,mai,missing,,,51357,,,,180672,0
Q178623,Kidney stone disease,ml,missing,,,51357,,,,180672,0
Q178623,Kidney stone disease,mni,missing,,,51357,,,,180672,0
Q178623,Kidney stone disease,mr,stub,मुतखडा,2715,51357,8924,0.053,2023-11-07 04:35:59,180672,1655
Q178623,Kidney stone disease,ne,missing,,,51357,,,,180672,0
Q178623,Kidney stone disease,or,stub,ବୃକ୍‌କ ପଥର ରୋଗ,2548,51357,11205,0.05,2026-08-02 20:50:56,180672,70
Q178623,Kidney stone disease,pa,stub,ਗੁਰਦੇ ਪੱਥਰ ਦੀ ਬਿਮਾਰੀ,1257,51357,5772,0.024,2024-06-22 17:10:00,180672,141
Q178623,Kidney stone disease,sa,missing,,,51357,,,,180672,0
Q178623,Kidney stone disease,sat,missing,,,51357,,,,180672,0
Q178623,Kidney stone disease,sd,missing,,,51357,,,,180672,0
Q178623,Kidney stone disease,ta,stub,சிறுநீரகக் கல்,4766,51357,20739,0.093,2025-04-14 10:20:22,180672,1356
Q178623,Kidney stone disease,tcy,missing,,,51357,,,,180672,0
Q178623,Kidney stone disease,te,stub,కిడ్నీ స్టోన్ వ్యాధి,2399,51357,17018,0.047,2026-09-29 04:33:47,180672,0
Q178623,Kidney stone disease,ur,stub,گردے کی پتھری کی بیماری,2408,51357,10532,0.047,2025-05-12 14:05:50,180672,608
Q178790,Trade union,as,missing,,,33348,,,,235463,0
Q178790,Trade union,bh,missing,,,33348,,,,235463,0
Q178790,Trade union,bn,partial,শ্রমিক সংঘ,11319,33348,41325,0.339,2026-08-25 10:17:41,235463,520
Q178790,Trade union,gom,missing,,,33348,,,,235463,0
Q178790,Trade union,gu,missing,,,33348,,,,235463,0
Q178790,Trade union,hi,stub,श्रमिक संघ,824,33348,2355,0.025,2026-08-27 07:06:13,235463,979
Q178790,Trade union,kn,missing,,,33348,,,,235463,0
Q178790,Trade union,ks,missing,,,33348,,,,235463,0
Q178790,Trade union,mai,missing,,,33348,,,,235463,0
Q178790,Trade union,ml,good,തൊഴിലാളി സംഘടന,25077,33348,73029,0.752,2023-09-30 15:42:14,235463,721
Q178790,Trade union,mni,missing,,,33348,,,,235463,0
Q178790,Trade union,mr,missing,,,33348,,,,235463,0
Q178790,Trade union,ne,stub,ट्रेड युनियन,1814,33348,6485,0.054,2026-09-26 04:48:18,235463,510
Q178790,Trade union,or,missing,,,33348,,,,235463,0
Q178790,Trade union,pa,stub,ਮਜ਼ਦੂਰ-ਸੰਘ,1706,33348,4642,0.051,2020-09-16 11:57:04,235463,115
Q178790,Trade union,sa,missing,,,33348,,,,235463,0
Q178790,Trade union,sat,missing,,,33348,,,,235463,0
Q178790,Trade union,sd,partial,ڪليڪٽو بارگيننگ ايجنٽ,5170,33348,10566,0.155,2025-12-22 04:14:53,235463,49
Q178790,Trade union,ta,stub,தொழிற்சங்கம்,2396,33348,7178,0.072,2026-04-20 09:46:45,235463,1008
Q178790,Trade union,tcy,missing,,,33348,,,,235463,0
Q178790,Trade union,te,stub,కార్మికుల సంఘం,3052,33348,9610,0.092,2026-07-29 19:07:29,235463,519
Q178790,Trade union,ur,stub,انجمن مزدوراں,708,33348,1802,0.021,2025-09-19 08:04:41,235463,128
Q179399,Infertility,as,missing,,,34750,,,,79863,0
Q179399,Infertility,bh,missing,,,34750,,,,79863,0
Q179399,Infertility,bn,missing,,,34750,,,,79863,0
Q179399,Infertility,gom,missing,,,34750,,,,79863,0
Q179399,Infertility,gu,missing,,,34750,,,,79863,0
Q179399,Infertility,hi,partial,अनुर्वरता,7748,34750,21998,0.223,2025-01-02 22:05:48,79863,672
Q179399,Infertility,kn,partial,ಬಂಜೆತನ,6435,34750,17948,0.185,2026-03-24 23:25:49,79863,1087
Q179399,Infertility,ks,missing,,,34750,,,,79863,0
Q179399,Infertility,mai,missing,,,34750,,,,79863,0
Q179399,Infertility,ml,partial,വന്ധ്യത,10512,34750,31748,0.303,2026-09-26 11:53:12,79863,1072
Q179399,Infertility,mni,missing,,,34750,,,,79863,0
Q179399,Infertility,mr,missing,,,34750,,,,79863,0
Q179399,Infertility,ne,stub,बाँझोपन,1540,34750,6856,0.044,2025-09-28 16:39:01,79863,172
Q179399,Infertility,or,stub,ଅନୁର୍ବରତା,1129,34750,3282,0.032,2021-11-16 05:25:23,79863,167
Q179399,Infertility,pa,missing,,,34750,,,,79863,0
Q179399,Infertility,sa,missing,,,34750,,,,79863,0
Q179399,Infertility,sat,missing,,,34750,,,,79863,0
Q179399,Infertility,sd,missing,,,34750,,,,79863,0
Q179399,Infertility,ta,stub,மலட்டுத்தன்மை,3124,34750,13685,0.09,2023-12-19 21:31:46,79863,761
Q179399,Infertility,tcy,missing,,,34750,,,,79863,0
Q179399,Infertility,te,partial,సంతానలేమి,9118,34750,26165,0.262,2025-05-25 08:07:52,79863,343
Q179399,Infertility,ur,stub,بانجھ پن,5159,34750,10472,0.148,2026-06-18 22:13:17,79863,929
Q180007,Syncope (medicine),as,missing,,,29848,,,,145698,0
Q180007,Syncope (medicine),bh,missing,,,29848,,,,145698,0
Q180007,Syncope (medicine),bn,good,সিনকোপ (চিকিৎসাবিজ্ঞান),31475,29848,124999,1.0,2026-09-23 03:02:28,145698,439
Q180007,Syncope (medicine),gom,missing,,,29848,,,,145698,0
Q180007,Syncope (medicine),gu,missing,,,29848,,,,145698,0
Q180007,Syncope (medicine),hi,missing,,,29848,,,,145698,0
Q180007,Syncope (medicine),kn,stub,ಪ್ರಜ್ಞಾಶೂನ್ಯತೆ,770,29848,2727,0.026,2026-03-24 21:18:29,145698,95
Q180007,Syncope (medicine),ks,missing,,,29848,,,,145698,0
Q180007,Syncope (medicine),mai,missing,,,29848,,,,145698,0
Q180007,Syncope (medicine),ml,stub,ബോധക്ഷയം,1990,29848,7420,0.067,2021-12-18 02:33:31,145698,182
Q180007,Syncope (medicine),mni,missing,,,29848,,,,145698,0
Q180007,Syncope (medicine),mr,missing,,,29848,,,,145698,0
Q180007,Syncope (medicine),ne,missing,,,29848,,,,145698,0
Q180007,Syncope (medicine),or,stub,ମୂର୍ଚ୍ଛା,3013,29848,10948,0.101,2022-02-16 10:34:06,145698,73
Q180007,Syncope (medicine),pa,missing,,,29848,,,,145698,0
Q180007,Syncope (medicine),sa,missing,,,29848,,,,145698,0
Q180007,Syncope (medicine),sat,missing,,,29848,,,,145698,0
Q180007,Syncope (medicine),sd,missing,,,29848,,,,145698,0
Q180007,Syncope (medicine),ta,stub,மயக்கம்,509,29848,2239,0.017,2024-09-30 06:51:03,145698,214
Q180007,Syncope (medicine),tcy,missing,,,29848,,,,145698,0
Q180007,Syncope (medicine),te,missing,,,29848,,,,145698,0
Q180007,Syncope (medicine),ur,stub,غشی,310,29848,816,0.01,2024-01-25 08:54:54,145698,96
Q180388,Waste management,as,missing,,,40776,,,,144311,0
Q180388,Waste management,bh,missing,,,40776,,,,144311,0
Q180388,Waste management,bn,partial,আবর্জনা ব্যবস্থাপনা,8677,40776,30101,0.213,2026-01-07 15:20:42,144311,1449
Q180388,Waste management,gom,missing,,,40776,,,,144311,0
Q180388,Waste management,gu,partial,કચરાનો પ્રબંધ,13520,40776,39260,0.332,2022-11-08 20:24:40,144311,668
Q180388,Waste management,hi,partial,अपशिष्ट प्रबंधन,11914,40776,35277,0.292,2023-04-29 14:58:39,144311,4679
Q180388,Waste management,kn,partial,ತ್ಯಾಜ್ಯ ನಿರ್ವಹಣೆ,16233,40776,47446,0.398,2026-03-23 22:21:09,144311,6511
Q180388,Waste management,ks,missing,,,40776,,,,144311,0
Q180388,Waste management,mai,missing,,,40776,,,,144311,0
Q180388,Waste management,ml,stub,മാലിന്യ സംസ്ക്കരണം,854,40776,2849,0.021,2025-12-04 08:16:31,144311,4996
Q180388,Waste management,mni,missing,,,40776,,,,144311,0
Q180388,Waste management,mr,missing,,,40776,,,,144311,0
Q180388,Waste management,ne,missing,,,40776,,,,144311,0
Q180388,Waste management,or,missing,,,40776,,,,144311,0
Q180388,Waste management,pa,missing,,,40776,,,,144311,0
Q180388,Waste management,sa,missing,,,40776,,,,144311,0
Q180388,Waste management,sat,missing,,,40776,,,,144311,0
Q180388,Waste management,sd,missing,,,40776,,,,144311,0
Q180388,Waste management,ta,partial,கழிவு மேலாண்மை,10339,40776,30939,0.254,2026-09-10 11:45:43,144311,1746
Q180388,Waste management,tcy,missing,,,40776,,,,144311,0
Q180388,Waste management,te,stub,వ్యర్థ పదార్థాల నిర్వహణ,1106,40776,4762,0.027,2025-04-07 15:37:21,144311,291
Q180388,Waste management,ur,stub,کچرے کی نظامت,490,40776,1591,0.012,2026-02-05 12:38:24,144311,118
Q180614,Melanoma,as,missing,,,53003,,,,407937,0
Q180614,Melanoma,bh,missing,,,53003,,,,407937,0
Q180614,Melanoma,bn,missing,,,53003,,,,407937,0
Q180614,Melanoma,gom,missing,,,53003,,,,407937,0
Q180614,Melanoma,gu,missing,,,53003,,,,407937,0
Q180614,Melanoma,hi,stub,मेलेनोमा,4397,53003,13340,0.083,2022-02-23 04:41:25,407937,669
Q180614,Melanoma,kn,missing,,,53003,,,,407937,0
Q180614,Melanoma,ks,missing,,,53003,,,,407937,0
Q180614,Melanoma,mai,stub,मेलानोमा,471,53003,6046,0.009,2026-08-22 21:21:30,407937,46
Q180614,Melanoma,ml,missing,,,53003,,,,407937,0
Q180614,Melanoma,mni,missing,,,53003,,,,407937,0
Q180614,Melanoma,mr,missing,,,53003,,,,407937,0
Q180614,Melanoma,ne,missing,,,53003,,,,407937,0
Q180614,Melanoma,or,stub,ମେଲାନୋମା,1886,53003,7912,0.036,2026-08-13 23:18:32,407937,64
Q180614,Melanoma,pa,stub,ਮੇਲਾਨੋਮਾ,2887,53003,11602,0.054,2025-10-10 17:32:46,407937,80
Q180614,Melanoma,sa,missing,,,53003,,,,407937,0
Q180614,Melanoma,sat,stub,ᱢᱮᱞᱮᱱᱚᱢᱟ,503,53003,1415,0.009,2022-08-24 04:20:22,407937,44
Q180614,Melanoma,sd,stub,ميلانوما,2093,53003,7191,0.039,2026-08-27 00:48:21,407937,57
Q180614,Melanoma,ta,stub,கரும்புற்றுநோய்,5349,53003,17856,0.101,2025-11-11 17:02:50,407937,719
Q180614,Melanoma,tcy,missing,,,53003,,,,407937,0
Q180614,Melanoma,te,stub,మెలనోమా,3108,53003,11276,0.059,2026-09-27 14:44:32,407937,620
Q180614,Melanoma,ur,stub,سلعہ سودا,224,53003,1001,0.004,2025-06-02 12:08:46,407937,50
Q180762,Angina,as,missing,,,25983,,,,241406,0
Q180762,Angina,bh,missing,,,25983,,,,241406,0
Q180762,Angina,bn,stub,হৃৎশূল,2678,25983,10009,0.103,2026-08-09 09:50:28,241406,197
Q180762,Angina,gom,missing,,,25983,,,,241406,0
Q180762,Angina,gu,missing,,,25983,,,,241406,0
Q180762,Angina,hi,stub,उद:शूल,1151,25983,3370,0.044,2020-06-16 02:47:14,241406,96
Q180762,Angina,kn,stub,ಎಂಜೈನಾ ಪೆಕ್ಟೋರಿಸ್,1091,25983,3382,0.042,2026-03-22 07:22:40,241406,55
Q180762,Angina,ks,missing,,,25983,,,,241406,0
Q180762,Angina,mai,missing,,,25983,,,,241406,0
Q180762,Angina,ml,stub,അൻജിന പെക്റ്റൊറിസ്,891,25983,2801,0.034,2024-08-16 11:44:48,241406,177
Q180762,Angina,mni,missing,,,25983,,,,241406,0
Q180762,Angina,mr,missing,,,25983,,,,241406,0
Q180762,Angina,ne,missing,,,25983,,,,241406,0
Q180762,Angina,or,stub,ଆଞ୍ଜାଇନା,1524,25983,7284,0.059,2024-10-25 19:45:35,241406,52
Q180762,Angina,pa,missing,,,25983,,,,241406,0
Q180762,Angina,sa,missing,,,25983,,,,241406,0
Q180762,Angina,sat,missing,,,25983,,,,241406,0
Q180762,Angina,sd,missing,,,25983,,,,241406,0
Q180762,Angina,ta,stub,மார்பு நெரிப்பு,1463,25983,5885,0.056,2024-08-16 09:27:05,241406,139
Q180762,Angina,tcy,missing,,,25983,,,,241406,0
Q180762,Angina,te,stub,యాంజైన,1865,25983,9633,0.072,2026-09-14 02:06:06,241406,31
Q180762,Angina,ur,stub,دل کی کمزوری,1637,25983,7016,0.063,2025-02-24 05:20:50,241406,670
Q181032,Neurosis,as,missing,,,52517,,,,175406,0
Q181032,Neurosis,bh,missing,,,52517,,,,175406,0
Q181032,Neurosis,bn,stub,নিউরোসিস,3357,52517,16209,0.064,2026-06-21 19:37:20,175406,261
Q181032,Neurosis,gom,missing,,,52517,,,,175406,0
Q181032,Neurosis,gu,missing,,,52517,,,,175406,0
Q181032,Neurosis,hi,stub,तंत्रिकाताप,353,52517,889,0.007,2026-02-13 09:47:55,175406,127
Q181032,Neurosis,kn,missing,,,52517,,,,175406,0
Q181032,Neurosis,ks,missing,,,52517,,,,175406,0
Q181032,Neurosis,mai,missing,,,52517,,,,175406,0
Q181032,Neurosis,ml,missing,,,52517,,,,175406,0
Q181032,Neurosis,mni,missing,,,52517,,,,175406,0
Q181032,Neurosis,mr,missing,,,52517,,,,175406,0
Q181032,Neurosis,ne,missing,,,52517,,,,175406,0
Q181032,Neurosis,or,missing,,,52517,,,,175406,0
Q181032,Neurosis,pa,missing,,,52517,,,,175406,0
Q181032,Neurosis,sa,missing,,,52517,,,,175406,0
Q181032,Neurosis,sat,missing,,,52517,,,,175406,0
Q181032,Neurosis,sd,missing,,,52517,,,,175406,0
Q181032,Neurosis,ta,missing,,,52517,,,,175406,0
Q181032,Neurosis,tcy,missing,,,52517,,,,175406,0
Q181032,Neurosis,te,missing,,,52517,,,,175406,0
Q181032,Neurosis,ur,stub,عصاب,430,52517,1093,0.008,2026-06-25 09:58:32,175406,93
Q18124504,Digital India,as,partial,ডিজিটেল ইণ্ডিয়া,1578,7262,4979,0.217,2026-09-25 13:05:14,67996,213
Q18124504,Digital India,bh,stub,डिजिटल इंडिया,870,7262,3218,0.12,2023-10-06 01:22:42,67996,680
Q18124504,Digital India,bn,missing,,,7262,,,,67996,0
Q18124504,Digital India,gom,missing,,,7262,,,,67996,0
Q18124504,Digital India,gu,missing,,,7262,,,,67996,0
Q18124504,Digital India,hi,good,डिजिटल भारत,4627,7262,13917,0.637,2024-11-23 17:07:32,67996,6141
Q18124504,Digital India,kn,partial,ಡಿಜಿಟಲ್ ಇಂಡಿಯಾ,1325,7262,3653,0.182,2026-03-23 19:41:27,67996,909
Q18124504,Digital India,ks,missing,,,7262,,,,67996,0
Q18124504,Digital India,mai,missing,,,7262,,,,67996,0
Q18124504,Digital India,ml,partial,ഡിജിറ്റൽ ഇന്ത്യ,3528,7262,13671,0.486,2019-08-01 08:10:54,67996,752
Q18124504,Digital India,mni,missing,,,7262,,,,67996,0
Q18124504,Digital India,mr,stub,डिजिटल इंडिया,605,7262,1918,0.083,2024-07-01 18:32:33,67996,893
Q18124504,Digital India,ne,missing,,,7262,,,,67996,0
Q18124504,Digital India,or,good,ଡିଜିଟାଲ ଇଣ୍ଡିଆ ସପ୍ତାହ,3663,7262,10491,0.504,2022-02-13 16:11:58,67996,92
Q18124504,Digital India,pa,stub,ਡਿਜੀਟਲ ਇੰਡੀਆ,284,7262,1037,0.039,2024-11-09 17:40:07,67996,61
Q18124504,Digital India,sa,good,अङ्कीयभारतम्,11761,7262,34674,1.0,2023-10-03 22:46:00,67996,76
Q18124504,Digital India,sat,partial,ᱰᱤᱡᱤᱴᱟᱞ ᱤᱱᱰᱤᱭᱟ,3182,7262,8764,0.438,2023-10-23 15:08:56,67996,163
Q18124504,Digital India,sd,missing,,,7262,,,,67996,0
Q18124504,Digital India,ta,stub,டிஜிட்டல் இந்தியா,498,7262,2142,0.069,2025-06-22 13:16:54,67996,633
Q18124504,Digital India,tcy,missing,,,7262,,,,67996,0
Q18124504,Digital India,te,partial,డిజిటల్ ఇండియా,1753,7262,4900,0.241,2025-04-27 14:33:52,67996,681
Q18124504,Digital India,ur,partial,ڈیجیٹل بھارت,1212,7262,2743,0.167,2026-07-03 09:57:41,67996,65
Q181257,Prostate cancer,as,stub,প্ৰষ্টেট কেন্সাৰ,3262,44296,21408,0.074,2026-09-25 23:59:20,286245,0
Q181257,Prostate cancer,bh,missing,,,44296,,,,286245,0
Q181257,Prostate cancer,bn,stub,প্রোস্টেট ক্যান্সার,5046,44296,14734,0.114,2026-05-26 12:19:04,286245,2299
Q181257,Prostate cancer,gom,missing,,,44296,,,,286245,0
Q181257,Prostate cancer,gu,missing,,,44296,,,,286245,0
Q181257,Prostate cancer,hi,partial,प्रोस्टेट कैंसर,11337,44296,32439,0.256,2025-04-16 16:45:36,286245,557
Q181257,Prostate cancer,kn,missing,,,44296,,,,286245,0
Q181257,Prostate cancer,ks,missing,,,44296,,,,286245,0
Q181257,Prostate cancer,mai,missing,,,44296,,,,286245,0
Q181257,Prostate cancer,ml,missing,,,44296,,,,286245,0
Q181257,Prostate cancer,mni,missing,,,44296,,,,286245,0
Q181257,Prostate cancer,mr,stub,पौरुष ग्रंथीचा कर्करोग,1506,44296,4854,0.034,2022-03-27 17:03:13,286245,263
Q181257,Prostate cancer,ne,missing,,,44296,,,,286245,0
Q181257,Prostate cancer,or,stub,ପ୍ରୋସ୍ଟେଟ କର୍କଟ,4089,44296,18128,0.092,2026-08-13 23:43:42,286245,235
Q181257,Prostate cancer,pa,stub,ਪ੍ਰੋਸਟੇਟ ਕੈਂਸਰ,3168,44296,14383,0.072,2026-09-19 16:27:40,286245,143
Q181257,Prostate cancer,sa,missing,,,44296,,,,286245,0
Q181257,Prostate cancer,sat,missing,,,44296,,,,286245,0
Q181257,Prostate cancer,sd,stub,پروسٽيٽ ڪينسر,3026,44296,6596,0.068,2025-07-14 06:11:03,286245,71
Q181257,Prostate cancer,ta,stub,முன்னிற்குஞ்சுரப்பி புற்றுநோய்,1011,44296,5227,0.023,2023-05-16 19:44:35,286245,416
Q181257,Prostate cancer,tcy,missing,,,44296,,,,286245,0
Q181257,Prostate cancer,te,stub,పౌరుష గ్రంధి క్యాన్సర్,3887,44296,16496,0.088,2026-09-14 05:18:34,286245,411
Q181257,Prostate cancer,ur,stub,بڑے غدود کا سرطان,3143,44296,16139,0.071,2026-05-12 11:14:37,286245,174
Q181391,Hair loss,as,missing,,,24916,,,,134645,0
Q181391,Hair loss,bh,missing,,,24916,,,,134645,0
Q181391,Hair loss,bn,stub,টাক,2450,24916,8616,0.098,2025-12-02 13:00:49,134645,561
Q181391,Hair loss,gom,missing,,,24916,,,,134645,0
Q181391,Hair loss,gu,missing,,,24916,,,,134645,0
Q181391,Hair loss,hi,partial,गंजापन,4579,24916,12762,0.184,2026-06-18 17:10:16,134645,1032
Q181391,Hair loss,kn,missing,,,24916,,,,134645,0
Q181391,Hair loss,ks,missing,,,24916,,,,134645,0
Q181391,Hair loss,mai,missing,,,24916,,,,134645,0
Q181391,Hair loss,ml,missing,,,24916,,,,134645,0
Q181391,Hair loss,mni,missing,,,24916,,,,134645,0
Q181391,Hair loss,mr,missing,,,24916,,,,134645,0
Q181391,Hair loss,ne,missing,,,24916,,,,134645,0
Q181391,Hair loss,or,missing,,,24916,,,,134645,0
Q181391,Hair loss,pa,missing,,,24916,,,,134645,0
Q181391,Hair loss,sa,missing,,,24916,,,,134645,0
Q181391,Hair loss,sat,missing,,,24916,,,,134645,0
Q181391,Hair loss,sd,missing,,,24916,,,,134645,0
Q181391,Hair loss,ta,stub,வழுக்கை,572,24916,2578,0.023,2025-06-08 07:01:48,134645,208
Q181391,Hair loss,tcy,missing,,,24916,,,,134645,0
Q181391,Hair loss,te,stub,బోడి,1315,24916,2905,0.053,2020-05-31 11:56:53,134645,153
Q181391,Hair loss,ur,missing,,,24916,,,,134645,0
Q18175130,Swachh Bharat Mission,as,stub,স্বচ্ছ ভাৰত অভিযান,2762,29911,7907,0.092,2022-09-30 08:56:45,142517,2707
Q18175130,Swachh Bharat Mission,bh,stub,स्वच्छ भारत अभियान,561,29911,3855,0.019,2023-06-14 22:49:39,142517,553
Q18175130,Swachh Bharat Mission,bn,partial,স্বচ্ছ ভারত অভিযান,8467,29911,37883,0.283,2026-03-02 06:40:02,142517,3620
Q18175130,Swachh Bharat Mission,gom,missing,,,29911,,,,142517,0
Q18175130,Swachh Bharat Mission,gu,missing,,,29911,,,,142517,0
Q18175130,Swachh Bharat Mission,hi,partial,स्वच्छ भारत अभियान,9928,29911,45013,0.332,2026-02-12 10:36:20,142517,46081
Q18175130,Swachh Bharat Mission,kn,stub,ಸ್ವಚ್ಛ ಭಾರತ ಅಭಿಯಾನ,1568,29911,6499,0.052,2026-03-26 11:37:13,142517,10091
Q18175130,Swachh Bharat Mission,ks,missing,,,29911,,,,142517,0
Q18175130,Swachh Bharat Mission,mai,missing,,,29911,,,,142517,0
Q18175130,Swachh Bharat Mission,ml,stub,സ്വച്ഛ് ഭാരത് മിഷൻ,832,29911,3435,0.028,2022-10-07 14:02:01,142517,1171
Q18175130,Swachh Bharat Mission,mni,missing,,,29911,,,,142517,0
Q18175130,Swachh Bharat Mission,mr,stub,स्वच्छ भारत अभियान,2930,29911,7985,0.098,2025-03-29 18:03:09,142517,7068
Q18175130,Swachh Bharat Mission,ne,missing,,,29911,,,,142517,0
Q18175130,Swachh Bharat Mission,or,stub,ସ୍ୱଚ୍ଛ ଭାରତ ଅଭିଯାନ,2985,29911,9327,0.1,2022-02-15 08:57:46,142517,703
Q18175130,Swachh Bharat Mission,pa,missing,,,29911,,,,142517,0
Q18175130,Swachh Bharat Mission,sa,partial,स्वच्छभारताभियानम्,9914,29911,44696,0.331,2024-11-11 18:45:20,142517,290
Q18175130,Swachh Bharat Mission,sat,missing,,,29911,,,,142517,0
Q18175130,Swachh Bharat Mission,sd,missing,,,29911,,,,142517,0
Q18175130,Swachh Bharat Mission,ta,good,தூய்மை இந்தியா இயக்கம்,34571,29911,153857,1.0,2026-07-09 18:32:00,142517,4058
Q18175130,Swachh Bharat Mission,tcy,missing,,,29911,,,,142517,0
Q18175130,Swachh Bharat Mission,te,stub,స్వచ్ఛ భారత్,1104,29911,5718,0.037,2023-02-02 02:18:32,142517,3004
Q18175130,Swachh Bharat Mission,ur,partial,سوچھ بھارت ابھیان,6285,29911,18608,0.21,2025-03-20 04:27:38,142517,475
Q181754,Heart failure,as,missing,,,57324,,,,324323,0
Q181754,Heart failure,bh,missing,,,57324,,,,324323,0
Q181754,Heart failure,bn,stub,হৃৎপিণ্ডের অকৃতকার্যতা,7520,57324,43713,0.131,2025-08-01 23:40:10,324323,406
Q181754,Heart failure,gom,missing,,,57324,,,,324323,0
Q181754,Heart failure,gu,missing,,,57324,,,,324323,0
Q181754,Heart failure,hi,stub,हृदय विफलन,2742,57324,7935,0.048,2024-11-10 05:15:01,324323,182
Q181754,Heart failure,kn,missing,,,57324,,,,324323,0
Q181754,Heart failure,ks,stub,ہاٹ فیل,3406,57324,14622,0.059,2026-08-12 00:18:09,324323,80
Q181754,Heart failure,mai,missing,,,57324,,,,324323,0
Q181754,Heart failure,ml,missing,,,57324,,,,324323,0
Q181754,Heart failure,mni,missing,,,57324,,,,324323,0
Q181754,Heart failure,mr,missing,,,57324,,,,324323,0
Q181754,Heart failure,ne,missing,,,57324,,,,324323,0
Q181754,Heart failure,or,stub,ହୃଦ୍‌ପାତ,2855,57324,12844,0.05,2024-03-28 13:15:12,324323,134
Q181754,Heart failure,pa,stub,ਦਿਲ ਨਾਕਾਮੀ,1200,57324,3235,0.021,2022-03-26 05:29:39,324323,71
Q181754,Heart failure,sa,missing,,,57324,,,,324323,0
Q181754,Heart failure,sat,missing,,,57324,,,,324323,0
Q181754,Heart failure,sd,missing,,,57324,,,,324323,0
Q181754,Heart failure,ta,stub,குருதித்தேக்க இதயத் திறனிழப்பு,4612,57324,28418,0.08,2025-05-15 17:07:51,324323,425
Q181754,Heart failure,tcy,missing,,,57324,,,,324323,0
Q181754,Heart failure,te,partial,హృదయ వైఫల్యం,20271,57324,61264,0.354,2026-09-12 07:18:47,324323,203
Q181754,Heart failure,ur,stub,سقوط قلب,392,57324,1765,0.007,2025-03-19 09:54:51,324323,258
Q181843,Necrophilia,as,missing,,,26123,,,,843743,0
Q181843,Necrophilia,bh,missing,,,26123,,,,843743,0
Q181843,Necrophilia,bn,good,মৃতকামিতা,14089,26123,42759,0.539,2026-08-31 11:11:46,843743,4
Q181843,Necrophilia,gom,missing,,,26123,,,,843743,0
Q181843,Necrophilia,gu,missing,,,26123,,,,843743,0
Q181843,Necrophilia,hi,stub,शव कामुकता,572,26123,3363,0.022,2023-03-15 18:13:42,843743,3429
Q181843,Necrophilia,kn,missing,,,26123,,,,843743,0
Q181843,Necrophilia,ks,missing,,,26123,,,,843743,0
Q181843,Necrophilia,mai,missing,,,26123,,,,843743,0
Q181843,Necrophilia,ml,missing,,,26123,,,,843743,0
Q181843,Necrophilia,mni,missing,,,26123,,,,843743,0
Q181843,Necrophilia,mr,missing,,,26123,,,,843743,0
Q181843,Necrophilia,ne,missing,,,26123,,,,843743,0
Q181843,Necrophilia,or,missing,,,26123,,,,843743,0
Q181843,Necrophilia,pa,missing,,,26123,,,,843743,0
Q181843,Necrophilia,sa,missing,,,26123,,,,843743,0
Q181843,Necrophilia,sat,missing,,,26123,,,,843743,0
Q181843,Necrophilia,sd,missing,,,26123,,,,843743,0
Q181843,Necrophilia,ta,missing,,,26123,,,,843743,0
Q181843,Necrophilia,tcy,missing,,,26123,,,,843743,0
Q181843,Necrophilia,te,missing,,,26123,,,,843743,0
Q181843,Necrophilia,ur,stub,نیکرو فیلیا,763,26123,2062,0.029,2025-05-28 10:06:21,843743,185
Q181923,Attention deficit hyperactivity disorder,as,missing,,,82239,,,,1346181,0
Q181923,Attention deficit hyperactivity disorder,bh,missing,,,82239,,,,1346181,0
Q181923,Attention deficit hyperactivity disorder,bn,missing,,,82239,,,,1346181,0
Q181923,Attention deficit hyperactivity disorder,gom,missing,,,82239,,,,1346181,0
Q181923,Attention deficit hyperactivity disorder,gu,missing,,,82239,,,,1346181,0
Q181923,Attention deficit hyperactivity disorder,hi,stub,ध्यानाभाव एवं अतिसक्रियता विकार,10120,82239,26809,0.123,2025-03-13 06:30:32,1346181,809
Q181923,Attention deficit hyperactivity disorder,kn,missing,,,82239,,,,1346181,0
Q181923,Attention deficit hyperactivity disorder,ks,stub,توجہ خسار ہایپر ایکٹیوٹی ڈس آرڈر,3618,82239,21977,0.044,2025-06-12 18:53:37,1346181,121
Q181923,Attention deficit hyperactivity disorder,mai,missing,,,82239,,,,1346181,0
Q181923,Attention deficit hyperactivity disorder,ml,stub,അറ്റൻഷൻ ഡെഫിസിറ്റ് ഹൈപ്പർ ആക്ടിവിറ്റി ഡിസോർഡർ,3918,82239,16616,0.048,2025-04-03 02:23:05,1346181,1534
Q181923,Attention deficit hyperactivity disorder,mni,missing,,,82239,,,,1346181,0
Q181923,Attention deficit hyperactivity disorder,mr,stub,अवधान अस्थिरता आणि अतिक्रियाशीलता विकृती,3122,82239,8766,0.038,2025-03-11 11:11:14,1346181,444
Q181923,Attention deficit hyperactivity disorder,ne,missing,,,82239,,,,1346181,0
Q181923,Attention deficit hyperactivity disorder,or,stub,ଧ୍ୟାନାଭାବ ଓ ଅତିସକ୍ରିୟତା ବିକାର,2451,82239,21024,0.03,2026-08-14 06:50:01,1346181,125
Q181923,Attention deficit hyperactivity disorder,pa,stub,ਅਟੈਨਸ਼ਨ ਡੈਫੀਸਿਟ ਹਾਈਪਰ ਐਕਟੀਵਿਟੀ ਡਿਸਆਰਡਰ,1676,82239,13887,0.02,2026-07-29 20:13:58,1346181,341
Q181923,Attention deficit hyperactivity disorder,sa,stub,ध्यानाभाव-अतिसक्रियता-विकारः,1098,82239,3312,0.013,2024-08-13 19:43:10,1346181,108
Q181923,Attention deficit hyperactivity disorder,sat,missing,,,82239,,,,1346181,0
Q181923,Attention deficit hyperactivity disorder,sd,missing,,,82239,,,,1346181,0
Q181923,Attention deficit hyperactivity disorder,ta,stub,அவதானக் குறை மிகையியக்கம் குறைபாடு,11547,82239,49225,0.14,2026-08-17 22:31:15,1346181,1595
Q181923,Attention deficit hyperactivity disorder,tcy,missing,,,82239,,,,1346181,0
Q181923,Attention deficit hyperactivity disorder,te,stub,ఏకాగ్రతా లోపం అతి క్రియాశీలత,4044,82239,27104,0.049,2024-10-19 17:56:27,1346181,324
Q181923,Attention deficit hyperactivity disorder,ur,partial,توجہ کی کمی و بیش فعالی عارضہ,31124,82239,96741,0.378,2026-08-16 02:50:36,1346181,94
Q182155,Shingles,as,missing,,,28132,,,,556737,0
Q182155,Shingles,bh,missing,,,28132,,,,556737,0
Q182155,Shingles,bn,missing,,,28132,,,,556737,0
Q182155,Shingles,gom,missing,,,28132,,,,556737,0
Q182155,Shingles,gu,missing,,,28132,,,,556737,0
Q182155,Shingles,hi,stub,भैंसिया दाद,1440,28132,5079,0.051,2026-06-30 20:15:41,556737,123
Q182155,Shingles,kn,missing,,,28132,,,,556737,0
Q182155,Shingles,ks,stub,مَلدر,102,28132,244,0.004,2023-09-09 18:01:07,556737,88
Q182155,Shingles,mai,missing,,,28132,,,,556737,0
Q182155,Shingles,ml,missing,,,28132,,,,556737,0
Q182155,Shingles,mni,missing,,,28132,,,,556737,0
Q182155,Shingles,mr,missing,,,28132,,,,556737,0
Q182155,Shingles,ne,stub,जनै खटिरा,1354,28132,5056,0.048,2025-08-25 14:28:46,556737,468
Q182155,Shingles,or,stub,ହର୍ପିସ୍ ଜୋସ୍ଟର,2489,28132,10989,0.088,2026-08-03 05:38:29,556737,147
Q182155,Shingles,pa,partial,ਜਨੇਊ ਰੋਗ,5704,28132,16491,0.203,2019-05-04 17:05:55,556737,1937
Q182155,Shingles,sa,missing,,,28132,,,,556737,0
Q182155,Shingles,sat,missing,,,28132,,,,556737,0
Q182155,Shingles,sd,missing,,,28132,,,,556737,0
Q182155,Shingles,ta,stub,அக்கி அம்மை,3715,28132,15733,0.132,2026-08-08 09:23:34,556737,7242
Q182155,Shingles,tcy,missing,,,28132,,,,556737,0
Q182155,Shingles,te,stub,హర్ప్‌‌స్ జొస్టర్,1472,28132,4948,0.052,2025-05-22 08:02:43,556737,1761
Q182155,Shingles,ur,missing,,,28132,,,,556737,0
Q183129,Water pollution,as,partial,জল প্ৰদূষণ,5920,24622,16494,0.24,2024-02-08 17:51:46,211127,6821
Q183129,Water pollution,bh,stub,पानी प्रदूषण,1862,24622,6869,0.076,2026-02-23 16:06:21,211127,252
Q183129,Water pollution,bn,good,পানি দূষণ,23104,24622,82573,0.938,2026-06-02 00:51:48,211127,3345
Q183129,Water pollution,gom,missing,,,24622,,,,211127,0
Q183129,Water pollution,gu,good,પાણીનું પ્રદૂષણ,24961,24622,102968,1.0,2026-09-24 03:21:57,211127,3419
Q183129,Water pollution,hi,partial,जल प्रदूषण,7379,24622,22396,0.3,2026-09-27 18:22:33,211127,25737
Q183129,Water pollution,kn,good,ಜಲ ಮಾಲಿನ್ಯ,20735,24622,88059,0.842,2026-09-24 15:20:04,211127,9002
Q183129,Water pollution,ks,missing,,,24622,,,,211127,0
Q183129,Water pollution,mai,missing,,,24622,,,,211127,0
Q183129,Water pollution,ml,stub,ജലമലിനീകരണം,2145,24622,6334,0.087,2024-01-21 12:32:19,211127,2953
Q183129,Water pollution,mni,stub,ꯏꯁꯤꯡ ꯃꯣꯠꯁꯤꯜꯍꯟꯕ,2137,24622,6599,0.087,2022-05-22 15:03:27,211127,212
Q183129,Water pollution,mr,stub,जलप्रदूषण,2550,24622,7493,0.104,2026-09-30 12:10:58,211127,17018
Q183129,Water pollution,ne,missing,,,24622,,,,211127,0
Q183129,Water pollution,or,partial,ଜଳ ପ୍ରଦୂଷଣ,10440,24622,34415,0.424,2026-09-23 23:50:25,211127,2239
Q183129,Water pollution,pa,missing,,,24622,,,,211127,0
Q183129,Water pollution,sa,partial,जलमालिन्यम्,9014,24622,24685,0.366,2026-09-23 00:38:07,211127,349
Q183129,Water pollution,sat,missing,,,24622,,,,211127,0
Q183129,Water pollution,sd,stub,آبي گدلاڻ,275,24622,600,0.011,2019-12-17 06:41:39,211127,74
Q183129,Water pollution,ta,stub,நீர் மாசுபடுதல்,1869,24622,7278,0.076,2025-11-08 13:26:40,211127,956
Q183129,Water pollution,tcy,missing,,,24622,,,,211127,0
Q183129,Water pollution,te,good,నీటి కాలుష్యం,15418,24622,70561,0.626,2026-09-23 21:33:41,211127,3346
Q183129,Water pollution,ur,missing,,,24622,,,,211127,0
Q183134,Sepsis,as,missing,,,54761,,,,1153881,0
Q183134,Sepsis,bh,missing,,,54761,,,,1153881,0
Q183134,Sepsis,bn,stub,জীবাণুদূষণ,2919,54761,12245,0.053,2025-09-29 15:21:42,1153881,605
Q183134,Sepsis,gom,missing,,,54761,,,,1153881,0
Q183134,Sepsis,gu,missing,,,54761,,,,1153881,0
Q183134,Sepsis,hi,stub,पूतीभवन,319,54761,1291,0.006,2020-06-15 04:43:37,1153881,119
Q183134,Sepsis,kn,missing,,,54761,,,,1153881,0
Q183134,Sepsis,ks,stub,سیپسِس,3622,54761,11455,0.066,2026-06-20 18:02:30,1153881,116
Q183134,Sepsis,mai,missing,,,54761,,,,1153881,0
Q183134,Sepsis,ml,stub,സെപ്സിസ്,4129,54761,20449,0.075,2026-04-15 01:48:50,1153881,604
Q183134,Sepsis,mni,missing,,,54761,,,,1153881,0
Q183134,Sepsis,mr,missing,,,54761,,,,1153881,0
Q183134,Sepsis,ne,stub,सेप्सिस,659,54761,2380,0.012,2023-09-13 04:45:13,1153881,115
Q183134,Sepsis,or,stub,ସେପ୍ସିସ,3123,54761,24813,0.057,2026-08-02 22:33:01,1153881,180
Q183134,Sepsis,pa,missing,,,54761,,,,1153881,0
Q183134,Sepsis,sa,missing,,,54761,,,,1153881,0
Q183134,Sepsis,sat,missing,,,54761,,,,1153881,0
Q183134,Sepsis,sd,missing,,,54761,,,,1153881,0
Q183134,Sepsis,ta,missing,,,54761,,,,1153881,0
Q183134,Sepsis,tcy,missing,,,54761,,,,1153881,0
Q183134,Sepsis,te,partial,సెప్సిస్,12448,54761,39625,0.227,2024-01-03 06:06:45,1153881,538
Q183134,Sepsis,ur,stub,عفونت خون,3715,54761,16340,0.068,2026-08-15 09:33:01,1153881,280
Q183425,Abdominal pain,as,missing,,,15609,,,,110607,0
Q183425,Abdominal pain,bh,missing,,,15609,,,,110607,0
Q183425,Abdominal pain,bn,stub,পেটব্যথা,487,15609,2977,0.031,2025-01-04 16:32:34,110607,220
Q183425,Abdominal pain,gom,missing,,,15609,,,,110607,0
Q183425,Abdominal pain,gu,missing,,,15609,,,,110607,0
Q183425,Abdominal pain,hi,partial,पेट दर्द,5702,15609,16797,0.365,2024-01-29 12:14:51,110607,748
Q183425,Abdominal pain,kn,missing,,,15609,,,,110607,0
Q183425,Abdominal pain,ks,stub,یڈ دَگ,1023,15609,5338,0.066,2024-10-12 18:01:29,110607,66
Q183425,Abdominal pain,mai,missing,,,15609,,,,110607,0
Q183425,Abdominal pain,ml,missing,,,15609,,,,110607,0
Q183425,Abdominal pain,mni,missing,,,15609,,,,110607,0
Q183425,Abdominal pain,mr,stub,उदरशूल,700,15609,2902,0.045,2024-11-26 00:15:13,110607,99
Q183425,Abdominal pain,ne,missing,,,15609,,,,110607,0
Q183425,Abdominal pain,or,stub,ଉଦର ଯନ୍ତ୍ରଣା,1184,15609,6234,0.076,2024-10-25 19:45:37,110607,95
Q183425,Abdominal pain,pa,missing,,,15609,,,,110607,0
Q183425,Abdominal pain,sa,missing,,,15609,,,,110607,0
Q183425,Abdominal pain,sat,missing,,,15609,,,,110607,0
Q183425,Abdominal pain,sd,stub,پيٽ ۾ سور,1072,15609,1967,0.069,2024-10-31 10:15:29,110607,50
Q183425,Abdominal pain,ta,stub,வயிற்று வலி,669,15609,2041,0.043,2025-10-06 17:57:45,110607,1219
Q183425,Abdominal pain,tcy,missing,,,15609,,,,110607,0
Q183425,Abdominal pain,te,partial,కడుపునొప్పి,5201,15609,14091,0.333,2025-05-25 07:38:14,110607,492
Q183425,Abdominal pain,ur,missing,,,15609,,,,110607,0
Q183548,Voyeurism,as,missing,,,18365,,,,568250,0
Q183548,Voyeurism,bh,missing,,,18365,,,,568250,0
Q183548,Voyeurism,bn,good,অন্যের দৈহিক ক্রিয়া-কর্ম গোপনে পর্যবেক্ষণ,19031,18365,72531,1.0,2026-07-15 00:21:39,568250,797
Q183548,Voyeurism,gom,missing,,,18365,,,,568250,0
Q183548,Voyeurism,gu,missing,,,18365,,,,568250,0
Q183548,Voyeurism,hi,stub,वॉयरिज़म,1276,18365,6085,0.069,2024-07-25 23:31:48,568250,349
Q183548,Voyeurism,kn,missing,,,18365,,,,568250,0
Q183548,Voyeurism,ks,missing,,,18365,,,,568250,0
Q183548,Voyeurism,mai,missing,,,18365,,,,568250,0
Q183548,Voyeurism,ml,missing,,,18365,,,,568250,0
Q183548,Voyeurism,mni,missing,,,18365,,,,568250,0
Q183548,Voyeurism,mr,missing,,,18365,,,,568250,0
Q183548,Voyeurism,ne,missing,,,18365,,,,568250,0
Q183548,Voyeurism,or,missing,,,18365,,,,568250,0
Q183548,Voyeurism,pa,missing,,,18365,,,,568250,0
Q183548,Voyeurism,sa,missing,,,18365,,,,568250,0
Q183548,Voyeurism,sat,missing,,,18365,,,,568250,0
Q183548,Voyeurism,sd,missing,,,18365,,,,568250,0
Q183548,Voyeurism,ta,stub,பார்வை மோகம்,2423,18365,8662,0.132,2026-07-15 17:19:35,568250,237
Q183548,Voyeurism,tcy,missing,,,18365,,,,568250,0
Q183548,Voyeurism,te,missing,,,18365,,,,568250,0
Q183548,Voyeurism,ur,stub,شہوت نظری,935,18365,2129,0.051,2026-04-05 01:00:02,568250,316
Q183560,Intellectual disability,as,missing,,,56755,,,,382977,0
Q183560,Intellectual disability,bh,missing,,,56755,,,,382977,0
Q183560,Intellectual disability,bn,good,বৌদ্ধিক অক্ষমতা,40803,56755,157891,0.719,2026-09-22 18:00:18,382977,461
Q183560,Intellectual disability,gom,missing,,,56755,,,,382977,0
Q183560,Intellectual disability,gu,missing,,,56755,,,,382977,0
Q183560,Intellectual disability,hi,stub,बौद्धिक अशक्‍तता,5711,56755,15563,0.101,2025-12-06 20:03:25,382977,917
Q183560,Intellectual disability,kn,stub,ಬುದ್ದಿಮಾಂದ್ಯತೆ,5300,56755,16464,0.093,2026-03-25 02:32:00,382977,343
Q183560,Intellectual disability,ks,missing,,,56755,,,,382977,0
Q183560,Intellectual disability,mai,missing,,,56755,,,,382977,0
Q183560,Intellectual disability,ml,missing,,,56755,,,,382977,0
Q183560,Intellectual disability,mni,missing,,,56755,,,,382977,0
Q183560,Intellectual disability,mr,missing,,,56755,,,,382977,0
Q183560,Intellectual disability,ne,missing,,,56755,,,,382977,0
Q183560,Intellectual disability,or,missing,,,56755,,,,382977,0
Q183560,Intellectual disability,pa,missing,,,56755,,,,382977,0
Q183560,Intellectual disability,sa,missing,,,56755,,,,382977,0
Q183560,Intellectual disability,sat,missing,,,56755,,,,382977,0
Q183560,Intellectual disability,sd,missing,,,56755,,,,382977,0
Q183560,Intellectual disability,ta,stub,மனவளர்ச்சிக் குறை,3613,56755,10879,0.064,2026-03-14 07:26:35,382977,1017
Q183560,Intellectual disability,tcy,missing,,,56755,,,,382977,0
Q183560,Intellectual disability,te,good,మేధోవైకల్యం,49929,56755,197180,0.88,2026-09-24 15:51:12,382977,53
Q183560,Intellectual disability,ur,missing,,,56755,,,,382977,0
Q184084,Thiamine deficiency,as,missing,,,25349,,,,149904,0
Q184084,Thiamine deficiency,bh,missing,,,25349,,,,149904,0
Q184084,Thiamine deficiency,bn,partial,বেরিবেরি,8167,25349,42327,0.322,2026-08-12 00:01:12,149904,1035
Q184084,Thiamine deficiency,gom,missing,,,25349,,,,149904,0
Q184084,Thiamine deficiency,gu,missing,,,25349,,,,149904,0
Q184084,Thiamine deficiency,hi,partial,बेरीबेरी,4703,25349,12594,0.186,2021-02-18 00:46:34,149904,265
Q184084,Thiamine deficiency,kn,missing,,,25349,,,,149904,0
Q184084,Thiamine deficiency,ks,missing,,,25349,,,,149904,0
Q184084,Thiamine deficiency,mai,missing,,,25349,,,,149904,0
Q184084,Thiamine deficiency,ml,missing,,,25349,,,,149904,0
Q184084,Thiamine deficiency,mni,missing,,,25349,,,,149904,0
Q184084,Thiamine deficiency,mr,missing,,,25349,,,,149904,0
Q184084,Thiamine deficiency,ne,missing,,,25349,,,,149904,0
Q184084,Thiamine deficiency,or,stub,ଥିଆମିନ ଅଭାବ,1779,25349,11484,0.07,2026-08-13 22:54:40,149904,53
Q184084,Thiamine deficiency,pa,missing,,,25349,,,,149904,0
Q184084,Thiamine deficiency,sa,missing,,,25349,,,,149904,0
Q184084,Thiamine deficiency,sat,missing,,,25349,,,,149904,0
Q184084,Thiamine deficiency,sd,missing,,,25349,,,,149904,0
Q184084,Thiamine deficiency,ta,stub,பெரிபெரி,3619,25349,12875,0.143,2022-10-15 06:50:02,149904,645
Q184084,Thiamine deficiency,tcy,missing,,,25349,,,,149904,0
Q184084,Thiamine deficiency,te,stub,బెరిబెరి,2841,25349,7821,0.112,2025-05-25 07:38:36,149904,239
Q184084,Thiamine deficiency,ur,missing,,,25349,,,,149904,0
Q184627,Human papillomavirus infection,as,missing,,,48361,,,,462566,0
Q184627,Human papillomavirus infection,bh,missing,,,48361,,,,462566,0
Q184627,Human papillomavirus infection,bn,stub,হিউম্যান প্যাপিলোমাভাইরাস সংক্রমণ,5409,48361,37883,0.112,2026-09-23 13:23:19,462566,688
Q184627,Human papillomavirus infection,gom,missing,,,48361,,,,462566,0
Q184627,Human papillomavirus infection,gu,missing,,,48361,,,,462566,0
Q184627,Human papillomavirus infection,hi,stub,मानव अंकुरार्बुद विषाणु,849,48361,6168,0.018,2024-07-20 07:33:50,462566,351
Q184627,Human papillomavirus infection,kn,missing,,,48361,,,,462566,0
Q184627,Human papillomavirus infection,ks,missing,,,48361,,,,462566,0
Q184627,Human papillomavirus infection,mai,missing,,,48361,,,,462566,0
Q184627,Human papillomavirus infection,ml,stub,ഹ്യൂമൻ പാപ്പിലോമ വൈറസ്,981,48361,3596,0.02,2013-03-24 13:33:51,462566,480
Q184627,Human papillomavirus infection,mni,missing,,,48361,,,,462566,0
Q184627,Human papillomavirus infection,mr,stub,मानवी पॅपिलोमा विषाणू,926,48361,2631,0.019,2022-03-15 18:11:00,462566,245
Q184627,Human papillomavirus infection,ne,missing,,,48361,,,,462566,0
Q184627,Human papillomavirus infection,or,stub,ପାପିଲୋମାଭୁତାଣୁ ସଂକ୍ରମଣ,2709,48361,11323,0.056,2026-08-13 23:14:21,462566,119
Q184627,Human papillomavirus infection,pa,missing,,,48361,,,,462566,0
Q184627,Human papillomavirus infection,sa,missing,,,48361,,,,462566,0
Q184627,Human papillomavirus infection,sat,missing,,,48361,,,,462566,0
Q184627,Human papillomavirus infection,sd,missing,,,48361,,,,462566,0
Q184627,Human papillomavirus infection,ta,stub,மனித சடைப்புத்துத் தீ நுண்மம்,1882,48361,9028,0.039,2026-07-19 23:45:40,462566,390
Q184627,Human papillomavirus infection,tcy,missing,,,48361,,,,462566,0
Q184627,Human papillomavirus infection,te,good,మానవ పాపిల్లోమా వైరస్,39865,48361,207513,0.824,2026-09-24 20:36:12,462566,1585
Q184627,Human papillomavirus infection,ur,stub,انسانی ورم حلیمی وائرس,1621,48361,3311,0.034,2025-02-13 09:19:15,462566,169
Q184674,Erectile dysfunction,as,missing,,,24968,,,,247093,0
Q184674,Erectile dysfunction,bh,missing,,,24968,,,,247093,0
Q184674,Erectile dysfunction,bn,partial,লিঙ্গ উত্থান ত্রুটি,4572,24968,22825,0.183,2026-07-14 03:59:22,247093,49773
Q184674,Erectile dysfunction,gom,missing,,,24968,,,,247093,0
Q184674,Erectile dysfunction,gu,missing,,,24968,,,,247093,0
Q184674,Erectile dysfunction,hi,stub,स्तंभन दोष,1018,24968,3874,0.041,2024-07-23 23:19:51,247093,1514
Q184674,Erectile dysfunction,kn,stub,ನಪುಂಸಕತೆ,1467,24968,4311,0.059,2026-03-24 01:53:00,247093,292
Q184674,Erectile dysfunction,ks,missing,,,24968,,,,247093,0
Q184674,Erectile dysfunction,mai,missing,,,24968,,,,247093,0
Q184674,Erectile dysfunction,ml,good,ഉദ്ധാരണശേഷിക്കുറവ്,12710,24968,37818,0.509,2025-10-19 17:03:12,247093,4724
Q184674,Erectile dysfunction,mni,missing,,,24968,,,,247093,0
Q184674,Erectile dysfunction,mr,missing,,,24968,,,,247093,0
Q184674,Erectile dysfunction,ne,missing,,,24968,,,,247093,0
Q184674,Erectile dysfunction,or,stub,ପୌରୁଷ ଅସାମର୍ଥ୍ୟ,1263,24968,7370,0.051,2023-02-13 00:19:27,247093,109
Q184674,Erectile dysfunction,pa,missing,,,24968,,,,247093,0
Q184674,Erectile dysfunction,sa,missing,,,24968,,,,247093,0
Q184674,Erectile dysfunction,sat,missing,,,24968,,,,247093,0
Q184674,Erectile dysfunction,sd,stub,نامردي,383,24968,1371,0.015,2021-02-10 07:33:59,247093,61
Q184674,Erectile dysfunction,ta,stub,விறைக்க முடியாமை,1188,24968,4891,0.048,2021-12-19 10:23:35,247093,2347
Q184674,Erectile dysfunction,tcy,missing,,,24968,,,,247093,0
Q184674,Erectile dysfunction,te,partial,నపుంసకత్వం,4788,24968,13781,0.192,2021-07-25 09:54:53,247093,1050
Q184674,Erectile dysfunction,ur,partial,مردانہ کمزوری,3993,24968,9508,0.16,2026-07-08 01:54:12,247093,4043
Q184753,Wound,as,missing,,,28637,,,,67081,0
Q184753,Wound,bh,missing,,,28637,,,,67081,0
Q184753,Wound,bn,missing,,,28637,,,,67081,0
Q184753,Wound,gom,missing,,,28637,,,,67081,0
Q184753,Wound,gu,missing,,,28637,,,,67081,0
Q184753,Wound,hi,stub,घाव,197,28637,678,0.007,2021-01-15 00:28:15,67081,306
Q184753,Wound,kn,partial,ಗಾಯ,7657,28637,21180,0.267,2026-03-22 23:42:54,67081,262
Q184753,Wound,ks,missing,,,28637,,,,67081,0
Q184753,Wound,mai,missing,,,28637,,,,67081,0
Q184753,Wound,ml,stub,മുറിവ്,853,28637,2350,0.03,2023-04-21 11:30:45,67081,227
Q184753,Wound,mni,missing,,,28637,,,,67081,0
Q184753,Wound,mr,missing,,,28637,,,,67081,0
Q184753,Wound,ne,missing,,,28637,,,,67081,0
Q184753,Wound,or,missing,,,28637,,,,67081,0
Q184753,Wound,pa,stub,ਜ਼ਖ਼ਮ,2500,28637,6911,0.087,2025-08-30 15:27:07,67081,92
Q184753,Wound,sa,missing,,,28637,,,,67081,0
Q184753,Wound,sat,missing,,,28637,,,,67081,0
Q184753,Wound,sd,missing,,,28637,,,,67081,0
Q184753,Wound,ta,partial,புண்,5603,28637,21555,0.196,2025-05-17 06:43:01,67081,629
Q184753,Wound,tcy,missing,,,28637,,,,67081,0
Q184753,Wound,te,missing,,,28637,,,,67081,0
Q184753,Wound,ur,stub,زخم,623,28637,1188,0.022,2026-05-15 09:33:46,67081,118
Q185034,Sickle cell disease,as,missing,,,52242,,,,439928,0
Q185034,Sickle cell disease,bh,missing,,,52242,,,,439928,0
Q185034,Sickle cell disease,bn,stub,কাস্তে-কোষ ব্যাধি,1936,52242,5977,0.037,2026-06-29 17:56:34,439928,294
Q185034,Sickle cell disease,gom,missing,,,52242,,,,439928,0
Q185034,Sickle cell disease,gu,stub,સિકલસેલ એનીમિયા રોગ,2195,52242,6699,0.042,2021-07-17 09:21:57,439928,1053
Q185034,Sickle cell disease,hi,partial,सिकल-सेल रोग,25135,52242,79109,0.481,2026-09-24 04:04:36,439928,1491
Q185034,Sickle cell disease,kn,good,ಕುಡಗೋಲು-ಕಣ ರೋಗ,29030,52242,94880,0.556,2026-09-08 10:06:10,439928,209
Q185034,Sickle cell disease,ks,missing,,,52242,,,,439928,0
Q185034,Sickle cell disease,mai,missing,,,52242,,,,439928,0
Q185034,Sickle cell disease,ml,stub,അരിവാൾ കോശ വിളർച്ച,2375,52242,9217,0.045,2026-09-26 07:32:19,439928,351
Q185034,Sickle cell disease,mni,missing,,,52242,,,,439928,0
Q185034,Sickle cell disease,mr,partial,सिकलसेल,7878,52242,22404,0.151,2025-10-06 15:09:38,439928,1955
Q185034,Sickle cell disease,ne,missing,,,52242,,,,439928,0
Q185034,Sickle cell disease,or,stub,ସିକ୍ଲ ସେଲ୍ ରୋଗ,1978,52242,11384,0.038,2026-08-03 02:52:23,439928,670
Q185034,Sickle cell disease,pa,missing,,,52242,,,,439928,0
Q185034,Sickle cell disease,sa,missing,,,52242,,,,439928,0
Q185034,Sickle cell disease,sat,missing,,,52242,,,,439928,0
Q185034,Sickle cell disease,sd,missing,,,52242,,,,439928,0
Q185034,Sickle cell disease,ta,stub,அரிவாள்செல் சோகை,1766,52242,12229,0.034,2022-10-16 15:22:47,439928,603
Q185034,Sickle cell disease,tcy,missing,,,52242,,,,439928,0
Q185034,Sickle cell disease,te,stub,సికిల్ సెల్ వ్యాధి,4279,52242,13279,0.082,2024-11-03 17:40:14,439928,951
Q185034,Sickle cell disease,ur,missing,,,52242,,,,439928,0
Q185089,Acidosis,as,missing,,,6993,,,,34409,0
Q185089,Acidosis,bh,missing,,,6993,,,,34409,0
Q185089,Acidosis,bn,missing,,,6993,,,,34409,0
Q185089,Acidosis,gom,missing,,,6993,,,,34409,0
Q185089,Acidosis,gu,missing,,,6993,,,,34409,0
Q185089,Acidosis,hi,stub,अम्लरक्तता,109,6993,385,0.016,2020-03-27 02:54:34,34409,55
Q185089,Acidosis,kn,missing,,,6993,,,,34409,0
Q185089,Acidosis,ks,missing,,,6993,,,,34409,0
Q185089,Acidosis,mai,missing,,,6993,,,,34409,0
Q185089,Acidosis,ml,missing,,,6993,,,,34409,0
Q185089,Acidosis,mni,missing,,,6993,,,,34409,0
Q185089,Acidosis,mr,missing,,,6993,,,,34409,0
Q185089,Acidosis,ne,missing,,,6993,,,,34409,0
Q185089,Acidosis,or,missing,,,6993,,,,34409,0
Q185089,Acidosis,pa,missing,,,6993,,,,34409,0
Q185089,Acidosis,sa,missing,,,6993,,,,34409,0
Q185089,Acidosis,sat,missing,,,6993,,,,34409,0
Q185089,Acidosis,sd,missing,,,6993,,,,34409,0
Q185089,Acidosis,ta,missing,,,6993,,,,34409,0
Q185089,Acidosis,tcy,missing,,,6993,,,,34409,0
Q185089,Acidosis,te,missing,,,6993,,,,34409,0
Q185089,Acidosis,ur,missing,,,6993,,,,34409,0
Q185137,Thalassemia,as,missing,,,28363,,,,187508,0
Q185137,Thalassemia,bh,missing,,,28363,,,,187508,0
Q185137,Thalassemia,bn,partial,থ্যালাসেমিয়া,7758,28363,23103,0.274,2025-06-08 15:48:35,187508,10509
Q185137,Thalassemia,gom,missing,,,28363,,,,187508,0
Q185137,Thalassemia,gu,missing,,,28363,,,,187508,0
Q185137,Thalassemia,hi,partial,थैलासीमिया,6194,28363,22428,0.218,2024-08-30 11:13:33,187508,2702
Q185137,Thalassemia,kn,partial,ಥಲಸ್ಸಿಮಿಯಾ,12745,28363,38763,0.449,2026-03-23 22:30:59,187508,220
Q185137,Thalassemia,ks,missing,,,28363,,,,187508,0
Q185137,Thalassemia,mai,missing,,,28363,,,,187508,0
Q185137,Thalassemia,ml,missing,,,28363,,,,187508,0
Q185137,Thalassemia,mni,missing,,,28363,,,,187508,0
Q185137,Thalassemia,mr,stub,थॅलसीमिया,3331,28363,8691,0.117,2026-09-25 07:14:42,187508,793
Q185137,Thalassemia,ne,missing,,,28363,,,,187508,0
Q185137,Thalassemia,or,stub,ଥାଲାସେମିଆ,2156,28363,10150,0.076,2026-08-02 16:31:19,187508,373
Q185137,Thalassemia,pa,stub,ਥੈਲੇਸੇਮੀਆ,3258,28363,15232,0.115,2026-07-10 20:22:11,187508,94
Q185137,Thalassemia,sa,missing,,,28363,,,,187508,0
Q185137,Thalassemia,sat,missing,,,28363,,,,187508,0
Q185137,Thalassemia,sd,missing,,,28363,,,,187508,0
Q185137,Thalassemia,ta,partial,தலசீமியா,8072,28363,26040,0.285,2022-10-06 02:05:58,187508,1453
Q185137,Thalassemia,tcy,missing,,,28363,,,,187508,0
Q185137,Thalassemia,te,partial,తలసేమియా,5260,28363,17043,0.185,2023-01-09 16:25:50,187508,803
Q185137,Thalassemia,ur,partial,تھیلیسیمیا,8124,28363,15939,0.286,2026-03-22 08:45:24,187508,1859
Q185325,Cardiopulmonary resuscitation,as,missing,,,45638,,,,216135,0
Q185325,Cardiopulmonary resuscitation,bh,missing,,,45638,,,,216135,0
Q185325,Cardiopulmonary resuscitation,bn,partial,হৃদ্‌-ফুসফুসীয় পুনরুজ্জীবন,8773,45638,27527,0.192,2025-05-23 05:39:14,216135,771
Q185325,Cardiopulmonary resuscitation,gom,missing,,,45638,,,,216135,0
Q185325,Cardiopulmonary resuscitation,gu,missing,,,45638,,,,216135,0
Q185325,Cardiopulmonary resuscitation,hi,missing,,,45638,,,,216135,0
Q185325,Cardiopulmonary resuscitation,kn,missing,,,45638,,,,216135,0
Q185325,Cardiopulmonary resuscitation,ks,missing,,,45638,,,,216135,0
Q185325,Cardiopulmonary resuscitation,mai,missing,,,45638,,,,216135,0
Q185325,Cardiopulmonary resuscitation,ml,stub,കാർഡിയോപൾമോണറി റെസസിറ്റേഷൻ,2293,45638,9838,0.05,2024-12-06 13:21:34,216135,2104
Q185325,Cardiopulmonary resuscitation,mni,missing,,,45638,,,,216135,0
Q185325,Cardiopulmonary resuscitation,mr,missing,,,45638,,,,216135,0
Q185325,Cardiopulmonary resuscitation,ne,missing,,,45638,,,,216135,0
Q185325,Cardiopulmonary resuscitation,or,missing,,,45638,,,,216135,0
Q185325,Cardiopulmonary resuscitation,pa,missing,,,45638,,,,216135,0
Q185325,Cardiopulmonary resuscitation,sa,missing,,,45638,,,,216135,0
Q185325,Cardiopulmonary resuscitation,sat,missing,,,45638,,,,216135,0
Q185325,Cardiopulmonary resuscitation,sd,missing,,,45638,,,,216135,0
Q185325,Cardiopulmonary resuscitation,ta,stub,மீளுயிர்ப்புச் சுவாசம்,1889,45638,5287,0.041,2019-06-11 22:13:36,216135,183
Q185325,Cardiopulmonary resuscitation,tcy,missing,,,45638,,,,216135,0
Q185325,Cardiopulmonary resuscitation,te,stub,హృదయశ్వాసకోశ పునరుజ్జీవనం,4872,45638,15243,0.107,2026-07-29 04:06:56,216135,1112
Q185325,Cardiopulmonary resuscitation,ur,stub,احیائے قلبی ریوی,5989,45638,13362,0.131,2025-07-27 03:59:37,216135,204
Q185935,Mania,as,missing,,,21635,,,,238457,0
Q185935,Mania,bh,missing,,,21635,,,,238457,0
Q185935,Mania,bn,missing,,,21635,,,,238457,0
Q185935,Mania,gom,missing,,,21635,,,,238457,0
Q185935,Mania,gu,missing,,,21635,,,,238457,0
Q185935,Mania,hi,partial,उन्माद,5972,21635,16097,0.276,2024-09-07 15:17:56,238457,403
Q185935,Mania,kn,good,ಉನ್ಮಾದ,15338,21635,49948,0.709,2026-08-12 02:51:05,238457,413
Q185935,Mania,ks,missing,,,21635,,,,238457,0
Q185935,Mania,mai,missing,,,21635,,,,238457,0
Q185935,Mania,ml,missing,,,21635,,,,238457,0
Q185935,Mania,mni,missing,,,21635,,,,238457,0
Q185935,Mania,mr,missing,,,21635,,,,238457,0
Q185935,Mania,ne,missing,,,21635,,,,238457,0
Q185935,Mania,or,stub,ମାନିଆ,1082,21635,5543,0.05,2023-02-13 00:10:08,238457,62
Q185935,Mania,pa,missing,,,21635,,,,238457,0
Q185935,Mania,sa,missing,,,21635,,,,238457,0
Q185935,Mania,sat,missing,,,21635,,,,238457,0
Q185935,Mania,sd,missing,,,21635,,,,238457,0
Q185935,Mania,ta,stub,பித்து,844,21635,2858,0.039,2026-03-15 12:07:36,238457,318
Q185935,Mania,tcy,missing,,,21635,,,,238457,0
Q185935,Mania,te,stub,ఉన్మాదం,1027,21635,5185,0.047,2026-08-10 13:50:29,238457,4
Q185935,Mania,ur,stub,جنون,676,21635,2043,0.031,2024-09-07 17:51:27,238457,196
Q186228,Minimum wage,as,missing,,,66461,,,,97805,0
Q186228,Minimum wage,bh,missing,,,66461,,,,97805,0
Q186228,Minimum wage,bn,missing,,,66461,,,,97805,0
Q186228,Minimum wage,gom,missing,,,66461,,,,97805,0
Q186228,Minimum wage,gu,missing,,,66461,,,,97805,0
Q186228,Minimum wage,hi,missing,,,66461,,,,97805,0
Q186228,Minimum wage,kn,missing,,,66461,,,,97805,0
Q186228,Minimum wage,ks,missing,,,66461,,,,97805,0
Q186228,Minimum wage,mai,missing,,,66461,,,,97805,0
Q186228,Minimum wage,ml,missing,,,66461,,,,97805,0
Q186228,Minimum wage,mni,missing,,,66461,,,,97805,0
Q186228,Minimum wage,mr,stub,किमान वेतन,837,66461,2379,0.013,2022-05-19 12:53:28,97805,317
Q186228,Minimum wage,ne,stub,न्यूनतम ज्याला,522,66461,2325,0.008,2023-06-19 00:24:42,97805,144
Q186228,Minimum wage,or,missing,,,66461,,,,97805,0
Q186228,Minimum wage,pa,stub,ਘੱਟੋ-ਘੱਟ ਉਜਰਤ,5357,66461,24391,0.081,2025-05-18 17:42:31,97805,106
Q186228,Minimum wage,sa,missing,,,66461,,,,97805,0
Q186228,Minimum wage,sat,missing,,,66461,,,,97805,0
Q186228,Minimum wage,sd,stub,گهٽ ۾ گهٽ اجرت,2375,66461,9579,0.036,2026-03-24 19:24:23,97805,41
Q186228,Minimum wage,ta,missing,,,66461,,,,97805,0
Q186228,Minimum wage,tcy,missing,,,66461,,,,97805,0
Q186228,Minimum wage,te,missing,,,66461,,,,97805,0
Q186228,Minimum wage,ur,missing,,,66461,,,,97805,0
Q186676,Stuttering,as,missing,,,30886,,,,169678,0
Q186676,Stuttering,bh,missing,,,30886,,,,169678,0
Q186676,Stuttering,bn,good,তোতলামি,19155,30886,78125,0.62,2026-09-01 13:28:13,169678,669
Q186676,Stuttering,gom,missing,,,30886,,,,169678,0
Q186676,Stuttering,gu,missing,,,30886,,,,169678,0
Q186676,Stuttering,hi,stub,हकलाना,642,30886,3013,0.021,2020-10-10 06:36:50,169678,515
Q186676,Stuttering,kn,partial,ಉಗ್ಗು,6300,30886,17495,0.204,2026-03-22 05:19:40,169678,211
Q186676,Stuttering,ks,missing,,,30886,,,,169678,0
Q186676,Stuttering,mai,missing,,,30886,,,,169678,0
Q186676,Stuttering,ml,stub,വിക്ക്,1392,30886,5106,0.045,2022-09-09 22:04:44,169678,282
Q186676,Stuttering,mni,missing,,,30886,,,,169678,0
Q186676,Stuttering,mr,missing,,,30886,,,,169678,0
Q186676,Stuttering,ne,missing,,,30886,,,,169678,0
Q186676,Stuttering,or,missing,,,30886,,,,169678,0
Q186676,Stuttering,pa,missing,,,30886,,,,169678,0
Q186676,Stuttering,sa,missing,,,30886,,,,169678,0
Q186676,Stuttering,sat,missing,,,30886,,,,169678,0
Q186676,Stuttering,sd,missing,,,30886,,,,169678,0
Q186676,Stuttering,ta,stub,திக்குவாய்,2296,30886,8556,0.074,2025-07-09 15:26:33,169678,782
Q186676,Stuttering,tcy,missing,,,30886,,,,169678,0
Q186676,Stuttering,te,stub,నత్తి,1998,30886,5613,0.065,2026-01-05 15:10:26,169678,262
Q186676,Stuttering,ur,stub,ہکلاہٹ,1580,30886,3394,0.051,2025-02-08 11:28:48,169678,249
Q186892,Claustrophobia,as,missing,,,22592,,,,74581,0
Q186892,Claustrophobia,bh,missing,,,22592,,,,74581,0
Q186892,Claustrophobia,bn,stub,বদ্ধস্থান ভীতি,796,22592,2550,0.035,2025-11-26 10:02:47,74581,89
Q186892,Claustrophobia,gom,missing,,,22592,,,,74581,0
Q186892,Claustrophobia,gu,missing,,,22592,,,,74581,0
Q186892,Claustrophobia,hi,good,संवृतिभीति (क्लॉस्ट्रोफ़ोबिया),14851,22592,42511,0.657,2023-10-10 09:21:53,74581,248
Q186892,Claustrophobia,kn,missing,,,22592,,,,74581,0
Q186892,Claustrophobia,ks,missing,,,22592,,,,74581,0
Q186892,Claustrophobia,mai,missing,,,22592,,,,74581,0
Q186892,Claustrophobia,ml,missing,,,22592,,,,74581,0
Q186892,Claustrophobia,mni,missing,,,22592,,,,74581,0
Q186892,Claustrophobia,mr,missing,,,22592,,,,74581,0
Q186892,Claustrophobia,ne,missing,,,22592,,,,74581,0
Q186892,Claustrophobia,or,stub,କ୍ଲଷ୍ଟ୍ରୋଫୋବିଆ,703,22592,2383,0.031,2017-09-06 09:42:28,74581,49
Q186892,Claustrophobia,pa,missing,,,22592,,,,74581,0
Q186892,Claustrophobia,sa,missing,,,22592,,,,74581,0
Q186892,Claustrophobia,sat,missing,,,22592,,,,74581,0
Q186892,Claustrophobia,sd,missing,,,22592,,,,74581,0
Q186892,Claustrophobia,ta,stub,தனிமையச்சம்,536,22592,2021,0.024,2024-09-29 04:27:47,74581,188
Q186892,Claustrophobia,tcy,missing,,,22592,,,,74581,0
Q186892,Claustrophobia,te,good,క్లాస్ట్రోఫోబియా,15777,22592,47672,0.698,2020-03-22 00:26:00,74581,197
Q186892,Claustrophobia,ur,missing,,,22592,,,,74581,0
Q1869874,Insomnia,as,missing,,,50908,,,,273222,0
Q1869874,Insomnia,bh,missing,,,50908,,,,273222,0
Q1869874,Insomnia,bn,stub,অনিদ্রা,6766,50908,34880,0.133,2026-09-03 04:32:02,273222,1259
Q1869874,Insomnia,gom,missing,,,50908,,,,273222,0
Q1869874,Insomnia,gu,partial,અનિદ્રા,20262,50908,76934,0.398,2026-09-08 19:01:37,273222,339
Q1869874,Insomnia,hi,stub,अनिद्रा,4790,50908,16160,0.094,2025-03-16 11:26:02,273222,943
Q1869874,Insomnia,kn,good,ನಿದ್ರಾಹೀನತೆ,26143,50908,93643,0.514,2026-08-12 04:27:29,273222,664
Q1869874,Insomnia,ks,missing,,,50908,,,,273222,0
Q1869874,Insomnia,mai,missing,,,50908,,,,273222,0
Q1869874,Insomnia,ml,stub,ഇൻസോമ്നിയ,2005,50908,12028,0.039,2025-11-20 00:27:36,273222,647
Q1869874,Insomnia,mni,missing,,,50908,,,,273222,0
Q1869874,Insomnia,mr,stub,निद्रानाश,1646,50908,4669,0.032,2023-11-07 05:39:30,273222,319
Q1869874,Insomnia,ne,missing,,,50908,,,,273222,0
Q1869874,Insomnia,or,stub,ନିଦ୍ରାହୀନତା,2094,50908,10053,0.041,2026-08-03 02:02:07,273222,118
Q1869874,Insomnia,pa,stub,ਅਨੀਂਦਰਾ,132,50908,888,0.003,2019-05-04 04:41:14,273222,54
Q1869874,Insomnia,sa,missing,,,50908,,,,273222,0
Q1869874,Insomnia,sat,missing,,,50908,,,,273222,0
Q1869874,Insomnia,sd,missing,,,50908,,,,273222,0
Q1869874,Insomnia,ta,partial,தூக்கமின்மை,24812,50908,87586,0.487,2026-07-09 17:19:48,273222,1448
Q1869874,Insomnia,tcy,missing,,,50908,,,,273222,0
Q1869874,Insomnia,te,stub,నిద్రలేమి,2786,50908,15836,0.055,2026-02-08 17:22:59,273222,338
Q1869874,Insomnia,ur,stub,بے خوابی,916,50908,3349,0.018,2026-08-06 06:04:46,273222,449
Q187440,Hives,as,missing,,,25591,,,,230411,0
Q187440,Hives,bh,missing,,,25591,,,,230411,0
Q187440,Hives,bn,stub,ছুলি,3796,25591,18706,0.148,2026-07-13 07:26:51,230411,1365
Q187440,Hives,gom,missing,,,25591,,,,230411,0
Q187440,Hives,gu,missing,,,25591,,,,230411,0
Q187440,Hives,hi,stub,शीतपित्त,3458,25591,12877,0.135,2023-12-08 18:05:10,230411,3489
Q187440,Hives,kn,missing,,,25591,,,,230411,0
Q187440,Hives,ks,missing,,,25591,,,,230411,0
Q187440,Hives,mai,missing,,,25591,,,,230411,0
Q187440,Hives,ml,stub,ആർട്ടികേറിയ,2459,25591,10189,0.096,2023-07-04 01:06:59,230411,1177
Q187440,Hives,mni,missing,,,25591,,,,230411,0
Q187440,Hives,mr,missing,,,25591,,,,230411,0
Q187440,Hives,ne,missing,,,25591,,,,230411,0
Q187440,Hives,or,stub,ହାଇଭ୍‌ସ,1567,25591,6621,0.061,2016-08-27 12:48:43,230411,63
Q187440,Hives,pa,stub,ਸ਼ੀਤਪਿਤ,530,25591,1991,0.021,2020-09-16 15:59:09,230411,56
Q187440,Hives,sa,missing,,,25591,,,,230411,0
Q187440,Hives,sat,missing,,,25591,,,,230411,0
Q187440,Hives,sd,partial,ڇاپاڪو,10558,25591,18789,0.413,2019-02-09 21:25:53,230411,125
Q187440,Hives,ta,missing,,,25591,,,,230411,0
Q187440,Hives,tcy,missing,,,25591,,,,230411,0
Q187440,Hives,te,missing,,,25591,,,,230411,0
Q187440,Hives,ur,stub,چھپاکی,1554,25591,7440,0.061,2025-05-07 20:07:11,230411,568
Q187882,Freckle,as,missing,,,5335,,,,85263,0
Q187882,Freckle,bh,missing,,,5335,,,,85263,0
Q187882,Freckle,bn,missing,,,5335,,,,85263,0
Q187882,Freckle,gom,missing,,,5335,,,,85263,0
Q187882,Freckle,gu,missing,,,5335,,,,85263,0
Q187882,Freckle,hi,partial,झाई,1209,5335,4155,0.227,2026-06-27 05:45:14,85263,58
Q187882,Freckle,kn,missing,,,5335,,,,85263,0
Q187882,Freckle,ks,missing,,,5335,,,,85263,0
Q187882,Freckle,mai,missing,,,5335,,,,85263,0
Q187882,Freckle,ml,missing,,,5335,,,,85263,0
Q187882,Freckle,mni,missing,,,5335,,,,85263,0
Q187882,Freckle,mr,missing,,,5335,,,,85263,0
Q187882,Freckle,ne,missing,,,5335,,,,85263,0
Q187882,Freckle,or,missing,,,5335,,,,85263,0
Q187882,Freckle,pa,missing,,,5335,,,,85263,0
Q187882,Freckle,sa,missing,,,5335,,,,85263,0
Q187882,Freckle,sat,missing,,,5335,,,,85263,0
Q187882,Freckle,sd,missing,,,5335,,,,85263,0
Q187882,Freckle,ta,missing,,,5335,,,,85263,0
Q187882,Freckle,tcy,missing,,,5335,,,,85263,0
Q187882,Freckle,te,missing,,,5335,,,,85263,0
Q187882,Freckle,ur,missing,,,5335,,,,85263,0
Q188008,Shortness of breath,as,missing,,,20719,,,,124734,0
Q188008,Shortness of breath,bh,missing,,,20719,,,,124734,0
Q188008,Shortness of breath,bn,stub,শ্বাসকষ্ট,1216,20719,7226,0.059,2026-02-17 15:34:45,124734,563
Q188008,Shortness of breath,gom,missing,,,20719,,,,124734,0
Q188008,Shortness of breath,gu,missing,,,20719,,,,124734,0
Q188008,Shortness of breath,hi,good,श्वास कष्ट (डिस्पनिया),10858,20719,39230,0.524,2026-07-03 07:53:34,124734,340
Q188008,Shortness of breath,kn,good,ಕಟ್ಟುಸಿರು,11902,20719,42701,0.574,2026-08-07 21:58:43,124734,203
Q188008,Shortness of breath,ks,missing,,,20719,,,,124734,0
Q188008,Shortness of breath,mai,missing,,,20719,,,,124734,0
Q188008,Shortness of breath,ml,missing,,,20719,,,,124734,0
Q188008,Shortness of breath,mni,missing,,,20719,,,,124734,0
Q188008,Shortness of breath,mr,missing,,,20719,,,,124734,0
Q188008,Shortness of breath,ne,missing,,,20719,,,,124734,0
Q188008,Shortness of breath,or,stub,ଅଣନିଶ୍ୱାସ,1253,20719,6970,0.06,2026-08-02 18:46:40,124734,80
Q188008,Shortness of breath,pa,missing,,,20719,,,,124734,0
Q188008,Shortness of breath,sa,missing,,,20719,,,,124734,0
Q188008,Shortness of breath,sat,missing,,,20719,,,,124734,0
Q188008,Shortness of breath,sd,stub,اڀ ساھي,317,20719,1005,0.015,2026-05-17 06:25:56,124734,39
Q188008,Shortness of breath,ta,missing,,,20719,,,,124734,0
Q188008,Shortness of breath,tcy,missing,,,20719,,,,124734,0
Q188008,Shortness of breath,te,stub,ఆయాసం,1941,20719,6893,0.094,2025-11-26 08:36:40,124734,1418
Q188008,Shortness of breath,ur,missing,,,20719,,,,124734,0
Q188506,Online banking,as,missing,,,24696,,,,55134,0
Q188506,Online banking,bh,missing,,,24696,,,,55134,0
Q188506,Online banking,bn,stub,ইন্টারনেট ব্যাংকিং,1436,24696,5851,0.058,2023-12-20 16:59:22,55134,941
Q188506,Online banking,gom,missing,,,24696,,,,55134,0
Q188506,Online banking,gu,missing,,,24696,,,,55134,0
Q188506,Online banking,hi,stub,ऑनलाइन बैंकिंग,3041,24696,10884,0.123,2024-08-31 10:39:17,55134,587
Q188506,Online banking,kn,good,ಆನ್ಲೈನ್ ಬ್ಯಾಂಕಿಂಗ್,15367,24696,45630,0.622,2026-03-22 01:40:19,55134,667
Q188506,Online banking,ks,missing,,,24696,,,,55134,0
Q188506,Online banking,mai,missing,,,24696,,,,55134,0
Q188506,Online banking,ml,stub,ഓൺലൈൻ ബാങ്കിംഗ്,3129,24696,9088,0.127,2026-01-18 00:14:01,55134,304
Q188506,Online banking,mni,missing,,,24696,,,,55134,0
Q188506,Online banking,mr,stub,इ-बँकिंग,1325,24696,3621,0.054,2025-05-04 14:10:07,55134,656
Q188506,Online banking,ne,missing,,,24696,,,,55134,0
Q188506,Online banking,or,missing,,,24696,,,,55134,0
Q188506,Online banking,pa,missing,,,24696,,,,55134,0
Q188506,Online banking,sa,missing,,,24696,,,,55134,0
Q188506,Online banking,sat,missing,,,24696,,,,55134,0
Q188506,Online banking,sd,missing,,,24696,,,,55134,0
Q188506,Online banking,ta,stub,இணைய வங்கி,318,24696,2556,0.013,2024-10-31 17:18:22,55134,269
Q188506,Online banking,tcy,missing,,,24696,,,,55134,0
Q188506,Online banking,te,stub,ఆన్‌లైన్ బ్యాంకింగ్,778,24696,2474,0.032,2021-07-09 15:32:34,55134,171
Q188506,Online banking,ur,missing,,,24696,,,,55134,0
Q188605,Emphysema,as,missing,,,18558,,,,408277,0
Q188605,Emphysema,bh,missing,,,18558,,,,408277,0
Q188605,Emphysema,bn,missing,,,18558,,,,408277,0
Q188605,Emphysema,gom,missing,,,18558,,,,408277,0
Q188605,Emphysema,gu,missing,,,18558,,,,408277,0
Q188605,Emphysema,hi,good,वातस्फीति (एम्फाइज़िमा),11988,18558,39560,0.646,2026-04-29 02:13:10,408277,474
Q188605,Emphysema,kn,stub,ಗಾಳಿಯುಬ್ಬಟೆ ರೋಗ,1377,18558,3942,0.074,2026-03-22 23:52:33,408277,63
Q188605,Emphysema,ks,stub,ایمفیسیما,451,18558,1780,0.024,2025-06-12 18:35:37,408277,63
Q188605,Emphysema,mai,missing,,,18558,,,,408277,0
Q188605,Emphysema,ml,partial,എംഫിസീമ,5299,18558,15993,0.286,2021-10-19 05:31:11,408277,501
Q188605,Emphysema,mni,missing,,,18558,,,,408277,0
Q188605,Emphysema,mr,missing,,,18558,,,,408277,0
Q188605,Emphysema,ne,missing,,,18558,,,,408277,0
Q188605,Emphysema,or,missing,,,18558,,,,408277,0
Q188605,Emphysema,pa,missing,,,18558,,,,408277,0
Q188605,Emphysema,sa,missing,,,18558,,,,408277,0
Q188605,Emphysema,sat,missing,,,18558,,,,408277,0
Q188605,Emphysema,sd,missing,,,18558,,,,408277,0
Q188605,Emphysema,ta,good,எம்விசிமா,15273,18558,51497,0.823,2026-06-19 03:43:01,408277,443
Q188605,Emphysema,tcy,missing,,,18558,,,,408277,0
Q188605,Emphysema,te,missing,,,18558,,,,408277,0
Q188605,Emphysema,ur,good,نفخ,12460,18558,27781,0.671,2026-09-27 08:08:19,408277,289
Q188874,Colorectal cancer,as,stub,ক’ল’ৰেক্টেল কেন্সাৰ,3002,52924,15383,0.057,2026-09-14 13:49:09,895546,0
Q188874,Colorectal cancer,bh,missing,,,52924,,,,895546,0
Q188874,Colorectal cancer,bn,stub,মলাশয়ের ক্যান্সার,3386,52924,12903,0.064,2026-05-23 07:10:29,895546,949
Q188874,Colorectal cancer,gom,missing,,,52924,,,,895546,0
Q188874,Colorectal cancer,gu,missing,,,52924,,,,895546,0
Q188874,Colorectal cancer,hi,good,बृहदांत्र कैन्सर,40518,52924,145804,0.766,2026-08-20 19:53:00,895546,600
Q188874,Colorectal cancer,kn,missing,,,52924,,,,895546,0
Q188874,Colorectal cancer,ks,missing,,,52924,,,,895546,0
Q188874,Colorectal cancer,mai,missing,,,52924,,,,895546,0
Q188874,Colorectal cancer,ml,missing,,,52924,,,,895546,0
Q188874,Colorectal cancer,mni,missing,,,52924,,,,895546,0
Q188874,Colorectal cancer,mr,stub,मोठ्या आतड्याचा कर्करोग,102,52924,1267,0.002,2023-08-14 03:52:58,895546,88
Q188874,Colorectal cancer,ne,stub,कोलोरेक्टर क्यान्सर,2782,52924,11619,0.053,2026-09-26 02:22:59,895546,70
Q188874,Colorectal cancer,or,stub,ବୃହଦନ୍ତ୍ର-ମଳାଶୟ କର୍କଟ,2216,52924,9610,0.042,2026-08-14 10:13:39,895546,108
Q188874,Colorectal cancer,pa,stub,ਕੋਲਨ ਕੈਂਸਰ,4269,52924,21306,0.081,2026-07-10 21:13:01,895546,156
Q188874,Colorectal cancer,sa,missing,,,52924,,,,895546,0
Q188874,Colorectal cancer,sat,missing,,,52924,,,,895546,0
Q188874,Colorectal cancer,sd,missing,,,52924,,,,895546,0
Q188874,Colorectal cancer,ta,stub,பெருங்குடல் மலகுடலுக்குரிய புற்று நோய்,2663,52924,10948,0.05,2022-10-19 21:42:56,895546,850
Q188874,Colorectal cancer,tcy,missing,,,52924,,,,895546,0
Q188874,Colorectal cancer,te,partial,కొలోరెక్టల్ క్యాన్సర్,21868,52924,91101,0.413,2025-05-25 07:59:44,895546,502
Q188874,Colorectal cancer,ur,stub,قولونی سرطان,77,52924,2028,0.001,2024-01-14 08:03:18,895546,113
Q189331,Arrhythmia,as,missing,,,23628,,,,216080,0
Q189331,Arrhythmia,bh,missing,,,23628,,,,216080,0
Q189331,Arrhythmia,bn,missing,,,23628,,,,216080,0
Q189331,Arrhythmia,gom,missing,,,23628,,,,216080,0
Q189331,Arrhythmia,gu,missing,,,23628,,,,216080,0
Q189331,Arrhythmia,hi,stub,अतालता,1429,23628,5135,0.06,2026-06-27 04:58:10,216080,74
Q189331,Arrhythmia,kn,missing,,,23628,,,,216080,0
Q189331,Arrhythmia,ks,missing,,,23628,,,,216080,0
Q189331,Arrhythmia,mai,missing,,,23628,,,,216080,0
Q189331,Arrhythmia,ml,stub,അതാളത,1963,23628,6216,0.083,2026-09-10 17:04:15,216080,74
Q189331,Arrhythmia,mni,missing,,,23628,,,,216080,0
Q189331,Arrhythmia,mr,missing,,,23628,,,,216080,0
Q189331,Arrhythmia,ne,missing,,,23628,,,,216080,0
Q189331,Arrhythmia,or,stub,ଅନିୟମିତ ହୃତ୍ ସ୍ପନ୍ଦନ,2410,23628,10638,0.102,2025-07-09 15:49:26,216080,65
Q189331,Arrhythmia,pa,missing,,,23628,,,,216080,0
Q189331,Arrhythmia,sa,missing,,,23628,,,,216080,0
Q189331,Arrhythmia,sat,missing,,,23628,,,,216080,0
Q189331,Arrhythmia,sd,missing,,,23628,,,,216080,0
Q189331,Arrhythmia,ta,stub,இதய இலயமின்மை,3136,23628,16783,0.133,2026-09-10 17:11:06,216080,352
Q189331,Arrhythmia,tcy,missing,,,23628,,,,216080,0
Q189331,Arrhythmia,te,stub,అరిథ్మియా,2726,23628,18460,0.115,2026-09-28 02:31:40,216080,0
Q189331,Arrhythmia,ur,stub,بے آہنگی,579,23628,1561,0.025,2024-01-09 11:43:25,216080,55
Q189389,Aneurysm,as,missing,,,20443,,,,245497,0
Q189389,Aneurysm,bh,missing,,,20443,,,,245497,0
Q189389,Aneurysm,bn,stub,অ্যানিউরিজম,1438,20443,6823,0.07,2024-06-27 08:14:38,245497,296
Q189389,Aneurysm,gom,missing,,,20443,,,,245497,0
Q189389,Aneurysm,gu,missing,,,20443,,,,245497,0
Q189389,Aneurysm,hi,stub,धमनी विस्फार,2857,20443,7668,0.14,2024-07-17 09:00:16,245497,196
Q189389,Aneurysm,kn,stub,ರಕ್ತನಾಳದ ಉಬ್ಬು ಗುಳ್ಳೆ (ಅಗಲುಬ್ಬು),859,20443,3610,0.042,2026-08-06 23:58:23,245497,59
Q189389,Aneurysm,ks,missing,,,20443,,,,245497,0
Q189389,Aneurysm,mai,missing,,,20443,,,,245497,0
Q189389,Aneurysm,ml,stub,അന്യൂറിസം,1856,20443,5993,0.091,2015-12-02 12:03:29,245497,159
Q189389,Aneurysm,mni,missing,,,20443,,,,245497,0
Q189389,Aneurysm,mr,missing,,,20443,,,,245497,0
Q189389,Aneurysm,ne,missing,,,20443,,,,245497,0
Q189389,Aneurysm,or,stub,ଆନିୟୁରିଜମ୍,1436,20443,7071,0.07,2024-10-25 19:46:09,245497,66
Q189389,Aneurysm,pa,missing,,,20443,,,,245497,0
Q189389,Aneurysm,sa,missing,,,20443,,,,245497,0
Q189389,Aneurysm,sat,missing,,,20443,,,,245497,0
Q189389,Aneurysm,sd,missing,,,20443,,,,245497,0
Q189389,Aneurysm,ta,missing,,,20443,,,,245497,0
Q189389,Aneurysm,tcy,missing,,,20443,,,,245497,0
Q189389,Aneurysm,te,stub,అన్యూరిజం,1469,20443,19751,0.072,2026-09-29 11:23:48,245497,0
Q189389,Aneurysm,ur,stub,شریانی پھیلاو,1522,20443,8461,0.074,2026-04-26 06:41:17,245497,61
Q189539,Loan,as,missing,,,10155,,,,67528,0
Q189539,Loan,bh,missing,,,10155,,,,67528,0
Q189539,Loan,bn,partial,ঋণ,3311,10155,11685,0.326,2026-08-22 20:52:31,67528,2596
Q189539,Loan,gom,missing,,,10155,,,,67528,0
Q189539,Loan,gu,missing,,,10155,,,,67528,0
Q189539,Loan,hi,partial,उधार,2012,10155,7441,0.198,2025-01-24 00:23:26,67528,675
Q189539,Loan,kn,stub,ಸಾಲ,871,10155,2447,0.086,2026-03-26 07:12:01,67528,523
Q189539,Loan,ks,missing,,,10155,,,,67528,0
Q189539,Loan,mai,missing,,,10155,,,,67528,0
Q189539,Loan,ml,missing,,,10155,,,,67528,0
Q189539,Loan,mni,missing,,,10155,,,,67528,0
Q189539,Loan,mr,good,कर्ज,5526,10155,15261,0.544,2026-02-07 15:07:29,67528,1631
Q189539,Loan,ne,partial,कर्जा,4234,10155,12412,0.417,2025-12-29 03:41:30,67528,450
Q189539,Loan,or,partial,ଋଣ,3167,10155,11714,0.312,2026-05-17 02:42:12,67528,181
Q189539,Loan,pa,partial,ਕਰਜ਼,1985,10155,6282,0.195,2023-01-12 08:35:17,67528,198
Q189539,Loan,sa,missing,,,10155,,,,67528,0
Q189539,Loan,sat,missing,,,10155,,,,67528,0
Q189539,Loan,sd,partial,اوڌر,2983,10155,6426,0.294,2026-03-20 07:23:13,67528,31
Q189539,Loan,ta,missing,,,10155,,,,67528,0
Q189539,Loan,tcy,missing,,,10155,,,,67528,0
Q189539,Loan,te,missing,,,10155,,,,67528,0
Q189539,Loan,ur,stub,ادھار,25,10155,252,0.002,2024-01-14 06:27:36,67528,164
Q189561,Narcolepsy,as,missing,,,34995,,,,371396,0
Q189561,Narcolepsy,bh,missing,,,34995,,,,371396,0
Q189561,Narcolepsy,bn,missing,,,34995,,,,371396,0
Q189561,Narcolepsy,gom,missing,,,34995,,,,371396,0
Q189561,Narcolepsy,gu,missing,,,34995,,,,371396,0
Q189561,Narcolepsy,hi,stub,नार्कोलेप्सी,648,34995,3651,0.019,2024-07-23 14:13:31,371396,151
Q189561,Narcolepsy,kn,stub,ನಾರ್ಕೊಲೆಪ್ಸಿ ಎಂಬ ಒಂದು ನಿದ್ರಾರೋಗ,1240,34995,3544,0.035,2026-03-24 03:06:10,371396,88
Q189561,Narcolepsy,ks,missing,,,34995,,,,371396,0
Q189561,Narcolepsy,mai,missing,,,34995,,,,371396,0
Q189561,Narcolepsy,ml,missing,,,34995,,,,371396,0
Q189561,Narcolepsy,mni,missing,,,34995,,,,371396,0
Q189561,Narcolepsy,mr,stub,नार्कोलेप्सी,457,34995,1317,0.013,2019-05-29 20:39:05,371396,84
Q189561,Narcolepsy,ne,missing,,,34995,,,,371396,0
Q189561,Narcolepsy,or,stub,ନିଦ୍ରାବେଶ,2296,34995,8500,0.066,2023-10-08 05:55:21,371396,82
Q189561,Narcolepsy,pa,missing,,,34995,,,,371396,0
Q189561,Narcolepsy,sa,missing,,,34995,,,,371396,0
Q189561,Narcolepsy,sat,missing,,,34995,,,,371396,0
Q189561,Narcolepsy,sd,missing,,,34995,,,,371396,0
Q189561,Narcolepsy,ta,missing,,,34995,,,,371396,0
Q189561,Narcolepsy,tcy,missing,,,34995,,,,371396,0
Q189561,Narcolepsy,te,stub,నార్కోలెప్సీ,1918,34995,9902,0.055,2026-09-16 11:27:37,371396,12
Q189561,Narcolepsy,ur,stub,نارکولیپسی,372,34995,1224,0.011,2026-07-29 04:47:41,371396,66
Q189580,Acromegaly,as,missing,,,15944,,,,639505,0
Q189580,Acromegaly,bh,missing,,,15944,,,,639505,0
Q189580,Acromegaly,bn,good,অ্যাক্রোমেগালি,12599,15944,60575,0.79,2024-12-15 12:17:32,639505,275
Q189580,Acromegaly,gom,missing,,,15944,,,,639505,0
Q189580,Acromegaly,gu,missing,,,15944,,,,639505,0
Q189580,Acromegaly,hi,stub,एक्रोमेगेली,600,15944,2662,0.038,2025-06-28 07:48:21,639505,89
Q189580,Acromegaly,kn,missing,,,15944,,,,639505,0
Q189580,Acromegaly,ks,missing,,,15944,,,,639505,0
Q189580,Acromegaly,mai,missing,,,15944,,,,639505,0
Q189580,Acromegaly,ml,stub,അക്രോമെഗാലി,1333,15944,4997,0.084,2024-09-30 08:42:00,639505,99
Q189580,Acromegaly,mni,missing,,,15944,,,,639505,0
Q189580,Acromegaly,mr,missing,,,15944,,,,639505,0
Q189580,Acromegaly,ne,missing,,,15944,,,,639505,0
Q189580,Acromegaly,or,stub,ଆକ୍ରୋମେଗାଲି,1922,15944,8162,0.121,2023-10-07 22:49:31,639505,85
Q189580,Acromegaly,pa,missing,,,15944,,,,639505,0
Q189580,Acromegaly,sa,stub,शाखावृहत्ता,464,15944,1461,0.029,2024-11-24 21:44:54,639505,36
Q189580,Acromegaly,sat,missing,,,15944,,,,639505,0
Q189580,Acromegaly,sd,missing,,,15944,,,,639505,0
Q189580,Acromegaly,ta,missing,,,15944,,,,639505,0
Q189580,Acromegaly,tcy,missing,,,15944,,,,639505,0
Q189580,Acromegaly,te,stub,అక్రోమెగాలి,1904,15944,9849,0.119,2026-09-10 13:02:25,639505,0
Q189580,Acromegaly,ur,stub,کبر الجوارح,720,15944,3801,0.045,2026-07-29 04:47:31,639505,60
Q190564,Huntington's disease,as,missing,,,57328,,,,747920,0
Q190564,Huntington's disease,bh,missing,,,57328,,,,747920,0
Q190564,Huntington's disease,bn,stub,হান্টিংটন রোগ,8538,57328,53261,0.149,2026-07-27 20:12:39,747920,191
Q190564,Huntington's disease,gom,missing,,,57328,,,,747920,0
Q190564,Huntington's disease,gu,missing,,,57328,,,,747920,0
Q190564,Huntington's disease,hi,good,हनटिंग्टन रोग,44429,57328,174304,0.775,2026-09-24 08:48:53,747920,432
Q190564,Huntington's disease,kn,good,ಹಂಟಿಂಗ್ಟನ್ನ ಕಾಯಿಲೆ,50837,57328,192843,0.887,2026-09-06 23:04:30,747920,159
Q190564,Huntington's disease,ks,missing,,,57328,,,,747920,0
Q190564,Huntington's disease,mai,missing,,,57328,,,,747920,0
Q190564,Huntington's disease,ml,missing,,,57328,,,,747920,0
Q190564,Huntington's disease,mni,missing,,,57328,,,,747920,0
Q190564,Huntington's disease,mr,missing,,,57328,,,,747920,0
Q190564,Huntington's disease,ne,missing,,,57328,,,,747920,0
Q190564,Huntington's disease,or,stub,ହଣ୍ଟିଙ୍ଗଟନ୍ସ ଡିଜିଜ୍,2674,57328,12194,0.047,2023-10-09 08:33:01,747920,101
Q190564,Huntington's disease,pa,missing,,,57328,,,,747920,0
Q190564,Huntington's disease,sa,missing,,,57328,,,,747920,0
Q190564,Huntington's disease,sat,missing,,,57328,,,,747920,0
Q190564,Huntington's disease,sd,missing,,,57328,,,,747920,0
Q190564,Huntington's disease,ta,missing,,,57328,,,,747920,0
Q190564,Huntington's disease,tcy,missing,,,57328,,,,747920,0
Q190564,Huntington's disease,te,partial,హంటింగ్టన్ వ్యాధి,16002,57328,66196,0.279,2026-09-27 08:47:14,747920,214
Q190564,Huntington's disease,ur,missing,,,57328,,,,747920,0
Q191258,Crop rotation,as,missing,,,22405,,,,67926,0
Q191258,Crop rotation,bh,missing,,,22405,,,,67926,0
Q191258,Crop rotation,bn,missing,,,22405,,,,67926,0
Q191258,Crop rotation,gom,missing,,,22405,,,,67926,0
Q191258,Crop rotation,gu,missing,,,22405,,,,67926,0
Q191258,Crop rotation,hi,partial,सस्य आवर्तन,6712,22405,18502,0.3,2022-10-31 08:29:47,67926,985
Q191258,Crop rotation,kn,missing,,,22405,,,,67926,0
Q191258,Crop rotation,ks,missing,,,22405,,,,67926,0
Q191258,Crop rotation,mai,missing,,,22405,,,,67926,0
Q191258,Crop rotation,ml,missing,,,22405,,,,67926,0
Q191258,Crop rotation,mni,missing,,,22405,,,,67926,0
Q191258,Crop rotation,mr,missing,,,22405,,,,67926,0
Q191258,Crop rotation,ne,missing,,,22405,,,,67926,0
Q191258,Crop rotation,or,missing,,,22405,,,,67926,0
Q191258,Crop rotation,pa,stub,ਫ਼ਸਲਾਂ ਦੀ ਅਦਲਾ-ਬਦਲੀ,1100,22405,4478,0.049,2023-04-01 03:04:17,67926,175
Q191258,Crop rotation,sa,missing,,,22405,,,,67926,0
Q191258,Crop rotation,sat,missing,,,22405,,,,67926,0
Q191258,Crop rotation,sd,missing,,,22405,,,,67926,0
Q191258,Crop rotation,ta,stub,பயிர்ச்சுழற்சி,1790,22405,5480,0.08,2021-02-05 21:09:57,67926,183
Q191258,Crop rotation,tcy,missing,,,22405,,,,67926,0
Q191258,Crop rotation,te,missing,,,22405,,,,67926,0
Q191258,Crop rotation,ur,missing,,,22405,,,,67926,0
Q191779,Tourette syndrome,as,missing,,,49477,,,,855287,0
Q191779,Tourette syndrome,bh,missing,,,49477,,,,855287,0
Q191779,Tourette syndrome,bn,good,ট্যুরেট সিনড্রোম,38108,49477,144202,0.77,2026-04-27 03:26:15,855287,75
Q191779,Tourette syndrome,gom,missing,,,49477,,,,855287,0
Q191779,Tourette syndrome,gu,missing,,,49477,,,,855287,0
Q191779,Tourette syndrome,hi,stub,टॉरेट संलक्षण,2056,49477,6374,0.042,2026-06-28 00:23:37,855287,20
Q191779,Tourette syndrome,kn,good,ಟುರೆಟ್ ಸಿಂಡ್ರೋಮ್,38464,49477,187219,0.777,2026-07-24 20:03:29,855287,146
Q191779,Tourette syndrome,ks,missing,,,49477,,,,855287,0
Q191779,Tourette syndrome,mai,missing,,,49477,,,,855287,0
Q191779,Tourette syndrome,ml,missing,,,49477,,,,855287,0
Q191779,Tourette syndrome,mni,missing,,,49477,,,,855287,0
Q191779,Tourette syndrome,mr,missing,,,49477,,,,855287,0
Q191779,Tourette syndrome,ne,missing,,,49477,,,,855287,0
Q191779,Tourette syndrome,or,missing,,,49477,,,,855287,0
Q191779,Tourette syndrome,pa,missing,,,49477,,,,855287,0
Q191779,Tourette syndrome,sa,missing,,,49477,,,,855287,0
Q191779,Tourette syndrome,sat,missing,,,49477,,,,855287,0
Q191779,Tourette syndrome,sd,missing,,,49477,,,,855287,0
Q191779,Tourette syndrome,ta,good,தூரெட் நோய்க்குறியீடு,49479,49477,173077,1.0,2026-07-09 18:45:42,855287,355
Q191779,Tourette syndrome,tcy,missing,,,49477,,,,855287,0
Q191779,Tourette syndrome,te,missing,,,49477,,,,855287,0
Q191779,Tourette syndrome,ur,missing,,,49477,,,,855287,0
Q192100,Lymphatic filariasis,as,missing,,,19981,,,,44893,0
Q192100,Lymphatic filariasis,bh,missing,,,19981,,,,44893,0
Q192100,Lymphatic filariasis,bn,missing,,,19981,,,,44893,0
Q192100,Lymphatic filariasis,gom,missing,,,19981,,,,44893,0
Q192100,Lymphatic filariasis,gu,missing,,,19981,,,,44893,0
Q192100,Lymphatic filariasis,hi,stub,फीलपाँव,2528,19981,8338,0.127,2022-08-02 00:48:13,44893,1188
Q192100,Lymphatic filariasis,kn,missing,,,19981,,,,44893,0
Q192100,Lymphatic filariasis,ks,missing,,,19981,,,,44893,0
Q192100,Lymphatic filariasis,mai,missing,,,19981,,,,44893,0
Q192100,Lymphatic filariasis,ml,missing,,,19981,,,,44893,0
Q192100,Lymphatic filariasis,mni,missing,,,19981,,,,44893,0
Q192100,Lymphatic filariasis,mr,missing,,,19981,,,,44893,0
Q192100,Lymphatic filariasis,ne,partial,हात्तीपाइले रोग,5258,19981,14873,0.263,2025-08-25 14:29:07,44893,266
Q192100,Lymphatic filariasis,or,stub,ଗୋଦର ରୋଗ,1464,19981,5624,0.073,2022-02-16 10:34:02,44893,105
Q192100,Lymphatic filariasis,pa,missing,,,19981,,,,44893,0
Q192100,Lymphatic filariasis,sa,missing,,,19981,,,,44893,0
Q192100,Lymphatic filariasis,sat,missing,,,19981,,,,44893,0
Q192100,Lymphatic filariasis,sd,missing,,,19981,,,,44893,0
Q192100,Lymphatic filariasis,ta,partial,நிணநீர் பைலேரியாசிசு,4268,19981,16433,0.214,2026-07-11 16:20:45,44893,457
Q192100,Lymphatic filariasis,tcy,missing,,,19981,,,,44893,0
Q192100,Lymphatic filariasis,te,missing,,,19981,,,,44893,0
Q192100,Lymphatic filariasis,ur,missing,,,19981,,,,44893,0
Q192102,Skin cancer,as,partial,ছালৰ কৰ্কট ৰোগ,4334,23143,22765,0.187,2026-09-25 21:58:58,125005,0
Q192102,Skin cancer,bh,missing,,,23143,,,,125005,0
Q192102,Skin cancer,bn,stub,ত্বকের ক্যান্সার,1858,23143,14296,0.08,2022-08-27 14:52:36,125005,230
Q192102,Skin cancer,gom,missing,,,23143,,,,125005,0
Q192102,Skin cancer,gu,missing,,,23143,,,,125005,0
Q192102,Skin cancer,hi,stub,त्वचा कैंसर,1215,23143,4736,0.052,2025-10-04 16:37:21,125005,192
Q192102,Skin cancer,kn,stub,ಚರ್ಮ ಕ್ಯಾನ್ಸರ್,2414,23143,7469,0.104,2026-03-23 03:50:44,125005,104
Q192102,Skin cancer,ks,missing,,,23143,,,,125005,0
Q192102,Skin cancer,mai,missing,,,23143,,,,125005,0
Q192102,Skin cancer,ml,missing,,,23143,,,,125005,0
Q192102,Skin cancer,mni,missing,,,23143,,,,125005,0
Q192102,Skin cancer,mr,stub,त्वचेचा कर्करोग,0,23143,783,0.0,2026-07-26 11:23:29,125005,74
Q192102,Skin cancer,ne,missing,,,23143,,,,125005,0
Q192102,Skin cancer,or,stub,ତ୍ୱକ କର୍କଟ,2982,23143,13389,0.129,2026-08-14 04:59:09,125005,97
Q192102,Skin cancer,pa,stub,ਚਮੜੀ ਦਾ ਕੈਂਸਰ,3308,23143,13779,0.143,2022-10-10 18:35:37,125005,86
Q192102,Skin cancer,sa,missing,,,23143,,,,125005,0
Q192102,Skin cancer,sat,missing,,,23143,,,,125005,0
Q192102,Skin cancer,sd,missing,,,23143,,,,125005,0
Q192102,Skin cancer,ta,partial,தோல் புற்றுநோய்,4759,23143,16722,0.206,2025-12-03 04:45:02,125005,715
Q192102,Skin cancer,tcy,missing,,,23143,,,,125005,0
Q192102,Skin cancer,te,partial,చర్మ క్యాన్సర్,3632,23143,18509,0.157,2026-09-24 18:49:06,125005,56
Q192102,Skin cancer,ur,missing,,,23143,,,,125005,0
Q192309,Tinnitus,as,missing,,,26178,,,,372109,0
Q192309,Tinnitus,bh,missing,,,26178,,,,372109,0
Q192309,Tinnitus,bn,missing,,,26178,,,,372109,0
Q192309,Tinnitus,gom,missing,,,26178,,,,372109,0
Q192309,Tinnitus,gu,missing,,,26178,,,,372109,0
Q192309,Tinnitus,hi,stub,कान बजना,1082,26178,2800,0.041,2025-12-25 16:41:31,372109,188
Q192309,Tinnitus,kn,missing,,,26178,,,,372109,0
Q192309,Tinnitus,ks,missing,,,26178,,,,372109,0
Q192309,Tinnitus,mai,missing,,,26178,,,,372109,0
Q192309,Tinnitus,ml,missing,,,26178,,,,372109,0
Q192309,Tinnitus,mni,missing,,,26178,,,,372109,0
Q192309,Tinnitus,mr,missing,,,26178,,,,372109,0
Q192309,Tinnitus,ne,missing,,,26178,,,,372109,0
Q192309,Tinnitus,or,stub,କାନନାଦ,1653,26178,6789,0.063,2026-08-02 21:29:34,372109,72
Q192309,Tinnitus,pa,missing,,,26178,,,,372109,0
Q192309,Tinnitus,sa,missing,,,26178,,,,372109,0
Q192309,Tinnitus,sat,missing,,,26178,,,,372109,0
Q192309,Tinnitus,sd,stub,ڪن وڄڻ,923,26178,1615,0.035,2024-02-03 08:24:36,372109,47
Q192309,Tinnitus,ta,stub,காதிரைச்சல்,1177,26178,3259,0.045,2026-03-16 15:33:40,372109,567
Q192309,Tinnitus,tcy,missing,,,26178,,,,372109,0
Q192309,Tinnitus,te,stub,టిన్నిటస్,1992,26178,9015,0.076,2026-09-19 17:57:59,372109,0
Q192309,Tinnitus,ur,missing,,,26178,,,,372109,0
Q192579,Jet lag,as,stub,জেট লেগ,750,22060,2793,0.034,2018-04-30 10:35:46,80494,48
Q192579,Jet lag,bh,missing,,,22060,,,,80494,0
Q192579,Jet lag,bn,stub,জেট ল্যাগ,376,22060,2978,0.017,2026-09-23 15:18:27,80494,245
Q192579,Jet lag,gom,missing,,,22060,,,,80494,0
Q192579,Jet lag,gu,missing,,,22060,,,,80494,0
Q192579,Jet lag,hi,stub,जेट लैग,2003,22060,5114,0.091,2026-09-24 02:52:04,80494,17
Q192579,Jet lag,kn,missing,,,22060,,,,80494,0
Q192579,Jet lag,ks,missing,,,22060,,,,80494,0
Q192579,Jet lag,mai,missing,,,22060,,,,80494,0
Q192579,Jet lag,ml,missing,,,22060,,,,80494,0
Q192579,Jet lag,mni,missing,,,22060,,,,80494,0
Q192579,Jet lag,mr,missing,,,22060,,,,80494,0
Q192579,Jet lag,ne,stub,जेटल्याग,484,22060,1362,0.022,2013-03-09 17:54:36,80494,63
Q192579,Jet lag,or,missing,,,22060,,,,80494,0
Q192579,Jet lag,pa,missing,,,22060,,,,80494,0
Q192579,Jet lag,sa,missing,,,22060,,,,80494,0
Q192579,Jet lag,sat,missing,,,22060,,,,80494,0
Q192579,Jet lag,sd,missing,,,22060,,,,80494,0
Q192579,Jet lag,ta,stub,தாரை வானூர்திப் பின்தங்கல்,1734,22060,5467,0.079,2026-08-08 09:18:52,80494,99
Q192579,Jet lag,tcy,missing,,,22060,,,,80494,0
Q192579,Jet lag,te,missing,,,22060,,,,80494,0
Q192579,Jet lag,ur,stub,جیٹ تکان,286,22060,752,0.013,2025-02-01 03:08:28,80494,49
Q192995,Vaccination,as,missing,,,35822,,,,67561,0
Q192995,Vaccination,bh,missing,,,35822,,,,67561,0
Q192995,Vaccination,bn,stub,টিকাদান,4862,35822,30617,0.136,2026-03-14 16:51:35,67561,364
Q192995,Vaccination,gom,missing,,,35822,,,,67561,0
Q192995,Vaccination,gu,partial,રસીકરણ,16946,35822,56134,0.473,2026-09-22 02:20:39,67561,1155
Q192995,Vaccination,hi,stub,टीकाकरण,2746,35822,6777,0.077,2026-05-22 12:29:28,67561,6328
Q192995,Vaccination,kn,good,ವ್ಯಾಕ್ಸಿನೇಷನ್ (ಲಸಿಕೆ ಹಾಕುವುದು),21546,35822,71909,0.601,2026-08-11 05:20:19,67561,367
Q192995,Vaccination,ks,missing,,,35822,,,,67561,0
Q192995,Vaccination,mai,missing,,,35822,,,,67561,0
Q192995,Vaccination,ml,stub,വാക്‌സിനേഷൻ,2755,35822,10329,0.077,2025-04-29 01:06:27,67561,546
Q192995,Vaccination,mni,missing,,,35822,,,,67561,0
Q192995,Vaccination,mr,stub,लसीकरण,1885,35822,5857,0.053,2025-03-18 06:47:35,67561,1252
Q192995,Vaccination,ne,missing,,,35822,,,,67561,0
Q192995,Vaccination,or,stub,ଟିକାକରଣ,3558,35822,11380,0.099,2022-02-15 08:26:40,67561,96
Q192995,Vaccination,pa,stub,ਟੀਕਾਕਰਣ,667,35822,2206,0.019,2020-09-15 14:29:08,67561,91
Q192995,Vaccination,sa,missing,,,35822,,,,67561,0
Q192995,Vaccination,sat,missing,,,35822,,,,67561,0
Q192995,Vaccination,sd,missing,,,35822,,,,67561,0
Q192995,Vaccination,ta,stub,தடுப்பு மருந்தேற்றம்,4685,35822,18178,0.131,2026-07-20 08:50:04,67561,510
Q192995,Vaccination,tcy,missing,,,35822,,,,67561,0
Q192995,Vaccination,te,missing,,,35822,,,,67561,0
Q192995,Vaccination,ur,stub,جدرین کاری,1346,35822,3905,0.038,2026-07-04 17:41:57,67561,26
Q193078,Injury in humans,as,missing,,,28248,,,,24919,0
Q193078,Injury in humans,bh,missing,,,28248,,,,24919,0
Q193078,Injury in humans,bn,missing,,,28248,,,,24919,0
Q193078,Injury in humans,gom,missing,,,28248,,,,24919,0
Q193078,Injury in humans,gu,missing,,,28248,,,,24919,0
Q193078,Injury in humans,hi,stub,चोट,2098,28248,5095,0.074,2019-08-22 19:05:59,24919,979
Q193078,Injury in humans,kn,missing,,,28248,,,,24919,0
Q193078,Injury in humans,ks,missing,,,28248,,,,24919,0
Q193078,Injury in humans,mai,missing,,,28248,,,,24919,0
Q193078,Injury in humans,ml,good,മനുഷ്യരിലെ പരിക്കുകൾ,26935,28248,108508,0.954,2026-09-05 19:15:47,24919,218
Q193078,Injury in humans,mni,missing,,,28248,,,,24919,0
Q193078,Injury in humans,mr,missing,,,28248,,,,24919,0
Q193078,Injury in humans,ne,missing,,,28248,,,,24919,0
Q193078,Injury in humans,or,missing,,,28248,,,,24919,0
Q193078,Injury in humans,pa,missing,,,28248,,,,24919,0
Q193078,Injury in humans,sa,missing,,,28248,,,,24919,0
Q193078,Injury in humans,sat,missing,,,28248,,,,24919,0
Q193078,Injury in humans,sd,missing,,,28248,,,,24919,0
Q193078,Injury in humans,ta,missing,,,28248,,,,24919,0
Q193078,Injury in humans,tcy,missing,,,28248,,,,24919,0
Q193078,Injury in humans,te,missing,,,28248,,,,24919,0
Q193078,Injury in humans,ur,missing,,,28248,,,,24919,0
Q19315768,Sukanya Samriddhi Account,as,partial,সুকন্যা সমৃদ্ধি যোজনা,3315,8379,17581,0.396,2025-11-12 16:30:52,67359,390
Q19315768,Sukanya Samriddhi Account,bh,missing,,,8379,,,,67359,0
Q19315768,Sukanya Samriddhi Account,bn,partial,সুকন্যা সমৃদ্ধি যোজনা,3901,8379,21846,0.466,2025-08-13 22:14:16,67359,6536
Q19315768,Sukanya Samriddhi Account,gom,missing,,,8379,,,,67359,0
Q19315768,Sukanya Samriddhi Account,gu,missing,,,8379,,,,67359,0
Q19315768,Sukanya Samriddhi Account,hi,good,सुकन्या समृद्धि,5824,8379,17150,0.695,2026-07-02 11:12:20,67359,28237
Q19315768,Sukanya Samriddhi Account,kn,partial,ಸುಕನ್ಯಾ ಸಮೃದ್ಧಿ ಯೋಜನೆ,2486,8379,9339,0.297,2026-03-26 08:40:41,67359,2725
Q19315768,Sukanya Samriddhi Account,ks,missing,,,8379,,,,67359,0
Q19315768,Sukanya Samriddhi Account,mai,missing,,,8379,,,,67359,0
Q19315768,Sukanya Samriddhi Account,ml,good,സുകന്യ സമൃദ്ധി യോജന,5407,8379,15522,0.645,2022-06-21 17:41:32,67359,6550
Q19315768,Sukanya Samriddhi Account,mni,missing,,,8379,,,,67359,0
Q19315768,Sukanya Samriddhi Account,mr,stub,सुकन्या समृद्धी खाते,1048,8379,3564,0.125,2026-02-24 11:44:45,67359,2781
Q19315768,Sukanya Samriddhi Account,ne,missing,,,8379,,,,67359,0
Q19315768,Sukanya Samriddhi Account,or,partial,ସୁକନ୍ୟା ସମୃଦ୍ଧି ଯୋଜନା,3408,8379,14449,0.407,2026-08-19 20:04:18,67359,586
Q19315768,Sukanya Samriddhi Account,pa,missing,,,8379,,,,67359,0
Q19315768,Sukanya Samriddhi Account,sa,good,सुकन्यासमृद्धिलेखायोजना,4384,8379,15854,0.523,2025-12-15 12:07:20,67359,56
Q19315768,Sukanya Samriddhi Account,sat,missing,,,8379,,,,67359,0
Q19315768,Sukanya Samriddhi Account,sd,missing,,,8379,,,,67359,0
Q19315768,Sukanya Samriddhi Account,ta,good,செல்வமகள் சேமிப்புத் திட்டம்,4283,8379,14897,0.511,2026-07-18 17:05:36,67359,30007
Q19315768,Sukanya Samriddhi Account,tcy,missing,,,8379,,,,67359,0
Q19315768,Sukanya Samriddhi Account,te,partial,సుకన్య సమృద్ధి ఖాతా,1529,8379,5907,0.182,2024-12-05 16:59:57,67359,6895
Q19315768,Sukanya Samriddhi Account,ur,partial,سکنیا سمردھی کھاتہ,1600,8379,7538,0.191,2025-02-25 14:34:03,67359,43
Q19359283,DigiLocker,as,good,ডিজিলকাৰ,5536,5381,23426,1.0,2026-09-25 13:00:43,53172,42
Q19359283,DigiLocker,bh,stub,डिजिलॉकर,313,5381,2424,0.058,2024-11-09 22:59:26,53172,67
Q19359283,DigiLocker,bn,missing,,,5381,,,,53172,0
Q19359283,DigiLocker,gom,missing,,,5381,,,,53172,0
Q19359283,DigiLocker,gu,partial,ડિજિલોકર (ડિજિટલ લોકર),1605,5381,6044,0.298,2025-03-04 03:59:09,53172,233
Q19359283,DigiLocker,hi,good,डिजीलॉकर,7667,5381,31824,1.0,2025-03-22 11:42:20,53172,3733
Q19359283,DigiLocker,kn,partial,ಡಿಜಿಲಾಕರ್,1226,5381,6092,0.228,2026-03-23 19:42:07,53172,310
Q19359283,DigiLocker,ks,missing,,,5381,,,,53172,0
Q19359283,DigiLocker,mai,missing,,,5381,,,,53172,0
Q19359283,DigiLocker,ml,stub,ഡിജിലോക്കർ,529,5381,1697,0.098,2026-02-13 18:57:52,53172,179
Q19359283,DigiLocker,mni,missing,,,5381,,,,53172,0
Q19359283,DigiLocker,mr,partial,डिजिलॉकर,1609,5381,5768,0.299,2025-03-04 03:59:43,53172,365
Q19359283,DigiLocker,ne,missing,,,5381,,,,53172,0
Q19359283,DigiLocker,or,missing,,,5381,,,,53172,0
Q19359283,DigiLocker,pa,missing,,,5381,,,,53172,0
Q19359283,DigiLocker,sa,good,अङ्कीयतालकम्,5894,5381,19021,1.0,2026-01-11 01:02:31,53172,70
Q19359283,DigiLocker,sat,missing,,,5381,,,,53172,0
Q19359283,DigiLocker,sd,missing,,,5381,,,,53172,0
Q19359283,DigiLocker,ta,partial,இணைய பெட்டகம்,1410,5381,4249,0.262,2025-03-09 04:24:00,53172,220
Q19359283,DigiLocker,tcy,missing,,,5381,,,,53172,0
Q19359283,DigiLocker,te,missing,,,5381,,,,53172,0
Q19359283,DigiLocker,ur,missing,,,5381,,,,53172,0
Q193607,Idiot,as,missing,,,6295,,,,128591,0
Q193607,Idiot,bh,missing,,,6295,,,,128591,0
Q193607,Idiot,bn,missing,,,6295,,,,128591,0
Q193607,Idiot,gom,missing,,,6295,,,,128591,0
Q193607,Idiot,gu,missing,,,6295,,,,128591,0
Q193607,Idiot,hi,stub,मूर्ख,796,6295,2663,0.126,2025-08-24 02:37:50,128591,561
Q193607,Idiot,kn,missing,,,6295,,,,128591,0
Q193607,Idiot,ks,missing,,,6295,,,,128591,0
Q193607,Idiot,mai,missing,,,6295,,,,128591,0
Q193607,Idiot,ml,missing,,,6295,,,,128591,0
Q193607,Idiot,mni,missing,,,6295,,,,128591,0
Q193607,Idiot,mr,missing,,,6295,,,,128591,0
Q193607,Idiot,ne,missing,,,6295,,,,128591,0
Q193607,Idiot,or,missing,,,6295,,,,128591,0
Q193607,Idiot,pa,stub,ਮੂਰਖ,560,6295,1790,0.089,2025-04-14 05:51:33,128591,68
Q193607,Idiot,sa,missing,,,6295,,,,128591,0
Q193607,Idiot,sat,missing,,,6295,,,,128591,0
Q193607,Idiot,sd,missing,,,6295,,,,128591,0
Q193607,Idiot,ta,missing,,,6295,,,,128591,0
Q193607,Idiot,tcy,missing,,,6295,,,,128591,0
Q193607,Idiot,te,missing,,,6295,,,,128591,0
Q193607,Idiot,ur,partial,بے وقوف,1091,6295,2834,0.173,2026-07-29 05:02:31,128591,191
Q193840,Asphyxia,as,missing,,,11058,,,,380778,0
Q193840,Asphyxia,bh,missing,,,11058,,,,380778,0
Q193840,Asphyxia,bn,missing,,,11058,,,,380778,0
Q193840,Asphyxia,gom,missing,,,11058,,,,380778,0
Q193840,Asphyxia,gu,missing,,,11058,,,,380778,0
Q193840,Asphyxia,hi,partial,श्वासावरोध,3357,11058,8310,0.304,2022-03-18 07:48:54,380778,471
Q193840,Asphyxia,kn,missing,,,11058,,,,380778,0
Q193840,Asphyxia,ks,missing,,,11058,,,,380778,0
Q193840,Asphyxia,mai,missing,,,11058,,,,380778,0
Q193840,Asphyxia,ml,missing,,,11058,,,,380778,0
Q193840,Asphyxia,mni,missing,,,11058,,,,380778,0
Q193840,Asphyxia,mr,missing,,,11058,,,,380778,0
Q193840,Asphyxia,ne,missing,,,11058,,,,380778,0
Q193840,Asphyxia,or,missing,,,11058,,,,380778,0
Q193840,Asphyxia,pa,missing,,,11058,,,,380778,0
Q193840,Asphyxia,sa,missing,,,11058,,,,380778,0
Q193840,Asphyxia,sat,missing,,,11058,,,,380778,0
Q193840,Asphyxia,sd,missing,,,11058,,,,380778,0
Q193840,Asphyxia,ta,missing,,,11058,,,,380778,0
Q193840,Asphyxia,tcy,missing,,,11058,,,,380778,0
Q193840,Asphyxia,te,missing,,,11058,,,,380778,0
Q193840,Asphyxia,ur,stub,اختناق,172,11058,2401,0.016,2025-05-27 15:35:10,380778,254
Q193889,Ascites,as,missing,,,11956,,,,184199,0
Q193889,Ascites,bh,missing,,,11956,,,,184199,0
Q193889,Ascites,bn,missing,,,11956,,,,184199,0
Q193889,Ascites,gom,missing,,,11956,,,,184199,0
Q193889,Ascites,gu,missing,,,11956,,,,184199,0
Q193889,Ascites,hi,stub,जलोदर,1181,11956,3237,0.099,2020-07-15 01:12:59,184199,766
Q193889,Ascites,kn,partial,ಜಲೋದರ,2910,11956,9042,0.243,2026-03-23 06:47:25,184199,128
Q193889,Ascites,ks,missing,,,11956,,,,184199,0
Q193889,Ascites,mai,missing,,,11956,,,,184199,0
Q193889,Ascites,ml,missing,,,11956,,,,184199,0
Q193889,Ascites,mni,missing,,,11956,,,,184199,0
Q193889,Ascites,mr,missing,,,11956,,,,184199,0
Q193889,Ascites,ne,missing,,,11956,,,,184199,0
Q193889,Ascites,or,stub,ଜଳୋଦର,1513,11956,8158,0.127,2018-10-07 04:14:00,184199,173
Q193889,Ascites,pa,missing,,,11956,,,,184199,0
Q193889,Ascites,sa,missing,,,11956,,,,184199,0
Q193889,Ascites,sat,missing,,,11956,,,,184199,0
Q193889,Ascites,sd,missing,,,11956,,,,184199,0
Q193889,Ascites,ta,stub,நீர்க்கோவை,847,11956,3695,0.071,2015-02-02 21:04:09,184199,606
Q193889,Ascites,tcy,missing,,,11956,,,,184199,0
Q193889,Ascites,te,stub,జలోదరం,1449,11956,4152,0.121,2024-04-21 19:27:44,184199,296
Q193889,Ascites,ur,missing,,,11956,,,,184199,0
Q193918,Boil (infection),as,missing,,,5618,,,,20733,0
Q193918,Boil (infection),bh,missing,,,5618,,,,20733,0
Q193918,Boil (infection),bn,missing,,,5618,,,,20733,0
Q193918,Boil (infection),gom,missing,,,5618,,,,20733,0
Q193918,Boil (infection),gu,missing,,,5618,,,,20733,0
Q193918,Boil (infection),hi,partial,फोड़ा,2596,5618,8664,0.462,2025-11-12 02:07:49,20733,1460
Q193918,Boil (infection),kn,good,ಕುರು,3762,5618,11115,0.67,2026-03-22 17:58:52,20733,1668
Q193918,Boil (infection),ks,stub,پت پھؠپھُر,360,5618,1134,0.064,2026-06-20 18:02:25,20733,16
Q193918,Boil (infection),mai,missing,,,5618,,,,20733,0
Q193918,Boil (infection),ml,good,ബോയിൽ,6558,5618,26796,1.0,2024-12-15 22:28:29,20733,163
Q193918,Boil (infection),mni,missing,,,5618,,,,20733,0
Q193918,Boil (infection),mr,missing,,,5618,,,,20733,0
Q193918,Boil (infection),ne,missing,,,5618,,,,20733,0
Q193918,Boil (infection),or,missing,,,5618,,,,20733,0
Q193918,Boil (infection),pa,missing,,,5618,,,,20733,0
Q193918,Boil (infection),sa,missing,,,5618,,,,20733,0
Q193918,Boil (infection),sat,missing,,,5618,,,,20733,0
Q193918,Boil (infection),sd,missing,,,5618,,,,20733,0
Q193918,Boil (infection),ta,good,கொதிப்புக் கொப்பளம்,4374,5618,16621,0.779,2025-10-24 05:14:45,20733,829
Q193918,Boil (infection),tcy,missing,,,5618,,,,20733,0
Q193918,Boil (infection),te,missing,,,5618,,,,20733,0
Q193918,Boil (infection),ur,missing,,,5618,,,,20733,0
Q194041,Phenylketonuria,as,missing,,,22569,,,,98456,0
Q194041,Phenylketonuria,bh,missing,,,22569,,,,98456,0
Q194041,Phenylketonuria,bn,missing,,,22569,,,,98456,0
Q194041,Phenylketonuria,gom,missing,,,22569,,,,98456,0
Q194041,Phenylketonuria,gu,missing,,,22569,,,,98456,0
Q194041,Phenylketonuria,hi,stub,फेनिलकेटोनुरिया,1602,22569,10733,0.071,2026-07-01 10:03:26,98456,112
Q194041,Phenylketonuria,kn,missing,,,22569,,,,98456,0
Q194041,Phenylketonuria,ks,missing,,,22569,,,,98456,0
Q194041,Phenylketonuria,mai,missing,,,22569,,,,98456,0
Q194041,Phenylketonuria,ml,partial,ഫിനൈൽകീറ്റോൺയൂറിയ,4731,22569,23953,0.21,2024-04-01 13:08:49,98456,150
Q194041,Phenylketonuria,mni,missing,,,22569,,,,98456,0
Q194041,Phenylketonuria,mr,missing,,,22569,,,,98456,0
Q194041,Phenylketonuria,ne,missing,,,22569,,,,98456,0
Q194041,Phenylketonuria,or,stub,ଫିନାଇଲକିଟୋନୁରିଆ,2023,22569,8914,0.09,2016-10-06 07:17:08,98456,48
Q194041,Phenylketonuria,pa,missing,,,22569,,,,98456,0
Q194041,Phenylketonuria,sa,missing,,,22569,,,,98456,0
Q194041,Phenylketonuria,sat,missing,,,22569,,,,98456,0
Q194041,Phenylketonuria,sd,missing,,,22569,,,,98456,0
Q194041,Phenylketonuria,ta,stub,பினைல் கீட்டோன் கழிவு,3274,22569,12349,0.145,2023-04-06 03:01:29,98456,145
Q194041,Phenylketonuria,tcy,missing,,,22569,,,,98456,0
Q194041,Phenylketonuria,te,missing,,,22569,,,,98456,0
Q194041,Phenylketonuria,ur,missing,,,22569,,,,98456,0
Q194101,Dwarfism,as,missing,,,22305,,,,497354,0
Q194101,Dwarfism,bh,missing,,,22305,,,,497354,0
Q194101,Dwarfism,bn,stub,বামনত্ব,722,22305,6948,0.032,2026-09-07 06:12:25,497354,515
Q194101,Dwarfism,gom,missing,,,22305,,,,497354,0
Q194101,Dwarfism,gu,missing,,,22305,,,,497354,0
Q194101,Dwarfism,hi,stub,बौनापन,1610,22305,9664,0.072,2024-11-12 01:53:52,497354,425
Q194101,Dwarfism,kn,stub,ಕುಬ್ಜತೆ,712,22305,2440,0.032,2026-03-22 17:49:02,497354,97
Q194101,Dwarfism,ks,missing,,,22305,,,,497354,0
Q194101,Dwarfism,mai,missing,,,22305,,,,497354,0
Q194101,Dwarfism,ml,stub,ഹൃസ്വകായത്വം,3116,22305,9425,0.14,2026-09-25 21:59:46,497354,127
Q194101,Dwarfism,mni,missing,,,22305,,,,497354,0
Q194101,Dwarfism,mr,stub,बुटकेपणा,341,22305,1438,0.015,2022-05-26 11:11:34,497354,102
Q194101,Dwarfism,ne,missing,,,22305,,,,497354,0
Q194101,Dwarfism,or,stub,ବାମନତ୍ୱ,1507,22305,9164,0.068,2023-02-13 00:19:48,497354,69
Q194101,Dwarfism,pa,stub,ਬੌਣਾ,557,22305,2389,0.025,2020-09-16 07:44:26,497354,49
Q194101,Dwarfism,sa,missing,,,22305,,,,497354,0
Q194101,Dwarfism,sat,missing,,,22305,,,,497354,0
Q194101,Dwarfism,sd,missing,,,22305,,,,497354,0
Q194101,Dwarfism,ta,missing,,,22305,,,,497354,0
Q194101,Dwarfism,tcy,missing,,,22305,,,,497354,0
Q194101,Dwarfism,te,stub,మరుగుజ్జు,1503,22305,4619,0.067,2023-02-13 00:12:46,497354,433
Q194101,Dwarfism,ur,stub,بونا پن,1848,22305,10006,0.083,2026-04-26 06:41:26,497354,118
Q194290,Dehydration,as,missing,,,11471,,,,88361,0
Q194290,Dehydration,bh,missing,,,11471,,,,88361,0
Q194290,Dehydration,bn,good,পানিশূন্যতা,8583,11471,49473,0.748,2026-09-23 10:00:11,88361,782
Q194290,Dehydration,gom,missing,,,11471,,,,88361,0
Q194290,Dehydration,gu,missing,,,11471,,,,88361,0
Q194290,Dehydration,hi,partial,शरीर का निर्जलीकरण,3452,11471,13149,0.301,2020-10-09 01:47:39,88361,1368
Q194290,Dehydration,kn,good,ನಿರ್ಜಲೀಕರಣ,11250,11471,38318,0.981,2026-08-12 03:40:02,88361,416
Q194290,Dehydration,ks,missing,,,11471,,,,88361,0
Q194290,Dehydration,mai,missing,,,11471,,,,88361,0
Q194290,Dehydration,ml,partial,നിർജ്ജലീകരണം,3270,11471,18128,0.285,2025-10-09 22:29:25,88361,746
Q194290,Dehydration,mni,missing,,,11471,,,,88361,0
Q194290,Dehydration,mr,partial,जलऱ्हास,2143,11471,7594,0.187,2020-04-26 09:59:52,88361,108
Q194290,Dehydration,ne,stub,जलवियोजन,637,11471,2041,0.056,2026-06-12 14:08:37,88361,86
Q194290,Dehydration,or,missing,,,11471,,,,88361,0
Q194290,Dehydration,pa,missing,,,11471,,,,88361,0
Q194290,Dehydration,sa,missing,,,11471,,,,88361,0
Q194290,Dehydration,sat,missing,,,11471,,,,88361,0
Q194290,Dehydration,sd,missing,,,11471,,,,88361,0
Q194290,Dehydration,ta,good,நீர்ப்போக்கு,8172,11471,32881,0.712,2026-09-22 23:43:09,88361,792
Q194290,Dehydration,tcy,missing,,,11471,,,,88361,0
Q194290,Dehydration,te,partial,డీహైడ్రేషన్,1783,11471,8859,0.155,2025-01-23 00:47:28,88361,499
Q194290,Dehydration,ur,missing,,,11471,,,,88361,0
Q194435,Vitamin deficiency,as,missing,,,12382,,,,16906,0
Q194435,Vitamin deficiency,bh,missing,,,12382,,,,16906,0
Q194435,Vitamin deficiency,bn,missing,,,12382,,,,16906,0
Q194435,Vitamin deficiency,gom,missing,,,12382,,,,16906,0
Q194435,Vitamin deficiency,gu,missing,,,12382,,,,16906,0
Q194435,Vitamin deficiency,hi,missing,,,12382,,,,16906,0
Q194435,Vitamin deficiency,kn,missing,,,12382,,,,16906,0
Q194435,Vitamin deficiency,ks,missing,,,12382,,,,16906,0
Q194435,Vitamin deficiency,mai,missing,,,12382,,,,16906,0
Q194435,Vitamin deficiency,ml,missing,,,12382,,,,16906,0
Q194435,Vitamin deficiency,mni,missing,,,12382,,,,16906,0
Q194435,Vitamin deficiency,mr,missing,,,12382,,,,16906,0
Q194435,Vitamin deficiency,ne,missing,,,12382,,,,16906,0
Q194435,Vitamin deficiency,or,missing,,,12382,,,,16906,0
Q194435,Vitamin deficiency,pa,missing,,,12382,,,,16906,0
Q194435,Vitamin deficiency,sa,missing,,,12382,,,,16906,0
Q194435,Vitamin deficiency,sat,missing,,,12382,,,,16906,0
Q194435,Vitamin deficiency,sd,missing,,,12382,,,,16906,0
Q194435,Vitamin deficiency,ta,partial,உயிர்ச்சத்துக் குறைபாடு,3146,12382,10186,0.254,2023-12-20 02:32:17,16906,150
Q194435,Vitamin deficiency,tcy,missing,,,12382,,,,16906,0
Q194435,Vitamin deficiency,te,missing,,,12382,,,,16906,0
Q194435,Vitamin deficiency,ur,missing,,,12382,,,,16906,0
Q19600468,Beti Bachao Beti Padhao,as,partial,"বেটি বচাও, বেটি পঢ়াও",2367,7290,9153,0.325,2026-06-22 13:17:08,56937,675
Q19600468,Beti Bachao Beti Padhao,bh,missing,,,7290,,,,56937,0
Q19600468,Beti Bachao Beti Padhao,bn,partial,বেটি বচাও বেটি পঢ়াও,2417,7290,10924,0.332,2026-07-08 18:12:34,56937,2728
Q19600468,Beti Bachao Beti Padhao,gom,missing,,,7290,,,,56937,0
Q19600468,Beti Bachao Beti Padhao,gu,missing,,,7290,,,,56937,0
Q19600468,Beti Bachao Beti Padhao,hi,partial,बेटी बचाओ बेटी पढ़ाओ योजना,2601,7290,9884,0.357,2024-09-12 16:55:12,56937,34837
Q19600468,Beti Bachao Beti Padhao,kn,good,ಬೇಟಿ ಬಚಾವೋ ಬೇಟಿ ಪಢಾವೋ,4487,7290,20589,0.616,2026-03-25 03:28:10,56937,2404
Q19600468,Beti Bachao Beti Padhao,ks,missing,,,7290,,,,56937,0
Q19600468,Beti Bachao Beti Padhao,mai,missing,,,7290,,,,56937,0
Q19600468,Beti Bachao Beti Padhao,ml,missing,,,7290,,,,56937,0
Q19600468,Beti Bachao Beti Padhao,mni,missing,,,7290,,,,56937,0
Q19600468,Beti Bachao Beti Padhao,mr,partial,"बेटी बचाओ, बेटी पढाओ योजना",2602,7290,8388,0.357,2024-09-10 07:30:26,56937,2964
Q19600468,Beti Bachao Beti Padhao,ne,missing,,,7290,,,,56937,0
Q19600468,Beti Bachao Beti Padhao,or,partial,ବେଟି ବଚାଓ ବେଟି ପଢ଼ାଓ ଯୋଜନା,2586,7290,9033,0.355,2024-05-22 20:09:22,56937,626
Q19600468,Beti Bachao Beti Padhao,pa,partial,"ਬੇਟੀ ਬਚਾਓ, ਬੇਟੀ ਪੜਾਓ ਯੋਜਨਾ",1797,7290,8772,0.247,2024-01-25 11:11:03,56937,425
Q19600468,Beti Bachao Beti Padhao,sa,good,"पुत्री रक्ष्यतां, पुत्री पाठ्यतां योजना",4834,7290,18419,0.663,2026-05-26 02:20:16,56937,225
Q19600468,Beti Bachao Beti Padhao,sat,missing,,,7290,,,,56937,0
Q19600468,Beti Bachao Beti Padhao,sd,missing,,,7290,,,,56937,0
Q19600468,Beti Bachao Beti Padhao,ta,good,"பெண் குழந்தையைக் காப்போம், பெண் குழந்தைகளுக்கு கற்பிப்போம்",5009,7290,17674,0.687,2021-08-20 08:21:35,56937,1158
Q19600468,Beti Bachao Beti Padhao,tcy,missing,,,7290,,,,56937,0
Q19600468,Beti Bachao Beti Padhao,te,partial,బేటి బచావో బేటి పడావో,2829,7290,11728,0.388,2026-06-21 22:12:00,56937,1922
Q19600468,Beti Bachao Beti Padhao,ur,stub,بیٹی بچاؤ، بیٹی پڑھاؤ یوجنا,850,7290,3645,0.117,2025-03-04 08:41:49,56937,166
Q19803580,Premiership of Narendra Modi,as,missing,,,51350,,,,57266,0
Q19803580,Premiership of Narendra Modi,bh,missing,,,51350,,,,57266,0
Q19803580,Premiership of Narendra Modi,bn,partial,নরেন্দ্র মোদীর প্রধানমন্ত্রিত্ব,9226,51350,75833,0.18,2025-02-01 15:59:48,57266,2732
Q19803580,Premiership of Narendra Modi,gom,missing,,,51350,,,,57266,0
Q19803580,Premiership of Narendra Modi,gu,missing,,,51350,,,,57266,0
Q19803580,Premiership of Narendra Modi,hi,partial,नरेन्द्र मोदी का प्रधानमंत्रित्व,9970,51350,44823,0.194,2026-07-03 17:54:56,57266,458
Q19803580,Premiership of Narendra Modi,kn,missing,,,51350,,,,57266,0
Q19803580,Premiership of Narendra Modi,ks,missing,,,51350,,,,57266,0
Q19803580,Premiership of Narendra Modi,mai,missing,,,51350,,,,57266,0
Q19803580,Premiership of Narendra Modi,ml,stub,നരേന്ദ്ര മോദിയുടെ പ്രീമിയർഷിപ്പ്,4236,51350,20128,0.082,2023-12-29 05:45:57,57266,67
Q19803580,Premiership of Narendra Modi,mni,missing,,,51350,,,,57266,0
Q19803580,Premiership of Narendra Modi,mr,missing,,,51350,,,,57266,0
Q19803580,Premiership of Narendra Modi,ne,missing,,,51350,,,,57266,0
Q19803580,Premiership of Narendra Modi,or,missing,,,51350,,,,57266,0
Q19803580,Premiership of Narendra Modi,pa,missing,,,51350,,,,57266,0
Q19803580,Premiership of Narendra Modi,sa,missing,,,51350,,,,57266,0
Q19803580,Premiership of Narendra Modi,sat,missing,,,51350,,,,57266,0
Q19803580,Premiership of Narendra Modi,sd,missing,,,51350,,,,57266,0
Q19803580,Premiership of Narendra Modi,ta,stub,2014 - 2019 இந்திய நடுவண் அரசின் நிர்வாகம்,2730,51350,15128,0.053,2023-02-21 07:04:53,57266,109
Q19803580,Premiership of Narendra Modi,tcy,missing,,,51350,,,,57266,0
Q19803580,Premiership of Narendra Modi,te,missing,,,51350,,,,57266,0
Q19803580,Premiership of Narendra Modi,ur,stub,نریندر مودی کا عہد وزارت عظمی,3211,51350,5935,0.063,2025-01-30 10:44:31,57266,36
Q19883606,Atal Pension Yojana,as,missing,,,4071,,,,41690,0
Q19883606,Atal Pension Yojana,bh,missing,,,4071,,,,41690,0
Q19883606,Atal Pension Yojana,bn,partial,অটল পেনশন যোজনা,1712,4071,8485,0.421,2026-08-18 11:12:11,41690,3262
Q19883606,Atal Pension Yojana,gom,missing,,,4071,,,,41690,0
Q19883606,Atal Pension Yojana,gu,missing,,,4071,,,,41690,0
Q19883606,Atal Pension Yojana,hi,good,अटल पेंशन योजना,2132,4071,8021,0.524,2024-09-26 11:22:07,41690,15453
Q19883606,Atal Pension Yojana,kn,missing,,,4071,,,,41690,0
Q19883606,Atal Pension Yojana,ks,missing,,,4071,,,,41690,0
Q19883606,Atal Pension Yojana,mai,missing,,,4071,,,,41690,0
Q19883606,Atal Pension Yojana,ml,partial,അടൽ പെൻഷൻ യോജന,1087,4071,4415,0.267,2025-10-10 11:22:00,41690,2969
Q19883606,Atal Pension Yojana,mni,missing,,,4071,,,,41690,0
Q19883606,Atal Pension Yojana,mr,good,अटल पेन्शन योजना,2485,4071,8042,0.61,2023-04-07 16:33:16,41690,3994
Q19883606,Atal Pension Yojana,ne,missing,,,4071,,,,41690,0
Q19883606,Atal Pension Yojana,or,good,ଅଟଳ ପେନସନ ଯୋଜନା,2790,4071,8945,0.685,2025-08-06 17:16:54,41690,138
Q19883606,Atal Pension Yojana,pa,missing,,,4071,,,,41690,0
Q19883606,Atal Pension Yojana,sa,missing,,,4071,,,,41690,0
Q19883606,Atal Pension Yojana,sat,missing,,,4071,,,,41690,0
Q19883606,Atal Pension Yojana,sd,missing,,,4071,,,,41690,0
Q19883606,Atal Pension Yojana,ta,good,அடல் ஓய்வூதியத் திட்டம்,3873,4071,17327,0.951,2026-07-04 07:38:21,41690,2528
Q19883606,Atal Pension Yojana,tcy,missing,,,4071,,,,41690,0
Q19883606,Atal Pension Yojana,te,missing,,,4071,,,,41690,0
Q19883606,Atal Pension Yojana,ur,missing,,,4071,,,,41690,0
Q19883848,Pradhan Mantri Suraksha Bima Yojana,as,missing,,,3451,,,,22529,0
Q19883848,Pradhan Mantri Suraksha Bima Yojana,bh,missing,,,3451,,,,22529,0
Q19883848,Pradhan Mantri Suraksha Bima Yojana,bn,missing,,,3451,,,,22529,0
Q19883848,Pradhan Mantri Suraksha Bima Yojana,gom,missing,,,3451,,,,22529,0
Q19883848,Pradhan Mantri Suraksha Bima Yojana,gu,missing,,,3451,,,,22529,0
Q19883848,Pradhan Mantri Suraksha Bima Yojana,hi,partial,प्रधानमंत्री सुरक्षा बीमा योजना,1158,3451,5430,0.336,2024-12-19 04:16:07,22529,3060
Q19883848,Pradhan Mantri Suraksha Bima Yojana,kn,missing,,,3451,,,,22529,0
Q19883848,Pradhan Mantri Suraksha Bima Yojana,ks,missing,,,3451,,,,22529,0
Q19883848,Pradhan Mantri Suraksha Bima Yojana,mai,missing,,,3451,,,,22529,0
Q19883848,Pradhan Mantri Suraksha Bima Yojana,ml,good,പ്രധാനമന്ത്രി സുരക്ഷ ബീമാ യോജന,5276,3451,16448,1.0,2025-07-08 06:04:43,22529,1127
Q19883848,Pradhan Mantri Suraksha Bima Yojana,mni,missing,,,3451,,,,22529,0
Q19883848,Pradhan Mantri Suraksha Bima Yojana,mr,partial,प्रधानमंत्री सुरक्षा विमा योजना,1080,3451,3759,0.313,2025-06-07 00:23:00,22529,1536
Q19883848,Pradhan Mantri Suraksha Bima Yojana,ne,missing,,,3451,,,,22529,0
Q19883848,Pradhan Mantri Suraksha Bima Yojana,or,missing,,,3451,,,,22529,0
Q19883848,Pradhan Mantri Suraksha Bima Yojana,pa,missing,,,3451,,,,22529,0
Q19883848,Pradhan Mantri Suraksha Bima Yojana,sa,missing,,,3451,,,,22529,0
Q19883848,Pradhan Mantri Suraksha Bima Yojana,sat,missing,,,3451,,,,22529,0
Q19883848,Pradhan Mantri Suraksha Bima Yojana,sd,missing,,,3451,,,,22529,0
Q19883848,Pradhan Mantri Suraksha Bima Yojana,ta,partial,பிரதான் மந்திரி சுரக்சா பீமா யோஜனா,547,3451,2979,0.159,2025-01-23 11:25:38,22529,1008
Q19883848,Pradhan Mantri Suraksha Bima Yojana,tcy,missing,,,3451,,,,22529,0
Q19883848,Pradhan Mantri Suraksha Bima Yojana,te,missing,,,3451,,,,22529,0
Q19883848,Pradhan Mantri Suraksha Bima Yojana,ur,missing,,,3451,,,,22529,0
Q19895373,Pradhan Mantri Jeevan Jyoti Bima Yojana,as,missing,,,5507,,,,29668,0
Q19895373,Pradhan Mantri Jeevan Jyoti Bima Yojana,bh,missing,,,5507,,,,29668,0
Q19895373,Pradhan Mantri Jeevan Jyoti Bima Yojana,bn,missing,,,5507,,,,29668,0
Q19895373,Pradhan Mantri Jeevan Jyoti Bima Yojana,gom,missing,,,5507,,,,29668,0
Q19895373,Pradhan Mantri Jeevan Jyoti Bima Yojana,gu,missing,,,5507,,,,29668,0
Q19895373,Pradhan Mantri Jeevan Jyoti Bima Yojana,hi,partial,प्रधानमंत्री जीवन ज्योति बीमा योजना,1812,5507,6998,0.329,2025-02-03 15:48:32,29668,22367
Q19895373,Pradhan Mantri Jeevan Jyoti Bima Yojana,kn,missing,,,5507,,,,29668,0
Q19895373,Pradhan Mantri Jeevan Jyoti Bima Yojana,ks,missing,,,5507,,,,29668,0
Q19895373,Pradhan Mantri Jeevan Jyoti Bima Yojana,mai,missing,,,5507,,,,29668,0
Q19895373,Pradhan Mantri Jeevan Jyoti Bima Yojana,ml,missing,,,5507,,,,29668,0
Q19895373,Pradhan Mantri Jeevan Jyoti Bima Yojana,mni,missing,,,5507,,,,29668,0
Q19895373,Pradhan Mantri Jeevan Jyoti Bima Yojana,mr,partial,प्रधानमंत्री जीवनज्योती विमा योजना,1068,5507,2958,0.194,2025-06-07 00:22:04,29668,2218
Q19895373,Pradhan Mantri Jeevan Jyoti Bima Yojana,ne,missing,,,5507,,,,29668,0
Q19895373,Pradhan Mantri Jeevan Jyoti Bima Yojana,or,missing,,,5507,,,,29668,0
Q19895373,Pradhan Mantri Jeevan Jyoti Bima Yojana,pa,missing,,,5507,,,,29668,0
Q19895373,Pradhan Mantri Jeevan Jyoti Bima Yojana,sa,missing,,,5507,,,,29668,0
Q19895373,Pradhan Mantri Jeevan Jyoti Bima Yojana,sat,missing,,,5507,,,,29668,0
Q19895373,Pradhan Mantri Jeevan Jyoti Bima Yojana,sd,missing,,,5507,,,,29668,0
Q19895373,Pradhan Mantri Jeevan Jyoti Bima Yojana,ta,partial,பிரதம மந்திரி ஜீவன் ஜோதி பீமா ஆயுள் காப்பீட்டுத் திட்டம்,2688,5507,10725,0.488,2025-01-23 11:43:00,29668,3503
Q19895373,Pradhan Mantri Jeevan Jyoti Bima Yojana,tcy,missing,,,5507,,,,29668,0
Q19895373,Pradhan Mantri Jeevan Jyoti Bima Yojana,te,partial,ప్రధానమంత్రి జీవనజ్యోతి,947,5507,3933,0.172,2024-09-01 17:03:03,29668,2387
Q19895373,Pradhan Mantri Jeevan Jyoti Bima Yojana,ur,missing,,,5507,,,,29668,0
Q19898423,Soil Health Card Scheme,as,missing,,,1931,,,,4273,0
Q19898423,Soil Health Card Scheme,bh,missing,,,1931,,,,4273,0
Q19898423,Soil Health Card Scheme,bn,missing,,,1931,,,,4273,0
Q19898423,Soil Health Card Scheme,gom,missing,,,1931,,,,4273,0
Q19898423,Soil Health Card Scheme,gu,missing,,,1931,,,,4273,0
Q19898423,Soil Health Card Scheme,hi,good,मृदा स्वास्थ्य कार्ड योजना,2621,1931,9265,1.0,2026-07-11 19:30:59,4273,1516
Q19898423,Soil Health Card Scheme,kn,good,ಮಣ್ಣಿನ ಆರೋಗ್ಯ ಕಾರ್ಡ್ ಯೋಜನೆ,3292,1931,9337,1.0,2026-03-25 07:37:21,4273,112
Q19898423,Soil Health Card Scheme,ks,missing,,,1931,,,,4273,0
Q19898423,Soil Health Card Scheme,mai,missing,,,1931,,,,4273,0
Q19898423,Soil Health Card Scheme,ml,missing,,,1931,,,,4273,0
Q19898423,Soil Health Card Scheme,mni,missing,,,1931,,,,4273,0
Q19898423,Soil Health Card Scheme,mr,good,मृदा आरोग्य कार्ड योजना,1390,1931,5104,0.72,2024-05-22 16:02:31,4273,287
Q19898423,Soil Health Card Scheme,ne,missing,,,1931,,,,4273,0
Q19898423,Soil Health Card Scheme,or,missing,,,1931,,,,4273,0
Q19898423,Soil Health Card Scheme,pa,missing,,,1931,,,,4273,0
Q19898423,Soil Health Card Scheme,sa,missing,,,1931,,,,4273,0
Q19898423,Soil Health Card Scheme,sat,missing,,,1931,,,,4273,0
Q19898423,Soil Health Card Scheme,sd,missing,,,1931,,,,4273,0
Q19898423,Soil Health Card Scheme,ta,missing,,,1931,,,,4273,0
Q19898423,Soil Health Card Scheme,tcy,missing,,,1931,,,,4273,0
Q19898423,Soil Health Card Scheme,te,missing,,,1931,,,,4273,0
Q19898423,Soil Health Card Scheme,ur,missing,,,1931,,,,4273,0
Q19939,Tiger,as,missing,,,50989,,,,1151614,0
Q19939,Tiger,bh,stub,बाघ,432,50989,3734,0.008,2025-08-22 02:29:07,1151614,1093
Q19939,Tiger,bn,partial,বাঘ,11851,50989,43956,0.232,2026-05-25 06:36:11,1151614,6972
Q19939,Tiger,gom,stub,Vag,4338,50989,4929,0.085,2021-02-21 07:32:07,1151614,140
Q19939,Tiger,gu,good,વાઘ,43714,50989,167244,0.857,2026-09-16 15:12:43,1151614,2434
Q19939,Tiger,hi,stub,बाघ,4126,50989,16085,0.081,2026-02-18 09:35:17,1151614,17592
Q19939,Tiger,kn,good,ಹುಲಿ,50132,50989,156229,0.983,2026-08-12 07:11:59,1151614,4792
Q19939,Tiger,ks,stub,شیر,80,50989,665,0.002,2024-06-10 13:29:01,1151614,179
Q19939,Tiger,mai,stub,बाघ,654,50989,3335,0.013,2026-02-18 09:45:50,1151614,146
Q19939,Tiger,ml,partial,കടുവ,8481,50989,29830,0.166,2026-06-19 04:25:51,1151614,2937
Q19939,Tiger,mni,stub,ꯀꯩ (ꯁꯥ),201,50989,991,0.004,2025-12-13 04:49:51,1151614,845
Q19939,Tiger,mr,good,वाघ,25709,50989,79072,0.504,2026-09-29 11:38:36,1151614,9872
Q19939,Tiger,ne,partial,बाघ,11678,50989,33888,0.229,2026-02-18 09:51:29,1151614,597
Q19939,Tiger,or,stub,ବାଘ,5402,50989,20601,0.106,2026-09-24 01:47:29,1151614,701
Q19939,Tiger,pa,stub,ਸ਼ੇਰ,2454,50989,10070,0.048,2026-02-18 09:58:21,1151614,271
Q19939,Tiger,sa,stub,व्याघ्रः,1957,50989,8036,0.038,2026-02-18 10:24:49,1151614,309
Q19939,Tiger,sat,stub,ᱛᱟᱹᱨᱩᱵ,2865,50989,9719,0.056,2026-09-23 23:26:43,1151614,342
Q19939,Tiger,sd,stub,شينهن,4012,50989,9963,0.079,2026-02-07 21:22:12,1151614,90
Q19939,Tiger,ta,partial,புலி,24951,50989,143435,0.489,2026-09-23 07:32:29,1151614,5724
Q19939,Tiger,tcy,good,ಪಿಲಿ,51119,50989,157050,1.0,2026-08-11 00:10:40,1151614,411
Q19939,Tiger,te,partial,పులి,16723,50989,88542,0.328,2026-08-02 11:18:08,1151614,3661
Q19939,Tiger,ur,stub,باگھ,2027,50989,6474,0.04,2026-10-02 08:07:06,1151614,261
Q199602,Itch,as,missing,,,14625,,,,67533,0
Q199602,Itch,bh,missing,,,14625,,,,67533,0
Q199602,Itch,bn,good,চুলকানি,15619,14625,57349,1.0,2025-07-22 00:54:36,67533,1390
Q199602,Itch,gom,missing,,,14625,,,,67533,0
Q199602,Itch,gu,missing,,,14625,,,,67533,0
Q199602,Itch,hi,stub,खुजली,767,14625,2233,0.052,2024-07-23 17:04:36,67533,679
Q199602,Itch,kn,stub,ನವೆ,1929,14625,5906,0.132,2026-03-24 02:23:20,67533,130
Q199602,Itch,ks,stub,کشُن,77,14625,513,0.005,2024-09-16 18:00:37,67533,50
Q199602,Itch,mai,missing,,,14625,,,,67533,0
Q199602,Itch,ml,missing,,,14625,,,,67533,0
Q199602,Itch,mni,missing,,,14625,,,,67533,0
Q199602,Itch,mr,missing,,,14625,,,,67533,0
Q199602,Itch,ne,missing,,,14625,,,,67533,0
Q199602,Itch,or,stub,ଗଲୁ,905,14625,4628,0.062,2023-02-13 00:09:57,67533,55
Q199602,Itch,pa,stub,ਖ਼ਾਜ,678,14625,2249,0.046,2019-05-04 14:29:28,67533,57
Q199602,Itch,sa,missing,,,14625,,,,67533,0
Q199602,Itch,sat,missing,,,14625,,,,67533,0
Q199602,Itch,sd,missing,,,14625,,,,67533,0
Q199602,Itch,ta,missing,,,14625,,,,67533,0
Q199602,Itch,tcy,missing,,,14625,,,,67533,0
Q199602,Itch,te,partial,దురద,3692,14625,11201,0.252,2024-10-06 18:13:01,67533,1466
Q199602,Itch,ur,stub,خارش(کھجلی),727,14625,1794,0.05,2025-03-10 12:27:42,67533,81
Q199615,Encephalitis,as,good,এনচেফেলাইটিচ,9513,8636,25987,1.0,2026-06-24 08:52:37,327327,165
Q199615,Encephalitis,bh,missing,,,8636,,,,327327,0
Q199615,Encephalitis,bn,partial,মস্তিষ্কপ্রদাহ,2722,8636,25135,0.315,2025-09-29 14:16:19,327327,309
Q199615,Encephalitis,gom,missing,,,8636,,,,327327,0
Q199615,Encephalitis,gu,missing,,,8636,,,,327327,0
Q199615,Encephalitis,hi,partial,मस्तिष्क ज्वर,1565,8636,5541,0.181,2023-08-25 18:51:31,327327,164
Q199615,Encephalitis,kn,missing,,,8636,,,,327327,0
Q199615,Encephalitis,ks,missing,,,8636,,,,327327,0
Q199615,Encephalitis,mai,missing,,,8636,,,,327327,0
Q199615,Encephalitis,ml,partial,എൻസെഫലൈറ്റിസ്,1328,8636,9134,0.154,2021-05-23 10:37:14,327327,367
Q199615,Encephalitis,mni,missing,,,8636,,,,327327,0
Q199615,Encephalitis,mr,stub,चमकी (ताप),411,8636,2650,0.048,2024-07-29 03:01:50,327327,52
Q199615,Encephalitis,ne,missing,,,8636,,,,327327,0
Q199615,Encephalitis,or,partial,ଏନସେଫାଲାଇଟିସ,1436,8636,9696,0.166,2023-08-25 18:54:48,327327,76
Q199615,Encephalitis,pa,missing,,,8636,,,,327327,0
Q199615,Encephalitis,sa,missing,,,8636,,,,327327,0
Q199615,Encephalitis,sat,missing,,,8636,,,,327327,0
Q199615,Encephalitis,sd,missing,,,8636,,,,327327,0
Q199615,Encephalitis,ta,stub,மூளையழற்சி,472,8636,2624,0.055,2016-09-13 02:54:37,327327,226
Q199615,Encephalitis,tcy,missing,,,8636,,,,327327,0
Q199615,Encephalitis,te,stub,మెదడువాపు,739,8636,2883,0.086,2026-09-12 11:46:07,327327,216
Q199615,Encephalitis,ur,missing,,,8636,,,,327327,0
Q199804,Chronic obstructive pulmonary disease,as,stub,ক্ৰনিক অবষ্ট্ৰাক্টিভ পালমোনাৰী ডিজিজ,1746,78999,7488,0.022,2024-12-11 14:49:32,504015,151
Q199804,Chronic obstructive pulmonary disease,bh,missing,,,78999,,,,504015,0
Q199804,Chronic obstructive pulmonary disease,bn,stub,দীর্ঘস্থায়ী অবরোধক ফুসফুসীয় ব্যাধি,2111,78999,11520,0.027,2026-02-11 02:53:54,504015,1096
Q199804,Chronic obstructive pulmonary disease,gom,missing,,,78999,,,,504015,0
Q199804,Chronic obstructive pulmonary disease,gu,missing,,,78999,,,,504015,0
Q199804,Chronic obstructive pulmonary disease,hi,partial,चिरकारी अवरोधी फुप्फुस रोग,38635,78999,169164,0.489,2026-07-03 15:37:05,504015,587
Q199804,Chronic obstructive pulmonary disease,kn,partial,COPD (ಸಿಒಪಿಡಿ),30437,78999,109175,0.385,2026-09-23 15:27:10,504015,251
Q199804,Chronic obstructive pulmonary disease,ks,missing,,,78999,,,,504015,0
Q199804,Chronic obstructive pulmonary disease,mai,missing,,,78999,,,,504015,0
Q199804,Chronic obstructive pulmonary disease,ml,stub,ക്രോണിക് ഒബ്‌സ്ട്രക്ടീവ് പൾമൊണറി ഡിസീസ്,2101,78999,9675,0.027,2024-11-26 06:53:55,504015,584
Q199804,Chronic obstructive pulmonary disease,mni,missing,,,78999,,,,504015,0
Q199804,Chronic obstructive pulmonary disease,mr,missing,,,78999,,,,504015,0
Q199804,Chronic obstructive pulmonary disease,ne,stub,सीओपीडी,2561,78999,7382,0.032,2025-08-25 14:29:05,504015,213
Q199804,Chronic obstructive pulmonary disease,or,partial,କ୍ରନିକ ଅବ୍‌ଷ୍ଟ୍ରକ୍ଟିଭ୍ ପଲ୍‌ମୋନାରି ଡିଜିଜ,30344,78999,142476,0.384,2026-08-03 05:21:52,504015,199
Q199804,Chronic obstructive pulmonary disease,pa,stub,ਸੀ ਓ ਪੀ ਡੀ,650,78999,3133,0.008,2026-04-23 13:35:33,504015,63
Q199804,Chronic obstructive pulmonary disease,sa,missing,,,78999,,,,504015,0
Q199804,Chronic obstructive pulmonary disease,sat,missing,,,78999,,,,504015,0
Q199804,Chronic obstructive pulmonary disease,sd,stub,ڦڦڙن جي رڪاوٽ جو پراڻو مرض,1656,78999,3887,0.021,2026-02-18 01:55:30,504015,22
Q199804,Chronic obstructive pulmonary disease,ta,good,நாட்பட்ட நுரையீரல் அடைப்பு நோய்,77954,78999,295953,0.987,2026-09-23 01:46:48,504015,4474
Q199804,Chronic obstructive pulmonary disease,tcy,missing,,,78999,,,,504015,0
Q199804,Chronic obstructive pulmonary disease,te,stub,దీర్ఘకాలిక అబ్స్ట్రక్టివ్ పల్మనరీ వ్యాధి,2599,78999,15690,0.033,2025-11-19 17:53:59,504015,107
Q199804,Chronic obstructive pulmonary disease,ur,stub,مزمن تسددی مرض ریہ,932,78999,3119,0.012,2025-06-10 09:04:06,504015,88
Q2006818,Skeletal muscle cramp,as,missing,,,7264,,,,12262,0
Q2006818,Skeletal muscle cramp,bh,missing,,,7264,,,,12262,0
Q2006818,Skeletal muscle cramp,bn,missing,,,7264,,,,12262,0
Q2006818,Skeletal muscle cramp,gom,missing,,,7264,,,,12262,0
Q2006818,Skeletal muscle cramp,gu,missing,,,7264,,,,12262,0
Q2006818,Skeletal muscle cramp,hi,missing,,,7264,,,,12262,0
Q2006818,Skeletal muscle cramp,kn,missing,,,7264,,,,12262,0
Q2006818,Skeletal muscle cramp,ks,missing,,,7264,,,,12262,0
Q2006818,Skeletal muscle cramp,mai,missing,,,7264,,,,12262,0
Q2006818,Skeletal muscle cramp,ml,missing,,,7264,,,,12262,0
Q2006818,Skeletal muscle cramp,mni,missing,,,7264,,,,12262,0
Q2006818,Skeletal muscle cramp,mr,missing,,,7264,,,,12262,0
Q2006818,Skeletal muscle cramp,ne,missing,,,7264,,,,12262,0
Q2006818,Skeletal muscle cramp,or,stub,କ୍ରାମ୍ପ,667,7264,2599,0.092,2020-09-24 06:49:12,12262,69
Q2006818,Skeletal muscle cramp,pa,missing,,,7264,,,,12262,0
Q2006818,Skeletal muscle cramp,sa,missing,,,7264,,,,12262,0
Q2006818,Skeletal muscle cramp,sat,missing,,,7264,,,,12262,0
Q2006818,Skeletal muscle cramp,sd,missing,,,7264,,,,12262,0
Q2006818,Skeletal muscle cramp,ta,missing,,,7264,,,,12262,0
Q2006818,Skeletal muscle cramp,tcy,missing,,,7264,,,,12262,0
Q2006818,Skeletal muscle cramp,te,missing,,,7264,,,,12262,0
Q2006818,Skeletal muscle cramp,ur,missing,,,7264,,,,12262,0
Q201180,Varicose veins,as,missing,,,18444,,,,149843,0
Q201180,Varicose veins,bh,missing,,,18444,,,,149843,0
Q201180,Varicose veins,bn,missing,,,18444,,,,149843,0
Q201180,Varicose veins,gom,missing,,,18444,,,,149843,0
Q201180,Varicose veins,gu,missing,,,18444,,,,149843,0
Q201180,Varicose veins,hi,stub,अपस्फीत शिरा,1830,18444,5261,0.099,2023-10-30 11:43:02,149843,158
Q201180,Varicose veins,kn,stub,ಕೊಂಕಿದ ಸಿರ,2506,18444,7820,0.136,2026-03-22 20:08:03,149843,79
Q201180,Varicose veins,ks,missing,,,18444,,,,149843,0
Q201180,Varicose veins,mai,missing,,,18444,,,,149843,0
Q201180,Varicose veins,ml,stub,വേരിക്കോസ് വെയിൻ,1362,18444,4863,0.074,2013-12-06 04:46:09,149843,342
Q201180,Varicose veins,mni,missing,,,18444,,,,149843,0
Q201180,Varicose veins,mr,missing,,,18444,,,,149843,0
Q201180,Varicose veins,ne,missing,,,18444,,,,149843,0
Q201180,Varicose veins,or,stub,ଭେରିକୋଜ ଭେନ,1659,18444,9692,0.09,2024-08-23 07:25:24,149843,141
Q201180,Varicose veins,pa,missing,,,18444,,,,149843,0
Q201180,Varicose veins,sa,missing,,,18444,,,,149843,0
Q201180,Varicose veins,sat,missing,,,18444,,,,149843,0
Q201180,Varicose veins,sd,missing,,,18444,,,,149843,0
Q201180,Varicose veins,ta,stub,விரிசுருள் சிரை நோய்,2354,18444,8479,0.128,2024-08-23 07:23:01,149843,3300
Q201180,Varicose veins,tcy,missing,,,18444,,,,149843,0
Q201180,Varicose veins,te,partial,ఉబ్బు సిరలు,7727,18444,22733,0.419,2025-06-24 18:14:19,149843,341
Q201180,Varicose veins,ur,stub,پھولی ہوئی رگیں,1721,18444,8949,0.093,2025-05-06 11:28:23,149843,233
Q201424,Nuclear warfare,as,missing,,,70457,,,,205006,0
Q201424,Nuclear warfare,bh,missing,,,70457,,,,205006,0
Q201424,Nuclear warfare,bn,partial,পারমাণবিক যুদ্ধ,29925,70457,87143,0.425,2026-05-01 14:12:38,205006,511
Q201424,Nuclear warfare,gom,missing,,,70457,,,,205006,0
Q201424,Nuclear warfare,gu,missing,,,70457,,,,205006,0
Q201424,Nuclear warfare,hi,stub,परमाणु युद्ध,164,70457,484,0.002,2021-11-11 11:39:49,205006,297
Q201424,Nuclear warfare,kn,missing,,,70457,,,,205006,0
Q201424,Nuclear warfare,ks,missing,,,70457,,,,205006,0
Q201424,Nuclear warfare,mai,missing,,,70457,,,,205006,0
Q201424,Nuclear warfare,ml,stub,ആണവയുദ്ധം,2347,70457,10129,0.033,2026-08-03 22:20:39,205006,539
Q201424,Nuclear warfare,mni,missing,,,70457,,,,205006,0
Q201424,Nuclear warfare,mr,missing,,,70457,,,,205006,0
Q201424,Nuclear warfare,ne,missing,,,70457,,,,205006,0
Q201424,Nuclear warfare,or,missing,,,70457,,,,205006,0
Q201424,Nuclear warfare,pa,missing,,,70457,,,,205006,0
Q201424,Nuclear warfare,sa,missing,,,70457,,,,205006,0
Q201424,Nuclear warfare,sat,missing,,,70457,,,,205006,0
Q201424,Nuclear warfare,sd,missing,,,70457,,,,205006,0
Q201424,Nuclear warfare,ta,stub,அணு ஆயுதப்போர்,5676,70457,19731,0.081,2026-06-24 07:08:25,205006,159
Q201424,Nuclear warfare,tcy,missing,,,70457,,,,205006,0
Q201424,Nuclear warfare,te,missing,,,70457,,,,205006,0
Q201424,Nuclear warfare,ur,missing,,,70457,,,,205006,0
Q201989,Lyme disease,as,missing,,,86723,,,,955098,0
Q201989,Lyme disease,bh,missing,,,86723,,,,955098,0
Q201989,Lyme disease,bn,stub,লাইম রোগ,2005,86723,13912,0.023,2026-05-03 08:33:38,955098,278
Q201989,Lyme disease,gom,missing,,,86723,,,,955098,0
Q201989,Lyme disease,gu,missing,,,86723,,,,955098,0
Q201989,Lyme disease,hi,stub,लाइम रोग,1304,86723,5390,0.015,2026-06-16 10:29:30,955098,31
Q201989,Lyme disease,kn,missing,,,86723,,,,955098,0
Q201989,Lyme disease,ks,missing,,,86723,,,,955098,0
Q201989,Lyme disease,mai,missing,,,86723,,,,955098,0
Q201989,Lyme disease,ml,stub,ലൈം രോഗം,5508,86723,20202,0.064,2026-06-22 23:47:30,955098,274
Q201989,Lyme disease,mni,missing,,,86723,,,,955098,0
Q201989,Lyme disease,mr,missing,,,86723,,,,955098,0
Q201989,Lyme disease,ne,missing,,,86723,,,,955098,0
Q201989,Lyme disease,or,stub,ଲାଇମ ରୋଗ,2881,86723,12169,0.033,2026-08-03 04:13:49,955098,54
Q201989,Lyme disease,pa,missing,,,86723,,,,955098,0
Q201989,Lyme disease,sa,missing,,,86723,,,,955098,0
Q201989,Lyme disease,sat,missing,,,86723,,,,955098,0
Q201989,Lyme disease,sd,missing,,,86723,,,,955098,0
Q201989,Lyme disease,ta,missing,,,86723,,,,955098,0
Q201989,Lyme disease,tcy,missing,,,86723,,,,955098,0
Q201989,Lyme disease,te,stub,లైమ్ వ్యాధి,3932,86723,21659,0.045,2026-09-09 05:40:22,955098,0
Q201989,Lyme disease,ur,missing,,,86723,,,,955098,0
Q202013,Nosebleed,as,missing,,,14357,,,,62884,0
Q202013,Nosebleed,bh,missing,,,14357,,,,62884,0
Q202013,Nosebleed,bn,missing,,,14357,,,,62884,0
Q202013,Nosebleed,gom,missing,,,14357,,,,62884,0
Q202013,Nosebleed,gu,missing,,,14357,,,,62884,0
Q202013,Nosebleed,hi,stub,नकसीर फूटना,1112,14357,5020,0.077,2023-07-09 17:54:50,62884,827
Q202013,Nosebleed,kn,missing,,,14357,,,,62884,0
Q202013,Nosebleed,ks,missing,,,14357,,,,62884,0
Q202013,Nosebleed,mai,missing,,,14357,,,,62884,0
Q202013,Nosebleed,ml,missing,,,14357,,,,62884,0
Q202013,Nosebleed,mni,missing,,,14357,,,,62884,0
Q202013,Nosebleed,mr,missing,,,14357,,,,62884,0
Q202013,Nosebleed,ne,missing,,,14357,,,,62884,0
Q202013,Nosebleed,or,stub,ନାକରୁ ରକ୍ତସ୍ରାବ,2126,14357,5552,0.148,2024-12-02 07:40:26,62884,100
Q202013,Nosebleed,pa,missing,,,14357,,,,62884,0
Q202013,Nosebleed,sa,missing,,,14357,,,,62884,0
Q202013,Nosebleed,sat,missing,,,14357,,,,62884,0
Q202013,Nosebleed,sd,missing,,,14357,,,,62884,0
Q202013,Nosebleed,ta,partial,சில்லுமூக்கு,4620,14357,15344,0.322,2024-12-02 07:39:55,62884,1034
Q202013,Nosebleed,tcy,missing,,,14357,,,,62884,0
Q202013,Nosebleed,te,stub,ఎపిస్టాక్సిస్,1789,14357,11715,0.125,2026-08-02 05:07:43,62884,188
Q202013,Nosebleed,ur,missing,,,14357,,,,62884,0
Q202080,Soil fertility,as,missing,,,19962,,,,26216,0
Q202080,Soil fertility,bh,missing,,,19962,,,,26216,0
Q202080,Soil fertility,bn,missing,,,19962,,,,26216,0
Q202080,Soil fertility,gom,missing,,,19962,,,,26216,0
Q202080,Soil fertility,gu,missing,,,19962,,,,26216,0
Q202080,Soil fertility,hi,stub,मृदा उर्वरता,1015,19962,3705,0.051,2023-02-08 06:20:25,26216,855
Q202080,Soil fertility,kn,missing,,,19962,,,,26216,0
Q202080,Soil fertility,ks,missing,,,19962,,,,26216,0
Q202080,Soil fertility,mai,missing,,,19962,,,,26216,0
Q202080,Soil fertility,ml,stub,മണ്ണിന്റെ ഫലഭൂയിഷ്ടി,864,19962,2959,0.043,2021-08-16 13:26:07,26216,175
Q202080,Soil fertility,mni,missing,,,19962,,,,26216,0
Q202080,Soil fertility,mr,missing,,,19962,,,,26216,0
Q202080,Soil fertility,ne,missing,,,19962,,,,26216,0
Q202080,Soil fertility,or,missing,,,19962,,,,26216,0
Q202080,Soil fertility,pa,partial,ਮਿੱਟੀ ਦੀ ਉਪਜਾਊ ਸ਼ਕਤੀ,7568,19962,22468,0.379,2024-12-30 11:30:58,26216,336
Q202080,Soil fertility,sa,missing,,,19962,,,,26216,0
Q202080,Soil fertility,sat,missing,,,19962,,,,26216,0
Q202080,Soil fertility,sd,missing,,,19962,,,,26216,0
Q202080,Soil fertility,ta,missing,,,19962,,,,26216,0
Q202080,Soil fertility,tcy,missing,,,19962,,,,26216,0
Q202080,Soil fertility,te,missing,,,19962,,,,26216,0
Q202080,Soil fertility,ur,missing,,,19962,,,,26216,0
Q202387,Post-traumatic stress disorder,as,missing,,,69543,,,,478048,0
Q202387,Post-traumatic stress disorder,bh,missing,,,69543,,,,478048,0
Q202387,Post-traumatic stress disorder,bn,stub,দুর্ঘটনা পরবর্তী মানসিক বৈকল্য,3304,69543,21958,0.048,2025-08-02 03:26:03,478048,203
Q202387,Post-traumatic stress disorder,gom,missing,,,69543,,,,478048,0
Q202387,Post-traumatic stress disorder,gu,missing,,,69543,,,,478048,0
Q202387,Post-traumatic stress disorder,hi,stub,अभिघातजन्य तनाव विकार,3290,69543,17182,0.047,2025-11-18 21:00:21,478048,270
Q202387,Post-traumatic stress disorder,kn,missing,,,69543,,,,478048,0
Q202387,Post-traumatic stress disorder,ks,missing,,,69543,,,,478048,0
Q202387,Post-traumatic stress disorder,mai,missing,,,69543,,,,478048,0
Q202387,Post-traumatic stress disorder,ml,stub,പോസ്റ്റ് ട്രൊമാറ്റിക് സ്ട്രെസ് ഡിസോർഡർ,5231,69543,29124,0.075,2026-07-15 22:35:09,478048,478
Q202387,Post-traumatic stress disorder,mni,missing,,,69543,,,,478048,0
Q202387,Post-traumatic stress disorder,mr,stub,आघातानंतरच्या ताणाचा विकार,3257,69543,18370,0.047,2025-05-10 06:47:59,478048,248
Q202387,Post-traumatic stress disorder,ne,missing,,,69543,,,,478048,0
Q202387,Post-traumatic stress disorder,or,stub,ଆଘାତୋତ୍ତର ଚାପ ବେମାରୀ,2201,69543,12118,0.032,2022-02-16 10:34:48,478048,93
Q202387,Post-traumatic stress disorder,pa,missing,,,69543,,,,478048,0
Q202387,Post-traumatic stress disorder,sa,missing,,,69543,,,,478048,0
Q202387,Post-traumatic stress disorder,sat,missing,,,69543,,,,478048,0
Q202387,Post-traumatic stress disorder,sd,missing,,,69543,,,,478048,0
Q202387,Post-traumatic stress disorder,ta,stub,அதிர்ச்சிக்குப் பிறகான மன அழுத்தப் பாதிப்பு,4238,69543,20456,0.061,2022-10-22 19:15:52,478048,455
Q202387,Post-traumatic stress disorder,tcy,missing,,,69543,,,,478048,0
Q202387,Post-traumatic stress disorder,te,stub,పోస్ట్ ట్రామాటిక్ స్ట్రెస్ డిజార్డర్,2767,69543,14452,0.04,2026-09-09 11:19:25,478048,0
Q202387,Post-traumatic stress disorder,ur,stub,مابعد صدمہ تناؤ کی بدنظمی,754,69543,3888,0.011,2026-04-22 13:50:54,478048,191
Q202758,Hypoglycemia,as,missing,,,30807,,,,365220,0
Q202758,Hypoglycemia,bh,missing,,,30807,,,,365220,0
Q202758,Hypoglycemia,bn,good,হাইপোগ্লাইসিমিয়া,28145,30807,118355,0.914,2025-01-31 13:46:17,365220,980
Q202758,Hypoglycemia,gom,missing,,,30807,,,,365220,0
Q202758,Hypoglycemia,gu,missing,,,30807,,,,365220,0
Q202758,Hypoglycemia,hi,stub,अधोमधुरक्तता,425,30807,1454,0.014,2024-07-21 14:10:10,365220,136
Q202758,Hypoglycemia,kn,good,ಸಕ್ಕರೆ ಕೊರತೆ ರೋಗ,38384,30807,115964,1.0,2026-08-11 01:08:59,365220,255
Q202758,Hypoglycemia,ks,stub,ہایپوگلیسیمیا,2389,30807,10267,0.078,2026-09-14 18:00:43,365220,0
Q202758,Hypoglycemia,mai,missing,,,30807,,,,365220,0
Q202758,Hypoglycemia,ml,stub,ഹൈപ്പോഗ്ലൈസീമിയ,2428,30807,7830,0.079,2021-08-23 16:55:15,365220,372
Q202758,Hypoglycemia,mni,missing,,,30807,,,,365220,0
Q202758,Hypoglycemia,mr,missing,,,30807,,,,365220,0
Q202758,Hypoglycemia,ne,missing,,,30807,,,,365220,0
Q202758,Hypoglycemia,or,stub,ନିମ୍ନ ରକ୍ତ ଶର୍କରା,2223,30807,9719,0.072,2025-05-27 10:38:48,365220,106
Q202758,Hypoglycemia,pa,missing,,,30807,,,,365220,0
Q202758,Hypoglycemia,sa,missing,,,30807,,,,365220,0
Q202758,Hypoglycemia,sat,missing,,,30807,,,,365220,0
Q202758,Hypoglycemia,sd,missing,,,30807,,,,365220,0
Q202758,Hypoglycemia,ta,good,இரத்தச் சர்க்கரைக் குறைவு,39940,30807,138175,1.0,2025-06-12 11:06:26,365220,1807
Q202758,Hypoglycemia,tcy,missing,,,30807,,,,365220,0
Q202758,Hypoglycemia,te,stub,హైపోగ్లైసీమియా,2513,30807,13180,0.082,2024-11-25 07:28:51,365220,214
Q202758,Hypoglycemia,ur,missing,,,30807,,,,365220,0
Q202849,Turner syndrome,as,missing,,,37839,,,,419251,0
Q202849,Turner syndrome,bh,missing,,,37839,,,,419251,0
Q202849,Turner syndrome,bn,stub,টার্নার সিনড্রোম,4474,37839,26018,0.118,2025-10-14 02:34:47,419251,511
Q202849,Turner syndrome,gom,missing,,,37839,,,,419251,0
Q202849,Turner syndrome,gu,missing,,,37839,,,,419251,0
Q202849,Turner syndrome,hi,good,टर्नर सिंड्रोम,21649,37839,73933,0.572,2024-02-08 13:05:43,419251,822
Q202849,Turner syndrome,kn,partial,ಟರ್ನರ್ ಸಿಂಡ್ರೋಮ್,17883,37839,71502,0.473,2026-08-12 00:34:27,419251,266
Q202849,Turner syndrome,ks,missing,,,37839,,,,419251,0
Q202849,Turner syndrome,mai,missing,,,37839,,,,419251,0
Q202849,Turner syndrome,ml,missing,,,37839,,,,419251,0
Q202849,Turner syndrome,mni,missing,,,37839,,,,419251,0
Q202849,Turner syndrome,mr,missing,,,37839,,,,419251,0
Q202849,Turner syndrome,ne,missing,,,37839,,,,419251,0
Q202849,Turner syndrome,or,stub,ଟର୍ନର ସିଣ୍ଡ୍ରୋମ,1801,37839,10045,0.048,2026-08-03 01:03:52,419251,68
Q202849,Turner syndrome,pa,stub,ਟਰਨਰ ਸਿੰਡਰੋਮ,5530,37839,22932,0.146,2025-10-10 17:12:06,419251,79
Q202849,Turner syndrome,sa,missing,,,37839,,,,419251,0
Q202849,Turner syndrome,sat,missing,,,37839,,,,419251,0
Q202849,Turner syndrome,sd,missing,,,37839,,,,419251,0
Q202849,Turner syndrome,ta,stub,தேர்னர் கூட்டறிகுறி,3873,37839,15091,0.102,2026-07-10 09:41:03,419251,149
Q202849,Turner syndrome,tcy,missing,,,37839,,,,419251,0
Q202849,Turner syndrome,te,stub,టర్నర్ సిండ్రోమ్,2071,37839,12248,0.055,2026-08-10 13:26:15,419251,2
Q202849,Turner syndrome,ur,missing,,,37839,,,,419251,0
Q203601,Pneumothorax,as,missing,,,34546,,,,205822,0
Q203601,Pneumothorax,bh,missing,,,34546,,,,205822,0
Q203601,Pneumothorax,bn,good,নিউমোথোরাক্স,33151,34546,143110,0.96,2026-09-24 05:30:14,205822,293
Q203601,Pneumothorax,gom,missing,,,34546,,,,205822,0
Q203601,Pneumothorax,gu,missing,,,34546,,,,205822,0
Q203601,Pneumothorax,hi,stub,वातिलवक्ष,2101,34546,5530,0.061,2020-06-15 15:43:37,205822,105
Q203601,Pneumothorax,kn,stub,ಗಾಳಿತುಂಬಿದೆದೆ,3030,34546,10552,0.088,2026-08-08 00:07:05,205822,166
Q203601,Pneumothorax,ks,missing,,,34546,,,,205822,0
Q203601,Pneumothorax,mai,missing,,,34546,,,,205822,0
Q203601,Pneumothorax,ml,missing,,,34546,,,,205822,0
Q203601,Pneumothorax,mni,missing,,,34546,,,,205822,0
Q203601,Pneumothorax,mr,missing,,,34546,,,,205822,0
Q203601,Pneumothorax,ne,missing,,,34546,,,,205822,0
Q203601,Pneumothorax,or,stub,ନିମୋଥୋରାକ୍ସ,2372,34546,11470,0.069,2026-08-02 16:34:25,205822,63
Q203601,Pneumothorax,pa,missing,,,34546,,,,205822,0
Q203601,Pneumothorax,sa,missing,,,34546,,,,205822,0
Q203601,Pneumothorax,sat,missing,,,34546,,,,205822,0
Q203601,Pneumothorax,sd,missing,,,34546,,,,205822,0
Q203601,Pneumothorax,ta,stub,நுரையீரல் சவ்விடை வளிமத்தேக்கம்,4811,34546,18670,0.139,2018-05-10 01:17:10,205822,517
Q203601,Pneumothorax,tcy,missing,,,34546,,,,205822,0
Q203601,Pneumothorax,te,missing,,,34546,,,,205822,0
Q203601,Pneumothorax,ur,missing,,,34546,,,,205822,0
Q2046113,Visceral leishmaniasis,as,missing,,,26594,,,,48854,0
Q2046113,Visceral leishmaniasis,bh,missing,,,26594,,,,48854,0
Q2046113,Visceral leishmaniasis,bn,stub,কালা জ্বর,2634,26594,10226,0.099,2024-12-16 11:08:37,48854,2180
Q2046113,Visceral leishmaniasis,gom,missing,,,26594,,,,48854,0
Q2046113,Visceral leishmaniasis,gu,missing,,,26594,,,,48854,0
Q2046113,Visceral leishmaniasis,hi,missing,,,26594,,,,48854,0
Q2046113,Visceral leishmaniasis,kn,missing,,,26594,,,,48854,0
Q2046113,Visceral leishmaniasis,ks,missing,,,26594,,,,48854,0
Q2046113,Visceral leishmaniasis,mai,missing,,,26594,,,,48854,0
Q2046113,Visceral leishmaniasis,ml,stub,കരിമ്പനി,1724,26594,7227,0.065,2022-10-17 10:56:07,48854,374
Q2046113,Visceral leishmaniasis,mni,missing,,,26594,,,,48854,0
Q2046113,Visceral leishmaniasis,mr,stub,काला आजार,75,26594,308,0.003,2024-11-26 18:38:02,48854,143
Q2046113,Visceral leishmaniasis,ne,stub,कालाजार,3249,26594,11206,0.122,2026-08-22 21:54:07,48854,153
Q2046113,Visceral leishmaniasis,or,partial,କାଲାଆଜାର,7284,26594,29296,0.274,2026-09-23 23:08:41,48854,134
Q2046113,Visceral leishmaniasis,pa,missing,,,26594,,,,48854,0
Q2046113,Visceral leishmaniasis,sa,missing,,,26594,,,,48854,0
Q2046113,Visceral leishmaniasis,sat,missing,,,26594,,,,48854,0
Q2046113,Visceral leishmaniasis,sd,missing,,,26594,,,,48854,0
Q2046113,Visceral leishmaniasis,ta,stub,கருங் காய்ச்சல்,1713,26594,7711,0.064,2024-08-20 00:07:12,48854,144
Q2046113,Visceral leishmaniasis,tcy,missing,,,26594,,,,48854,0
Q2046113,Visceral leishmaniasis,te,missing,,,26594,,,,48854,0
Q2046113,Visceral leishmaniasis,ur,stub,کالا آزر,145,26594,672,0.005,2026-04-26 06:08:55,48854,50
Q204933,Decapitation,as,missing,,,29913,,,,435636,0
Q204933,Decapitation,bh,missing,,,29913,,,,435636,0
Q204933,Decapitation,bn,good,শিরশ্ছেদ,27826,29913,139935,0.93,2026-07-28 07:34:39,435636,103
Q204933,Decapitation,gom,missing,,,29913,,,,435636,0
Q204933,Decapitation,gu,missing,,,29913,,,,435636,0
Q204933,Decapitation,hi,stub,शिरच्छेद,1837,29913,8555,0.061,2026-09-13 12:26:29,435636,0
Q204933,Decapitation,kn,missing,,,29913,,,,435636,0
Q204933,Decapitation,ks,missing,,,29913,,,,435636,0
Q204933,Decapitation,mai,missing,,,29913,,,,435636,0
Q204933,Decapitation,ml,good,ശിരഛേദം,15765,29913,58922,0.527,2024-02-04 04:16:28,435636,176
Q204933,Decapitation,mni,missing,,,29913,,,,435636,0
Q204933,Decapitation,mr,stub,शिरच्छेद,1112,29913,7658,0.037,2026-08-23 20:05:19,435636,184
Q204933,Decapitation,ne,missing,,,29913,,,,435636,0
Q204933,Decapitation,or,missing,,,29913,,,,435636,0
Q204933,Decapitation,pa,missing,,,29913,,,,435636,0
Q204933,Decapitation,sa,missing,,,29913,,,,435636,0
Q204933,Decapitation,sat,missing,,,29913,,,,435636,0
Q204933,Decapitation,sd,missing,,,29913,,,,435636,0
Q204933,Decapitation,ta,missing,,,29913,,,,435636,0
Q204933,Decapitation,tcy,missing,,,29913,,,,435636,0
Q204933,Decapitation,te,missing,,,29913,,,,435636,0
Q204933,Decapitation,ur,stub,سربریدگی,1437,29913,9710,0.048,2026-08-06 05:22:43,435636,568
Q205764,Endometriosis,as,missing,,,44908,,,,860903,0
Q205764,Endometriosis,bh,missing,,,44908,,,,860903,0
Q205764,Endometriosis,bn,missing,,,44908,,,,860903,0
Q205764,Endometriosis,gom,missing,,,44908,,,,860903,0
Q205764,Endometriosis,gu,missing,,,44908,,,,860903,0
Q205764,Endometriosis,hi,stub,एंडोमेट्रियोसिस,2502,44908,8925,0.056,2026-06-17 21:35:48,860903,89
Q205764,Endometriosis,kn,missing,,,44908,,,,860903,0
Q205764,Endometriosis,ks,missing,,,44908,,,,860903,0
Q205764,Endometriosis,mai,missing,,,44908,,,,860903,0
Q205764,Endometriosis,ml,partial,എൻഡോമെട്രിയോസിസ്,13310,44908,65499,0.296,2026-07-09 18:45:10,860903,2156
Q205764,Endometriosis,mni,missing,,,44908,,,,860903,0
Q205764,Endometriosis,mr,missing,,,44908,,,,860903,0
Q205764,Endometriosis,ne,missing,,,44908,,,,860903,0
Q205764,Endometriosis,or,stub,ଏଣ୍ଡୋମେଟ୍ରିଓସିସ,1947,44908,8970,0.043,2022-04-26 08:02:42,860903,102
Q205764,Endometriosis,pa,missing,,,44908,,,,860903,0
Q205764,Endometriosis,sa,missing,,,44908,,,,860903,0
Q205764,Endometriosis,sat,missing,,,44908,,,,860903,0
Q205764,Endometriosis,sd,missing,,,44908,,,,860903,0
Q205764,Endometriosis,ta,good,இடமகல் கருப்பை அகப்படலம்,69108,44908,285181,1.0,2026-09-22 21:57:07,860903,1652
Q205764,Endometriosis,tcy,missing,,,44908,,,,860903,0
Q205764,Endometriosis,te,partial,ఎండోమెట్రియోసిస్,8737,44908,36305,0.195,2026-09-14 02:26:06,860903,915
Q205764,Endometriosis,ur,stub,رحم کی اندرونی جھلی کا ہٹنا,2782,44908,12242,0.062,2025-09-09 15:26:32,860903,415
Q20579501,Transsexual,as,missing,,,40546,,,,158334,0
Q20579501,Transsexual,bh,missing,,,40546,,,,158334,0
Q20579501,Transsexual,bn,missing,,,40546,,,,158334,0
Q20579501,Transsexual,gom,missing,,,40546,,,,158334,0
Q20579501,Transsexual,gu,missing,,,40546,,,,158334,0
Q20579501,Transsexual,hi,missing,,,40546,,,,158334,0
Q20579501,Transsexual,kn,missing,,,40546,,,,158334,0
Q20579501,Transsexual,ks,missing,,,40546,,,,158334,0
Q20579501,Transsexual,mai,missing,,,40546,,,,158334,0
Q20579501,Transsexual,ml,missing,,,40546,,,,158334,0
Q20579501,Transsexual,mni,missing,,,40546,,,,158334,0
Q20579501,Transsexual,mr,missing,,,40546,,,,158334,0
Q20579501,Transsexual,ne,missing,,,40546,,,,158334,0
Q20579501,Transsexual,or,missing,,,40546,,,,158334,0
Q20579501,Transsexual,pa,missing,,,40546,,,,158334,0
Q20579501,Transsexual,sa,missing,,,40546,,,,158334,0
Q20579501,Transsexual,sat,missing,,,40546,,,,158334,0
Q20579501,Transsexual,sd,missing,,,40546,,,,158334,0
Q20579501,Transsexual,ta,missing,,,40546,,,,158334,0
Q20579501,Transsexual,tcy,missing,,,40546,,,,158334,0
Q20579501,Transsexual,te,missing,,,40546,,,,158334,0
Q20579501,Transsexual,ur,missing,,,40546,,,,158334,0
Q205835,Snoring,as,missing,,,32912,,,,39135,0
Q205835,Snoring,bh,missing,,,32912,,,,39135,0
Q205835,Snoring,bn,missing,,,32912,,,,39135,0
Q205835,Snoring,gom,missing,,,32912,,,,39135,0
Q205835,Snoring,gu,missing,,,32912,,,,39135,0
Q205835,Snoring,hi,stub,खर्राटे,2819,32912,8088,0.086,2025-01-19 18:29:11,39135,152
Q205835,Snoring,kn,partial,ಗೊರಕೆ ಹೊಡೆಯುವುದು,11128,32912,36908,0.338,2026-03-23 01:35:54,39135,198
Q205835,Snoring,ks,missing,,,32912,,,,39135,0
Q205835,Snoring,mai,missing,,,32912,,,,39135,0
Q205835,Snoring,ml,stub,കൂർക്കം വലി,468,32912,1718,0.014,2016-07-08 15:35:06,39135,180
Q205835,Snoring,mni,missing,,,32912,,,,39135,0
Q205835,Snoring,mr,missing,,,32912,,,,39135,0
Q205835,Snoring,ne,missing,,,32912,,,,39135,0
Q205835,Snoring,or,missing,,,32912,,,,39135,0
Q205835,Snoring,pa,missing,,,32912,,,,39135,0
Q205835,Snoring,sa,missing,,,32912,,,,39135,0
Q205835,Snoring,sat,missing,,,32912,,,,39135,0
Q205835,Snoring,sd,stub,کونگهرا,3571,32912,6456,0.109,2025-06-10 19:44:44,39135,36
Q205835,Snoring,ta,stub,குறட்டை,284,32912,1201,0.009,2026-03-03 06:17:26,39135,89
Q205835,Snoring,tcy,missing,,,32912,,,,39135,0
Q205835,Snoring,te,stub,గురక,1356,32912,4249,0.041,2024-08-27 06:56:12,39135,514
Q205835,Snoring,ur,stub,خراٹے,2027,32912,4689,0.062,2026-04-28 03:28:50,39135,109
Q205972,Alcohol intoxication,as,missing,,,17107,,,,149533,0
Q205972,Alcohol intoxication,bh,missing,,,17107,,,,149533,0
Q205972,Alcohol intoxication,bn,good,অ্যালকোহল বিষক্রিয়া,14533,17107,75233,0.85,2026-09-24 00:35:13,149533,102
Q205972,Alcohol intoxication,gom,missing,,,17107,,,,149533,0
Q205972,Alcohol intoxication,gu,missing,,,17107,,,,149533,0
Q205972,Alcohol intoxication,hi,stub,अल्कोहल पॉइज़निंग,2083,17107,5914,0.122,2024-03-23 07:26:52,149533,96
Q205972,Alcohol intoxication,kn,missing,,,17107,,,,149533,0
Q205972,Alcohol intoxication,ks,missing,,,17107,,,,149533,0
Q205972,Alcohol intoxication,mai,missing,,,17107,,,,149533,0
Q205972,Alcohol intoxication,ml,missing,,,17107,,,,149533,0
Q205972,Alcohol intoxication,mni,missing,,,17107,,,,149533,0
Q205972,Alcohol intoxication,mr,missing,,,17107,,,,149533,0
Q205972,Alcohol intoxication,ne,missing,,,17107,,,,149533,0
Q205972,Alcohol intoxication,or,stub,ଆଲକ‌ହଲ ନିଶା,2080,17107,12614,0.122,2024-12-06 20:26:35,149533,86
Q205972,Alcohol intoxication,pa,missing,,,17107,,,,149533,0
Q205972,Alcohol intoxication,sa,missing,,,17107,,,,149533,0
Q205972,Alcohol intoxication,sat,missing,,,17107,,,,149533,0
Q205972,Alcohol intoxication,sd,missing,,,17107,,,,149533,0
Q205972,Alcohol intoxication,ta,missing,,,17107,,,,149533,0
Q205972,Alcohol intoxication,tcy,missing,,,17107,,,,149533,0
Q205972,Alcohol intoxication,te,missing,,,17107,,,,149533,0
Q205972,Alcohol intoxication,ur,stub,نشہ آوری,1075,17107,3618,0.063,2026-09-27 07:40:30,149533,108
Q206060,Scar,as,missing,,,19501,,,,119023,0
Q206060,Scar,bh,missing,,,19501,,,,119023,0
Q206060,Scar,bn,missing,,,19501,,,,119023,0
Q206060,Scar,gom,missing,,,19501,,,,119023,0
Q206060,Scar,gu,missing,,,19501,,,,119023,0
Q206060,Scar,hi,stub,निशान ऊतक,633,19501,2797,0.032,2026-02-18 01:30:52,119023,196
Q206060,Scar,kn,stub,ಗಾಯದ ಕಲೆ,1818,19501,6000,0.093,2026-03-22 23:45:04,119023,148
Q206060,Scar,ks,missing,,,19501,,,,119023,0
Q206060,Scar,mai,missing,,,19501,,,,119023,0
Q206060,Scar,ml,good,വടു,12040,19501,54552,0.617,2026-09-19 05:49:42,119023,292
Q206060,Scar,mni,missing,,,19501,,,,119023,0
Q206060,Scar,mr,missing,,,19501,,,,119023,0
Q206060,Scar,ne,missing,,,19501,,,,119023,0
Q206060,Scar,or,missing,,,19501,,,,119023,0
Q206060,Scar,pa,missing,,,19501,,,,119023,0
Q206060,Scar,sa,missing,,,19501,,,,119023,0
Q206060,Scar,sat,missing,,,19501,,,,119023,0
Q206060,Scar,sd,missing,,,19501,,,,119023,0
Q206060,Scar,ta,stub,வடு,621,19501,2576,0.032,2021-12-27 18:40:50,119023,262
Q206060,Scar,tcy,missing,,,19501,,,,119023,0
Q206060,Scar,te,missing,,,19501,,,,119023,0
Q206060,Scar,ur,missing,,,19501,,,,119023,0
Q207334,Hangover,as,missing,,,26139,,,,128663,0
Q207334,Hangover,bh,missing,,,26139,,,,128663,0
Q207334,Hangover,bn,missing,,,26139,,,,128663,0
Q207334,Hangover,gom,missing,,,26139,,,,128663,0
Q207334,Hangover,gu,missing,,,26139,,,,128663,0
Q207334,Hangover,hi,stub,हैंगओवर,3077,26139,11789,0.118,2026-09-24 02:36:12,128663,52
Q207334,Hangover,kn,missing,,,26139,,,,128663,0
Q207334,Hangover,ks,missing,,,26139,,,,128663,0
Q207334,Hangover,mai,missing,,,26139,,,,128663,0
Q207334,Hangover,ml,stub,കെട്ട് (മദ്യപാനം),930,26139,3156,0.036,2021-08-12 13:17:00,128663,95
Q207334,Hangover,mni,missing,,,26139,,,,128663,0
Q207334,Hangover,mr,missing,,,26139,,,,128663,0
Q207334,Hangover,ne,missing,,,26139,,,,128663,0
Q207334,Hangover,or,missing,,,26139,,,,128663,0
Q207334,Hangover,pa,missing,,,26139,,,,128663,0
Q207334,Hangover,sa,missing,,,26139,,,,128663,0
Q207334,Hangover,sat,missing,,,26139,,,,128663,0
Q207334,Hangover,sd,missing,,,26139,,,,128663,0
Q207334,Hangover,ta,missing,,,26139,,,,128663,0
Q207334,Hangover,tcy,missing,,,26139,,,,128663,0
Q207334,Hangover,te,good,హ్యాంగోవర్,22481,26139,96093,0.86,2026-09-24 21:20:55,128663,552
Q207334,Hangover,ur,missing,,,26139,,,,128663,0
Q207367,Infectious mononucleosis,as,missing,,,20604,,,,448335,0
Q207367,Infectious mononucleosis,bh,missing,,,20604,,,,448335,0
Q207367,Infectious mononucleosis,bn,missing,,,20604,,,,448335,0
Q207367,Infectious mononucleosis,gom,missing,,,20604,,,,448335,0
Q207367,Infectious mononucleosis,gu,missing,,,20604,,,,448335,0
Q207367,Infectious mononucleosis,hi,stub,संक्रामक मोनोन्यूक्लिओसिस,1371,20604,5101,0.067,2026-09-10 05:04:04,448335,0
Q207367,Infectious mononucleosis,kn,missing,,,20604,,,,448335,0
Q207367,Infectious mononucleosis,ks,missing,,,20604,,,,448335,0
Q207367,Infectious mononucleosis,mai,missing,,,20604,,,,448335,0
Q207367,Infectious mononucleosis,ml,missing,,,20604,,,,448335,0
Q207367,Infectious mononucleosis,mni,missing,,,20604,,,,448335,0
Q207367,Infectious mononucleosis,mr,missing,,,20604,,,,448335,0
Q207367,Infectious mononucleosis,ne,missing,,,20604,,,,448335,0
Q207367,Infectious mononucleosis,or,stub,ଇନଫେକ୍‌ସସ୍ ମୋନୋନ୍ୟୁକ୍ଲିଓସିସ,2125,20604,9882,0.103,2026-08-03 03:53:54,448335,71
Q207367,Infectious mononucleosis,pa,missing,,,20604,,,,448335,0
Q207367,Infectious mononucleosis,sa,missing,,,20604,,,,448335,0
Q207367,Infectious mononucleosis,sat,missing,,,20604,,,,448335,0
Q207367,Infectious mononucleosis,sd,missing,,,20604,,,,448335,0
Q207367,Infectious mononucleosis,ta,partial,சுரப்பிக் காய்ச்சல்,3702,20604,19719,0.18,2026-07-20 17:25:23,448335,187
Q207367,Infectious mononucleosis,tcy,missing,,,20604,,,,448335,0
Q207367,Infectious mononucleosis,te,stub,ఇన్ఫెక్షియస్ మోనోన్యూక్లియోసిస్,2217,20604,11501,0.108,2026-09-24 15:15:36,448335,0
Q207367,Infectious mononucleosis,ur,missing,,,20604,,,,448335,0
Q207855,Amblyopia,as,missing,,,14843,,,,450697,0
Q207855,Amblyopia,bh,missing,,,14843,,,,450697,0
Q207855,Amblyopia,bn,missing,,,14843,,,,450697,0
Q207855,Amblyopia,gom,missing,,,14843,,,,450697,0
Q207855,Amblyopia,gu,missing,,,14843,,,,450697,0
Q207855,Amblyopia,hi,stub,मंददृष्टि,1954,14843,5456,0.132,2022-10-30 02:38:15,450697,91
Q207855,Amblyopia,kn,missing,,,14843,,,,450697,0
Q207855,Amblyopia,ks,missing,,,14843,,,,450697,0
Q207855,Amblyopia,mai,missing,,,14843,,,,450697,0
Q207855,Amblyopia,ml,partial,ആംബ്ലിയോപ്പിയ,5128,14843,24247,0.345,2026-07-16 10:15:15,450697,261
Q207855,Amblyopia,mni,missing,,,14843,,,,450697,0
Q207855,Amblyopia,mr,missing,,,14843,,,,450697,0
Q207855,Amblyopia,ne,missing,,,14843,,,,450697,0
Q207855,Amblyopia,or,stub,କ୍ଷୀଣ ଦୃଷ୍ଟି,1456,14843,6975,0.098,2022-12-17 10:33:09,450697,54
Q207855,Amblyopia,pa,missing,,,14843,,,,450697,0
Q207855,Amblyopia,sa,missing,,,14843,,,,450697,0
Q207855,Amblyopia,sat,missing,,,14843,,,,450697,0
Q207855,Amblyopia,sd,missing,,,14843,,,,450697,0
Q207855,Amblyopia,ta,stub,சோம்பேறி கண்,2101,14843,6329,0.142,2023-12-23 15:38:48,450697,216
Q207855,Amblyopia,tcy,missing,,,14843,,,,450697,0
Q207855,Amblyopia,te,stub,అంబ్లియోపియా,1963,14843,9973,0.132,2024-12-20 08:00:19,450697,104
Q207855,Amblyopia,ur,stub,کم نظری,931,14843,2427,0.063,2025-02-17 01:03:12,450697,44
Q208166,Borderline personality disorder,as,missing,,,57920,,,,1299596,0
Q208166,Borderline personality disorder,bh,missing,,,57920,,,,1299596,0
Q208166,Borderline personality disorder,bn,stub,বর্ডারলাইন পারসনালিটি ডিজর্ডার,1132,57920,4890,0.02,2025-12-03 06:21:07,1299596,541
Q208166,Borderline personality disorder,gom,missing,,,57920,,,,1299596,0
Q208166,Borderline personality disorder,gu,missing,,,57920,,,,1299596,0
Q208166,Borderline personality disorder,hi,stub,सीमांत व्यक्तित्व विकार,1210,57920,8228,0.021,2026-06-27 17:46:21,1299596,49
Q208166,Borderline personality disorder,kn,good,ಆಂತರಿಕ ವ್ಯಕ್ತಿತ್ವ ಅಸ್ವಸ್ಥತೆ,47074,57920,189543,0.813,2026-08-12 01:56:59,1299596,413
Q208166,Borderline personality disorder,ks,missing,,,57920,,,,1299596,0
Q208166,Borderline personality disorder,mai,missing,,,57920,,,,1299596,0
Q208166,Borderline personality disorder,ml,stub,ബോർഡർലൈൻ പേഴ്സണാലിറ്റി ഡിസോർഡർ,8644,57920,37897,0.149,2026-07-10 03:30:55,1299596,2614
Q208166,Borderline personality disorder,mni,missing,,,57920,,,,1299596,0
Q208166,Borderline personality disorder,mr,missing,,,57920,,,,1299596,0
Q208166,Borderline personality disorder,ne,missing,,,57920,,,,1299596,0
Q208166,Borderline personality disorder,or,stub,ବର୍ଡର ଲାଇନ ପର୍ସନାଲିଟି ଡିଜଅର୍ଡ଼ର,1770,57920,7838,0.031,2026-08-03 01:52:06,1299596,71
Q208166,Borderline personality disorder,pa,missing,,,57920,,,,1299596,0
Q208166,Borderline personality disorder,sa,missing,,,57920,,,,1299596,0
Q208166,Borderline personality disorder,sat,missing,,,57920,,,,1299596,0
Q208166,Borderline personality disorder,sd,missing,,,57920,,,,1299596,0
Q208166,Borderline personality disorder,ta,missing,,,57920,,,,1299596,0
Q208166,Borderline personality disorder,tcy,missing,,,57920,,,,1299596,0
Q208166,Borderline personality disorder,te,stub,బోర్డర్లైన్ పర్సనాలిటీ డిజార్డర్,2249,57920,12955,0.039,2026-08-10 13:00:17,1299596,5
Q208166,Borderline personality disorder,ur,stub,حد فاضل کا شخصیتی اختلال,2325,57920,11944,0.04,2025-03-10 05:02:28,1299596,449
Q208414,Lymphoma,as,stub,লিম্ফ'মা,2464,22968,18316,0.107,2026-08-26 14:13:53,517389,255
Q208414,Lymphoma,bh,missing,,,22968,,,,517389,0
Q208414,Lymphoma,bn,stub,লিম্ফোমা,1662,22968,16440,0.072,2025-02-16 08:01:11,517389,518
Q208414,Lymphoma,gom,missing,,,22968,,,,517389,0
Q208414,Lymphoma,gu,missing,,,22968,,,,517389,0
Q208414,Lymphoma,hi,stub,लिम्फोमा,1235,22968,5171,0.054,2026-07-07 15:43:11,517389,212
Q208414,Lymphoma,kn,missing,,,22968,,,,517389,0
Q208414,Lymphoma,ks,missing,,,22968,,,,517389,0
Q208414,Lymphoma,mai,missing,,,22968,,,,517389,0
Q208414,Lymphoma,ml,stub,ലിംഫോമ,823,22968,2952,0.036,2017-01-09 06:30:15,517389,292
Q208414,Lymphoma,mni,missing,,,22968,,,,517389,0
Q208414,Lymphoma,mr,missing,,,22968,,,,517389,0
Q208414,Lymphoma,ne,missing,,,22968,,,,517389,0
Q208414,Lymphoma,or,stub,ଲିମ୍ଫୋମା,1686,22968,8879,0.073,2026-08-14 01:54:52,517389,86
Q208414,Lymphoma,pa,missing,,,22968,,,,517389,0
Q208414,Lymphoma,sa,missing,,,22968,,,,517389,0
Q208414,Lymphoma,sat,missing,,,22968,,,,517389,0
Q208414,Lymphoma,sd,missing,,,22968,,,,517389,0
Q208414,Lymphoma,ta,good,நிணநீர்க்குழியப் புற்றுநோய்,17158,22968,79164,0.747,2026-07-20 12:07:37,517389,1590
Q208414,Lymphoma,tcy,missing,,,22968,,,,517389,0
Q208414,Lymphoma,te,stub,లింఫోమా,2391,22968,15031,0.104,2026-10-01 23:31:43,517389,154
Q208414,Lymphoma,ur,missing,,,22968,,,,517389,0
Q209647,Delirium tremens,as,missing,,,15558,,,,279785,0
Q209647,Delirium tremens,bh,missing,,,15558,,,,279785,0
Q209647,Delirium tremens,bn,missing,,,15558,,,,279785,0
Q209647,Delirium tremens,gom,missing,,,15558,,,,279785,0
Q209647,Delirium tremens,gu,missing,,,15558,,,,279785,0
Q209647,Delirium tremens,hi,good,डेलेरियम त्रेमेंस,8387,15558,26213,0.539,2024-07-20 17:18:37,279785,108
Q209647,Delirium tremens,kn,missing,,,15558,,,,279785,0
Q209647,Delirium tremens,ks,missing,,,15558,,,,279785,0
Q209647,Delirium tremens,mai,missing,,,15558,,,,279785,0
Q209647,Delirium tremens,ml,missing,,,15558,,,,279785,0
Q209647,Delirium tremens,mni,missing,,,15558,,,,279785,0
Q209647,Delirium tremens,mr,stub,डिलीरियम ट्रेमन्स,608,15558,1830,0.039,2022-05-26 11:07:14,279785,91
Q209647,Delirium tremens,ne,missing,,,15558,,,,279785,0
Q209647,Delirium tremens,or,stub,କମ୍ପୋନ୍ମାଦ,1605,15558,8046,0.103,2026-08-03 03:21:37,279785,50
Q209647,Delirium tremens,pa,missing,,,15558,,,,279785,0
Q209647,Delirium tremens,sa,missing,,,15558,,,,279785,0
Q209647,Delirium tremens,sat,missing,,,15558,,,,279785,0
Q209647,Delirium tremens,sd,missing,,,15558,,,,279785,0
Q209647,Delirium tremens,ta,missing,,,15558,,,,279785,0
Q209647,Delirium tremens,tcy,missing,,,15558,,,,279785,0
Q209647,Delirium tremens,te,stub,డెలిరియం ట్రెమెన్స్,2266,15558,11890,0.146,2026-09-16 11:18:39,279785,0
Q209647,Delirium tremens,ur,missing,,,15558,,,,279785,0
Q209789,Belching,as,missing,,,8157,,,,48133,0
Q209789,Belching,bh,missing,,,8157,,,,48133,0
Q209789,Belching,bn,missing,,,8157,,,,48133,0
Q209789,Belching,gom,missing,,,8157,,,,48133,0
Q209789,Belching,gu,missing,,,8157,,,,48133,0
Q209789,Belching,hi,stub,डकारना,598,8157,3390,0.073,2025-08-03 05:10:12,48133,65
Q209789,Belching,kn,stub,ತೇಗುವಿಕೆ,673,8157,2078,0.083,2026-03-23 22:05:19,48133,96
Q209789,Belching,ks,missing,,,8157,,,,48133,0
Q209789,Belching,mai,missing,,,8157,,,,48133,0
Q209789,Belching,ml,stub,ഏമ്പക്കം,912,8157,2649,0.112,2013-04-07 04:07:12,48133,451
Q209789,Belching,mni,missing,,,8157,,,,48133,0
Q209789,Belching,mr,missing,,,8157,,,,48133,0
Q209789,Belching,ne,missing,,,8157,,,,48133,0
Q209789,Belching,or,missing,,,8157,,,,48133,0
Q209789,Belching,pa,missing,,,8157,,,,48133,0
Q209789,Belching,sa,missing,,,8157,,,,48133,0
Q209789,Belching,sat,missing,,,8157,,,,48133,0
Q209789,Belching,sd,stub,اوڳرائي,640,8157,1867,0.078,2025-02-16 13:21:13,48133,59
Q209789,Belching,ta,partial,ஏப்பம்,2203,8157,6756,0.27,2019-07-20 15:40:43,48133,787
Q209789,Belching,tcy,missing,,,8157,,,,48133,0
Q209789,Belching,te,partial,త్రేన్పు,1301,8157,3938,0.159,2023-04-03 13:39:49,48133,639
Q209789,Belching,ur,missing,,,8157,,,,48133,0
Q210975,Mycoplasma,as,missing,,,10429,,,,108192,0
Q210975,Mycoplasma,bh,missing,,,10429,,,,108192,0
Q210975,Mycoplasma,bn,stub,মাইকোপ্লাজমা,1058,10429,4236,0.101,2024-12-20 16:13:22,108192,349
Q210975,Mycoplasma,gom,missing,,,10429,,,,108192,0
Q210975,Mycoplasma,gu,missing,,,10429,,,,108192,0
Q210975,Mycoplasma,hi,missing,,,10429,,,,108192,0
Q210975,Mycoplasma,kn,missing,,,10429,,,,108192,0
Q210975,Mycoplasma,ks,missing,,,10429,,,,108192,0
Q210975,Mycoplasma,mai,missing,,,10429,,,,108192,0
Q210975,Mycoplasma,ml,partial,മൈക്കോപ്ലാസ്മ,3428,10429,10582,0.329,2025-07-08 05:28:37,108192,217
Q210975,Mycoplasma,mni,missing,,,10429,,,,108192,0
Q210975,Mycoplasma,mr,missing,,,10429,,,,108192,0
Q210975,Mycoplasma,ne,missing,,,10429,,,,108192,0
Q210975,Mycoplasma,or,missing,,,10429,,,,108192,0
Q210975,Mycoplasma,pa,missing,,,10429,,,,108192,0
Q210975,Mycoplasma,sa,missing,,,10429,,,,108192,0
Q210975,Mycoplasma,sat,missing,,,10429,,,,108192,0
Q210975,Mycoplasma,sd,missing,,,10429,,,,108192,0
Q210975,Mycoplasma,ta,stub,மைக்கோபிளாஸ்மா,964,10429,4653,0.092,2024-07-19 20:24:28,108192,246
Q210975,Mycoplasma,tcy,missing,,,10429,,,,108192,0
Q210975,Mycoplasma,te,missing,,,10429,,,,108192,0
Q210975,Mycoplasma,ur,missing,,,10429,,,,108192,0
Q213373,Ataxia,as,missing,,,22694,,,,245145,0
Q213373,Ataxia,bh,missing,,,22694,,,,245145,0
Q213373,Ataxia,bn,good,অ্যাটাক্সিয়া,24980,22694,122872,1.0,2026-07-14 15:51:16,245145,107
Q213373,Ataxia,gom,missing,,,22694,,,,245145,0
Q213373,Ataxia,gu,missing,,,22694,,,,245145,0
Q213373,Ataxia,hi,stub,गतिविभ्रम,1480,22694,6991,0.065,2026-08-21 07:00:28,245145,49
Q213373,Ataxia,kn,missing,,,22694,,,,245145,0
Q213373,Ataxia,ks,missing,,,22694,,,,245145,0
Q213373,Ataxia,mai,missing,,,22694,,,,245145,0
Q213373,Ataxia,ml,missing,,,22694,,,,245145,0
Q213373,Ataxia,mni,missing,,,22694,,,,245145,0
Q213373,Ataxia,mr,missing,,,22694,,,,245145,0
Q213373,Ataxia,ne,missing,,,22694,,,,245145,0
Q213373,Ataxia,or,stub,ଆଟାକ୍ସିଆ,923,22694,4314,0.041,2023-02-13 00:11:50,245145,68
Q213373,Ataxia,pa,missing,,,22694,,,,245145,0
Q213373,Ataxia,sa,missing,,,22694,,,,245145,0
Q213373,Ataxia,sat,missing,,,22694,,,,245145,0
Q213373,Ataxia,sd,missing,,,22694,,,,245145,0
Q213373,Ataxia,ta,missing,,,22694,,,,245145,0
Q213373,Ataxia,tcy,missing,,,22694,,,,245145,0
Q213373,Ataxia,te,stub,అటాక్సియా,912,22694,4814,0.04,2026-09-25 18:02:48,245145,0
Q213373,Ataxia,ur,stub,اختلال عضلات,234,22694,721,0.01,2026-04-01 11:32:33,245145,40
Q213600,Sleep apnea,as,missing,,,33407,,,,307573,0
Q213600,Sleep apnea,bh,missing,,,33407,,,,307573,0
Q213600,Sleep apnea,bn,partial,নিদ্রাকালীন শ্বাসব্যাঘাত,10796,33407,39119,0.323,2026-03-18 13:10:50,307573,1077
Q213600,Sleep apnea,gom,missing,,,33407,,,,307573,0
Q213600,Sleep apnea,gu,missing,,,33407,,,,307573,0
Q213600,Sleep apnea,hi,stub,निद्राश्वसन-अवरोध,2262,33407,8300,0.068,2026-09-01 20:27:11,307573,44
Q213600,Sleep apnea,kn,missing,,,33407,,,,307573,0
Q213600,Sleep apnea,ks,missing,,,33407,,,,307573,0
Q213600,Sleep apnea,mai,missing,,,33407,,,,307573,0
Q213600,Sleep apnea,ml,missing,,,33407,,,,307573,0
Q213600,Sleep apnea,mni,missing,,,33407,,,,307573,0
Q213600,Sleep apnea,mr,missing,,,33407,,,,307573,0
Q213600,Sleep apnea,ne,missing,,,33407,,,,307573,0
Q213600,Sleep apnea,or,stub,ନିଦ୍ରା ଶ୍ୱାସରୋଧ,1980,33407,9300,0.059,2017-08-30 21:38:24,307573,64
Q213600,Sleep apnea,pa,missing,,,33407,,,,307573,0
Q213600,Sleep apnea,sa,missing,,,33407,,,,307573,0
Q213600,Sleep apnea,sat,missing,,,33407,,,,307573,0
Q213600,Sleep apnea,sd,missing,,,33407,,,,307573,0
Q213600,Sleep apnea,ta,missing,,,33407,,,,307573,0
Q213600,Sleep apnea,tcy,missing,,,33407,,,,307573,0
Q213600,Sleep apnea,te,partial,నిద్రలో శ్వాసకు అంతరాయాలు,11110,33407,35108,0.333,2026-02-22 20:13:10,307573,826
Q213600,Sleep apnea,ur,stub,سلیپ ایپنیا,292,33407,5881,0.009,2026-07-29 04:47:52,307573,280
Q2138622,Nutrition,as,missing,,,20821,,,,98127,0
Q2138622,Nutrition,bh,missing,,,20821,,,,98127,0
Q2138622,Nutrition,bn,good,পুষ্টি,18411,20821,49606,0.884,2026-06-21 19:49:54,98127,4174
Q2138622,Nutrition,gom,missing,,,20821,,,,98127,0
Q2138622,Nutrition,gu,missing,,,20821,,,,98127,0
Q2138622,Nutrition,hi,good,पोषण,14375,20821,39588,0.69,2025-04-03 03:04:48,98127,1420
Q2138622,Nutrition,kn,good,ಪೋಷಣಶಾಸ್ತ್ರ,64995,20821,214295,1.0,2026-09-03 05:05:51,98127,739
Q2138622,Nutrition,ks,missing,,,20821,,,,98127,0
Q2138622,Nutrition,mai,missing,,,20821,,,,98127,0
Q2138622,Nutrition,ml,partial,പോഷണം,5985,20821,21203,0.287,2026-07-16 03:31:25,98127,702
Q2138622,Nutrition,mni,missing,,,20821,,,,98127,0
Q2138622,Nutrition,mr,missing,,,20821,,,,98127,0
Q2138622,Nutrition,ne,missing,,,20821,,,,98127,0
Q2138622,Nutrition,or,missing,,,20821,,,,98127,0
Q2138622,Nutrition,pa,missing,,,20821,,,,98127,0
Q2138622,Nutrition,sa,missing,,,20821,,,,98127,0
Q2138622,Nutrition,sat,missing,,,20821,,,,98127,0
Q2138622,Nutrition,sd,missing,,,20821,,,,98127,0
Q2138622,Nutrition,ta,good,ஊட்டச்சத்து,18475,20821,66366,0.887,2026-04-19 19:30:42,98127,2259
Q2138622,Nutrition,tcy,missing,,,20821,,,,98127,0
Q2138622,Nutrition,te,missing,,,20821,,,,98127,0
Q2138622,Nutrition,ur,stub,غذائیت,461,20821,2379,0.022,2026-03-15 04:16:21,98127,280
Q216866,Conjoined twins,as,missing,,,35100,,,,320138,0
Q216866,Conjoined twins,bh,missing,,,35100,,,,320138,0
Q216866,Conjoined twins,bn,partial,সংযুক্ত যমজ,6471,35100,20656,0.184,2025-10-04 07:47:37,320138,112
Q216866,Conjoined twins,gom,missing,,,35100,,,,320138,0
Q216866,Conjoined twins,gu,missing,,,35100,,,,320138,0
Q216866,Conjoined twins,hi,stub,संयुक्त जुड़वाँ,632,35100,5858,0.018,2026-09-24 10:27:25,320138,11
Q216866,Conjoined twins,kn,stub,ಸಯಾಮಿ ಅವಳಿಗಳು,1542,35100,5121,0.044,2026-03-26 06:01:11,320138,156
Q216866,Conjoined twins,ks,missing,,,35100,,,,320138,0
Q216866,Conjoined twins,mai,missing,,,35100,,,,320138,0
Q216866,Conjoined twins,ml,stub,സയാമീസ് ഇരട്ടകൾ,972,35100,4688,0.028,2021-09-03 08:12:57,320138,276
Q216866,Conjoined twins,mni,missing,,,35100,,,,320138,0
Q216866,Conjoined twins,mr,missing,,,35100,,,,320138,0
Q216866,Conjoined twins,ne,missing,,,35100,,,,320138,0
Q216866,Conjoined twins,or,missing,,,35100,,,,320138,0
Q216866,Conjoined twins,pa,missing,,,35100,,,,320138,0
Q216866,Conjoined twins,sa,missing,,,35100,,,,320138,0
Q216866,Conjoined twins,sat,missing,,,35100,,,,320138,0
Q216866,Conjoined twins,sd,missing,,,35100,,,,320138,0
Q216866,Conjoined twins,ta,stub,ஒட்டிப் பிறந்த இரட்டையர்,3051,35100,9953,0.087,2026-03-08 14:16:53,320138,249
Q216866,Conjoined twins,tcy,missing,,,35100,,,,320138,0
Q216866,Conjoined twins,te,stub,అవిభక్త కవలలు,5057,35100,18676,0.144,2026-09-28 03:13:53,320138,149
Q216866,Conjoined twins,ur,stub,چپکے ہوئے جڑواں بچے,1546,35100,6654,0.044,2026-04-30 17:10:16,320138,107
Q21698220,Antimicrobial resistance,as,missing,,,87501,,,,66301,0
Q21698220,Antimicrobial resistance,bh,missing,,,87501,,,,66301,0
Q21698220,Antimicrobial resistance,bn,stub,অণুজীব-বিরোধী প্রতিরোধ্যতা,6332,87501,32471,0.072,2026-02-07 18:18:28,66301,380
Q21698220,Antimicrobial resistance,gom,missing,,,87501,,,,66301,0
Q21698220,Antimicrobial resistance,gu,missing,,,87501,,,,66301,0
Q21698220,Antimicrobial resistance,hi,partial,प्रतिजैविक प्रतिरोध,28615,87501,103910,0.327,2026-07-03 05:14:38,66301,397
Q21698220,Antimicrobial resistance,kn,partial,ಪ್ರತಿಜೀವಕ ನಿರೋಧಕಶಕ್ತಿ,32538,87501,118726,0.372,2026-09-25 02:54:37,66301,288
Q21698220,Antimicrobial resistance,ks,missing,,,87501,,,,66301,0
Q21698220,Antimicrobial resistance,mai,missing,,,87501,,,,66301,0
Q21698220,Antimicrobial resistance,ml,stub,ആന്റീബയോട്ടിക് റെസിസ്റ്റൻസ്,8417,87501,20760,0.096,2026-07-09 23:12:24,66301,784
Q21698220,Antimicrobial resistance,mni,missing,,,87501,,,,66301,0
Q21698220,Antimicrobial resistance,mr,missing,,,87501,,,,66301,0
Q21698220,Antimicrobial resistance,ne,missing,,,87501,,,,66301,0
Q21698220,Antimicrobial resistance,or,missing,,,87501,,,,66301,0
Q21698220,Antimicrobial resistance,pa,missing,,,87501,,,,66301,0
Q21698220,Antimicrobial resistance,sa,missing,,,87501,,,,66301,0
Q21698220,Antimicrobial resistance,sat,missing,,,87501,,,,66301,0
Q21698220,Antimicrobial resistance,sd,missing,,,87501,,,,66301,0
Q21698220,Antimicrobial resistance,ta,missing,,,87501,,,,66301,0
Q21698220,Antimicrobial resistance,tcy,missing,,,87501,,,,66301,0
Q21698220,Antimicrobial resistance,te,missing,,,87501,,,,66301,0
Q21698220,Antimicrobial resistance,ur,missing,,,87501,,,,66301,0
Q217519,Bubonic plague,as,missing,,,20938,,,,861605,0
Q217519,Bubonic plague,bh,missing,,,20938,,,,861605,0
Q217519,Bubonic plague,bn,good,বিউবনিক প্লেগ,13124,20938,63072,0.627,2026-07-27 11:54:59,861605,254
Q217519,Bubonic plague,gom,missing,,,20938,,,,861605,0
Q217519,Bubonic plague,gu,missing,,,20938,,,,861605,0
Q217519,Bubonic plague,hi,stub,ग्रंथिल प्लेग,1252,20938,4597,0.06,2025-12-22 13:11:24,861605,176
Q217519,Bubonic plague,kn,missing,,,20938,,,,861605,0
Q217519,Bubonic plague,ks,missing,,,20938,,,,861605,0
Q217519,Bubonic plague,mai,missing,,,20938,,,,861605,0
Q217519,Bubonic plague,ml,stub,ബ്യൂബോണിക് പ്ലേഗ്,2463,20938,12932,0.118,2026-07-10 04:31:21,861605,150
Q217519,Bubonic plague,mni,missing,,,20938,,,,861605,0
Q217519,Bubonic plague,mr,missing,,,20938,,,,861605,0
Q217519,Bubonic plague,ne,missing,,,20938,,,,861605,0
Q217519,Bubonic plague,or,stub,ବୁବୋନିକ୍ ପ୍ଲେଗ୍,1810,20938,8022,0.086,2026-08-02 16:47:38,861605,112
Q217519,Bubonic plague,pa,missing,,,20938,,,,861605,0
Q217519,Bubonic plague,sa,missing,,,20938,,,,861605,0
Q217519,Bubonic plague,sat,missing,,,20938,,,,861605,0
Q217519,Bubonic plague,sd,missing,,,20938,,,,861605,0
Q217519,Bubonic plague,ta,stub,அரையாப்பு பிளேக்கு,1551,20938,6066,0.074,2025-09-24 07:44:25,861605,256
Q217519,Bubonic plague,tcy,missing,,,20938,,,,861605,0
Q217519,Bubonic plague,te,partial,బుబోనిక్ ప్లేగ్,3332,20938,16974,0.159,2026-09-24 18:02:34,861605,0
Q217519,Bubonic plague,ur,missing,,,20938,,,,861605,0
Q220551,Diabetes insipidus,as,missing,,,14866,,,,86564,0
Q220551,Diabetes insipidus,bh,missing,,,14866,,,,86564,0
Q220551,Diabetes insipidus,bn,partial,উদকমেহ,4238,14866,21941,0.285,2024-12-15 11:35:25,86564,126
Q220551,Diabetes insipidus,gom,missing,,,14866,,,,86564,0
Q220551,Diabetes insipidus,gu,missing,,,14866,,,,86564,0
Q220551,Diabetes insipidus,hi,good,मूत्रमेह,8656,14866,24385,0.582,2026-04-29 02:10:06,86564,149
Q220551,Diabetes insipidus,kn,good,ಡಯಾಬಿಟಿಸ್ ಇನ್ಸಿಪಿಡಸ್ (ಮಧುಮೇಹದ ತೀವ್ರತೆ),10532,14866,31913,0.708,2026-03-23 19:20:07,86564,128
Q220551,Diabetes insipidus,ks,missing,,,14866,,,,86564,0
Q220551,Diabetes insipidus,mai,missing,,,14866,,,,86564,0
Q220551,Diabetes insipidus,ml,missing,,,14866,,,,86564,0
Q220551,Diabetes insipidus,mni,missing,,,14866,,,,86564,0
Q220551,Diabetes insipidus,mr,missing,,,14866,,,,86564,0
Q220551,Diabetes insipidus,ne,missing,,,14866,,,,86564,0
Q220551,Diabetes insipidus,or,stub,ଡାଏବେଟିସ ଇନସିପିଡସ,1681,14866,9103,0.113,2026-08-02 22:12:26,86564,80
Q220551,Diabetes insipidus,pa,missing,,,14866,,,,86564,0
Q220551,Diabetes insipidus,sa,missing,,,14866,,,,86564,0
Q220551,Diabetes insipidus,sat,missing,,,14866,,,,86564,0
Q220551,Diabetes insipidus,sd,missing,,,14866,,,,86564,0
Q220551,Diabetes insipidus,ta,missing,,,14866,,,,86564,0
Q220551,Diabetes insipidus,tcy,missing,,,14866,,,,86564,0
Q220551,Diabetes insipidus,te,missing,,,14866,,,,86564,0
Q220551,Diabetes insipidus,ur,stub,ذیابیطس بیذواق,527,14866,1393,0.035,2025-06-06 10:34:13,86564,48
Q220783,Arachnophobia,as,missing,,,7512,,,,113665,0
Q220783,Arachnophobia,bh,missing,,,7512,,,,113665,0
Q220783,Arachnophobia,bn,stub,মাকড়সা-জাতীয় প্রাণীভীতি,965,7512,4567,0.128,2022-08-05 05:07:28,113665,76
Q220783,Arachnophobia,gom,missing,,,7512,,,,113665,0
Q220783,Arachnophobia,gu,missing,,,7512,,,,113665,0
Q220783,Arachnophobia,hi,partial,मकड़ी का भय,1148,7512,4663,0.153,2026-09-13 16:56:07,113665,7
Q220783,Arachnophobia,kn,good,ಅರಾಕ್ನೋಫೋಬಿಯಾ,5893,7512,27703,0.784,2026-08-11 19:11:43,113665,113
Q220783,Arachnophobia,ks,missing,,,7512,,,,113665,0
Q220783,Arachnophobia,mai,missing,,,7512,,,,113665,0
Q220783,Arachnophobia,ml,missing,,,7512,,,,113665,0
Q220783,Arachnophobia,mni,missing,,,7512,,,,113665,0
Q220783,Arachnophobia,mr,missing,,,7512,,,,113665,0
Q220783,Arachnophobia,ne,missing,,,7512,,,,113665,0
Q220783,Arachnophobia,or,missing,,,7512,,,,113665,0
Q220783,Arachnophobia,pa,missing,,,7512,,,,113665,0
Q220783,Arachnophobia,sa,missing,,,7512,,,,113665,0
Q220783,Arachnophobia,sat,missing,,,7512,,,,113665,0
Q220783,Arachnophobia,sd,missing,,,7512,,,,113665,0
Q220783,Arachnophobia,ta,missing,,,7512,,,,113665,0
Q220783,Arachnophobia,tcy,missing,,,7512,,,,113665,0
Q220783,Arachnophobia,te,partial,అరాక్నోఫోబియా,1620,7512,6650,0.216,2026-05-24 07:28:34,113665,53
Q220783,Arachnophobia,ur,missing,,,7512,,,,113665,0
Q220989,Nystagmus,as,missing,,,15845,,,,156015,0
Q220989,Nystagmus,bh,missing,,,15845,,,,156015,0
Q220989,Nystagmus,bn,missing,,,15845,,,,156015,0
Q220989,Nystagmus,gom,missing,,,15845,,,,156015,0
Q220989,Nystagmus,gu,missing,,,15845,,,,156015,0
Q220989,Nystagmus,hi,stub,अक्षिदोलन,669,15845,1994,0.042,2025-05-10 09:19:18,156015,61
Q220989,Nystagmus,kn,missing,,,15845,,,,156015,0
Q220989,Nystagmus,ks,missing,,,15845,,,,156015,0
Q220989,Nystagmus,mai,missing,,,15845,,,,156015,0
Q220989,Nystagmus,ml,good,നിസ്റ്റാഗ്മസ്,9561,15845,42105,0.603,2026-02-10 11:34:06,156015,228
Q220989,Nystagmus,mni,missing,,,15845,,,,156015,0
Q220989,Nystagmus,mr,missing,,,15845,,,,156015,0
Q220989,Nystagmus,ne,stub,नेत्र दोलन,803,15845,2131,0.051,2025-12-07 19:06:50,156015,63
Q220989,Nystagmus,or,stub,ଆଖି ଦୋଳନ,1237,15845,6295,0.078,2026-04-23 01:02:49,156015,70
Q220989,Nystagmus,pa,missing,,,15845,,,,156015,0
Q220989,Nystagmus,sa,missing,,,15845,,,,156015,0
Q220989,Nystagmus,sat,missing,,,15845,,,,156015,0
Q220989,Nystagmus,sd,missing,,,15845,,,,156015,0
Q220989,Nystagmus,ta,stub,நிஸ்டாக்மஸ்,1490,15845,8020,0.094,2026-05-20 10:25:24,156015,32
Q220989,Nystagmus,tcy,missing,,,15845,,,,156015,0
Q220989,Nystagmus,te,stub,నిస్టాగ్మస్,1213,15845,7516,0.077,2026-09-29 04:42:47,156015,0
Q220989,Nystagmus,ur,missing,,,15845,,,,156015,0
Q221159,Schistosomiasis,as,missing,,,45282,,,,215397,0
Q221159,Schistosomiasis,bh,missing,,,45282,,,,215397,0
Q221159,Schistosomiasis,bn,stub,সিসটোসোমায়োসিস,2500,45282,15591,0.055,2026-04-10 17:49:58,215397,253
Q221159,Schistosomiasis,gom,missing,,,45282,,,,215397,0
Q221159,Schistosomiasis,gu,missing,,,45282,,,,215397,0
Q221159,Schistosomiasis,hi,stub,सिस्टोसोमियासिस,2166,45282,11774,0.048,2026-07-03 07:09:34,215397,320
Q221159,Schistosomiasis,kn,missing,,,45282,,,,215397,0
Q221159,Schistosomiasis,ks,missing,,,45282,,,,215397,0
Q221159,Schistosomiasis,mai,missing,,,45282,,,,215397,0
Q221159,Schistosomiasis,ml,missing,,,45282,,,,215397,0
Q221159,Schistosomiasis,mni,missing,,,45282,,,,215397,0
Q221159,Schistosomiasis,mr,missing,,,45282,,,,215397,0
Q221159,Schistosomiasis,ne,missing,,,45282,,,,215397,0
Q221159,Schistosomiasis,or,stub,ସିସ୍ଟୋସୋମିଆସିସ,1943,45282,9910,0.043,2026-08-03 01:08:56,215397,67
Q221159,Schistosomiasis,pa,missing,,,45282,,,,215397,0
Q221159,Schistosomiasis,sa,missing,,,45282,,,,215397,0
Q221159,Schistosomiasis,sat,missing,,,45282,,,,215397,0
Q221159,Schistosomiasis,sd,missing,,,45282,,,,215397,0
Q221159,Schistosomiasis,ta,missing,,,45282,,,,215397,0
Q221159,Schistosomiasis,tcy,missing,,,45282,,,,215397,0
Q221159,Schistosomiasis,te,missing,,,45282,,,,215397,0
Q221159,Schistosomiasis,ur,missing,,,45282,,,,215397,0
Q221441,Pellagra,as,missing,,,21136,,,,165325,0
Q221441,Pellagra,bh,missing,,,21136,,,,165325,0
Q221441,Pellagra,bn,good,পেলাগ্রা,12139,21136,62322,0.574,2026-09-23 03:16:05,165325,442
Q221441,Pellagra,gom,missing,,,21136,,,,165325,0
Q221441,Pellagra,gu,missing,,,21136,,,,165325,0
Q221441,Pellagra,hi,stub,पेलाग्रा,1194,21136,4385,0.056,2026-06-20 14:19:53,165325,101
Q221441,Pellagra,kn,missing,,,21136,,,,165325,0
Q221441,Pellagra,ks,missing,,,21136,,,,165325,0
Q221441,Pellagra,mai,missing,,,21136,,,,165325,0
Q221441,Pellagra,ml,missing,,,21136,,,,165325,0
Q221441,Pellagra,mni,missing,,,21136,,,,165325,0
Q221441,Pellagra,mr,missing,,,21136,,,,165325,0
Q221441,Pellagra,ne,missing,,,21136,,,,165325,0
Q221441,Pellagra,or,stub,ପେଲାଗ୍ରା,1279,21136,9449,0.061,2026-09-22 04:26:13,165325,394
Q221441,Pellagra,pa,missing,,,21136,,,,165325,0
Q221441,Pellagra,sa,missing,,,21136,,,,165325,0
Q221441,Pellagra,sat,missing,,,21136,,,,165325,0
Q221441,Pellagra,sd,missing,,,21136,,,,165325,0
Q221441,Pellagra,ta,stub,பெல்லாக்ரா,316,21136,1789,0.015,2013-03-09 01:21:59,165325,181
Q221441,Pellagra,tcy,missing,,,21136,,,,165325,0
Q221441,Pellagra,te,stub,పెల్లాగ్రా,889,21136,5369,0.042,2022-06-19 16:34:12,165325,186
Q221441,Pellagra,ur,missing,,,21136,,,,165325,0
Q22222755,Skill India,as,good,স্কিল ইণ্ডিয়া,3505,4926,10924,0.712,2026-09-25 13:04:53,106371,88
Q22222755,Skill India,bh,missing,,,4926,,,,106371,0
Q22222755,Skill India,bn,missing,,,4926,,,,106371,0
Q22222755,Skill India,gom,missing,,,4926,,,,106371,0
Q22222755,Skill India,gu,missing,,,4926,,,,106371,0
Q22222755,Skill India,hi,partial,कौशल भारत,1624,4926,8109,0.33,2025-10-11 23:43:18,106371,2481
Q22222755,Skill India,kn,missing,,,4926,,,,106371,0
Q22222755,Skill India,ks,missing,,,4926,,,,106371,0
Q22222755,Skill India,mai,missing,,,4926,,,,106371,0
Q22222755,Skill India,ml,missing,,,4926,,,,106371,0
Q22222755,Skill India,mni,missing,,,4926,,,,106371,0
Q22222755,Skill India,mr,missing,,,4926,,,,106371,0
Q22222755,Skill India,ne,missing,,,4926,,,,106371,0
Q22222755,Skill India,or,missing,,,4926,,,,106371,0
Q22222755,Skill India,pa,stub,ਕੁਸ਼ਲ ਭਾਰਤ,601,4926,3063,0.122,2025-08-28 09:05:41,106371,47
Q22222755,Skill India,sa,missing,,,4926,,,,106371,0
Q22222755,Skill India,sat,missing,,,4926,,,,106371,0
Q22222755,Skill India,sd,missing,,,4926,,,,106371,0
Q22222755,Skill India,ta,good,இந்திய தேசிய திறன் மேம்பாட்டு திட்டம்,2693,4926,8827,0.547,2026-06-14 22:10:47,106371,553
Q22222755,Skill India,tcy,missing,,,4926,,,,106371,0
Q22222755,Skill India,te,missing,,,4926,,,,106371,0
Q22222755,Skill India,ur,missing,,,4926,,,,106371,0
Q222634,Cleft lip and cleft palate,as,missing,,,40759,,,,136638,0
Q222634,Cleft lip and cleft palate,bh,missing,,,40759,,,,136638,0
Q222634,Cleft lip and cleft palate,bn,missing,,,40759,,,,136638,0
Q222634,Cleft lip and cleft palate,gom,missing,,,40759,,,,136638,0
Q222634,Cleft lip and cleft palate,gu,missing,,,40759,,,,136638,0
Q222634,Cleft lip and cleft palate,hi,stub,कटे-फटे होंठ व तालु,588,40759,2210,0.014,2024-07-17 07:19:06,136638,216
Q222634,Cleft lip and cleft palate,kn,missing,,,40759,,,,136638,0
Q222634,Cleft lip and cleft palate,ks,missing,,,40759,,,,136638,0
Q222634,Cleft lip and cleft palate,mai,missing,,,40759,,,,136638,0
Q222634,Cleft lip and cleft palate,ml,stub,മുച്ചുണ്ടും മുറിയണ്ണാക്കും,1664,40759,17543,0.041,2024-11-14 14:04:00,136638,323
Q222634,Cleft lip and cleft palate,mni,missing,,,40759,,,,136638,0
Q222634,Cleft lip and cleft palate,mr,missing,,,40759,,,,136638,0
Q222634,Cleft lip and cleft palate,ne,missing,,,40759,,,,136638,0
Q222634,Cleft lip and cleft palate,or,stub,ଗ୍ରହଣ ଖଣ୍ଡିଆ,1507,40759,6616,0.037,2018-12-15 14:43:29,136638,77
Q222634,Cleft lip and cleft palate,pa,missing,,,40759,,,,136638,0
Q222634,Cleft lip and cleft palate,sa,missing,,,40759,,,,136638,0
Q222634,Cleft lip and cleft palate,sat,missing,,,40759,,,,136638,0
Q222634,Cleft lip and cleft palate,sd,missing,,,40759,,,,136638,0
Q222634,Cleft lip and cleft palate,ta,stub,உதடு மற்றும் அண்ணப் பிளவை,2186,40759,10220,0.054,2025-01-13 10:05:05,136638,535
Q222634,Cleft lip and cleft palate,tcy,missing,,,40759,,,,136638,0
Q222634,Cleft lip and cleft palate,te,stub,గ్రహణం మొర్రి,1468,40759,5508,0.036,2023-04-03 00:30:28,136638,351
Q222634,Cleft lip and cleft palate,ur,missing,,,40759,,,,136638,0
Q223102,Peritonitis,as,missing,,,10414,,,,570680,0
Q223102,Peritonitis,bh,missing,,,10414,,,,570680,0
Q223102,Peritonitis,bn,missing,,,10414,,,,570680,0
Q223102,Peritonitis,gom,missing,,,10414,,,,570680,0
Q223102,Peritonitis,gu,missing,,,10414,,,,570680,0
Q223102,Peritonitis,hi,partial,पर्युदर्याशोथ,3758,10414,15791,0.361,2026-06-29 09:09:33,570680,77
Q223102,Peritonitis,kn,missing,,,10414,,,,570680,0
Q223102,Peritonitis,ks,missing,,,10414,,,,570680,0
Q223102,Peritonitis,mai,missing,,,10414,,,,570680,0
Q223102,Peritonitis,ml,missing,,,10414,,,,570680,0
Q223102,Peritonitis,mni,missing,,,10414,,,,570680,0
Q223102,Peritonitis,mr,missing,,,10414,,,,570680,0
Q223102,Peritonitis,ne,missing,,,10414,,,,570680,0
Q223102,Peritonitis,or,stub,ପେରିଟୋନାଇଟିସ,1268,10414,8156,0.122,2024-10-25 19:46:09,570680,65
Q223102,Peritonitis,pa,missing,,,10414,,,,570680,0
Q223102,Peritonitis,sa,missing,,,10414,,,,570680,0
Q223102,Peritonitis,sat,missing,,,10414,,,,570680,0
Q223102,Peritonitis,sd,missing,,,10414,,,,570680,0
Q223102,Peritonitis,ta,missing,,,10414,,,,570680,0
Q223102,Peritonitis,tcy,missing,,,10414,,,,570680,0
Q223102,Peritonitis,te,stub,పెరిటోనైటిస్,1204,10414,8442,0.116,2024-07-02 10:48:59,570680,82
Q223102,Peritonitis,ur,missing,,,10414,,,,570680,0
Q223867,Brain death,as,missing,,,12849,,,,199484,0
Q223867,Brain death,bh,missing,,,12849,,,,199484,0
Q223867,Brain death,bn,partial,মস্তিষ্কের মৃত্যু,2147,12849,8710,0.167,2026-09-28 15:06:49,199484,379
Q223867,Brain death,gom,missing,,,12849,,,,199484,0
Q223867,Brain death,gu,missing,,,12849,,,,199484,0
Q223867,Brain death,hi,stub,मस्तिष्क मृत्यु,240,12849,687,0.019,2024-07-22 15:48:44,199484,208
Q223867,Brain death,kn,missing,,,12849,,,,199484,0
Q223867,Brain death,ks,missing,,,12849,,,,199484,0
Q223867,Brain death,mai,missing,,,12849,,,,199484,0
Q223867,Brain death,ml,stub,മസ്തിഷ്‌കമരണം,481,12849,2543,0.037,2018-02-03 09:32:20,199484,1167
Q223867,Brain death,mni,missing,,,12849,,,,199484,0
Q223867,Brain death,mr,missing,,,12849,,,,199484,0
Q223867,Brain death,ne,missing,,,12849,,,,199484,0
Q223867,Brain death,or,missing,,,12849,,,,199484,0
Q223867,Brain death,pa,missing,,,12849,,,,199484,0
Q223867,Brain death,sa,missing,,,12849,,,,199484,0
Q223867,Brain death,sat,missing,,,12849,,,,199484,0
Q223867,Brain death,sd,missing,,,12849,,,,199484,0
Q223867,Brain death,ta,partial,மூளைச்சாவு,3622,12849,12118,0.282,2025-10-23 20:00:50,199484,1582
Q223867,Brain death,tcy,missing,,,12849,,,,199484,0
Q223867,Brain death,te,missing,,,12849,,,,199484,0
Q223867,Brain death,ur,missing,,,12849,,,,199484,0
Q223907,Tremor,as,missing,,,20537,,,,82271,0
Q223907,Tremor,bh,missing,,,20537,,,,82271,0
Q223907,Tremor,bn,missing,,,20537,,,,82271,0
Q223907,Tremor,gom,missing,,,20537,,,,82271,0
Q223907,Tremor,gu,missing,,,20537,,,,82271,0
Q223907,Tremor,hi,stub,कंपन (तंत्रिका विज्ञान),1406,20537,4973,0.068,2026-06-28 12:11:23,82271,65
Q223907,Tremor,kn,stub,ಕಂಪನ (ನರಶಾಸ್ತ್ರ),1615,20537,4572,0.079,2026-03-22 11:23:21,82271,74
Q223907,Tremor,ks,missing,,,20537,,,,82271,0
Q223907,Tremor,mai,missing,,,20537,,,,82271,0
Q223907,Tremor,ml,missing,,,20537,,,,82271,0
Q223907,Tremor,mni,missing,,,20537,,,,82271,0
Q223907,Tremor,mr,missing,,,20537,,,,82271,0
Q223907,Tremor,ne,missing,,,20537,,,,82271,0
Q223907,Tremor,or,missing,,,20537,,,,82271,0
Q223907,Tremor,pa,missing,,,20537,,,,82271,0
Q223907,Tremor,sa,missing,,,20537,,,,82271,0
Q223907,Tremor,sat,missing,,,20537,,,,82271,0
Q223907,Tremor,sd,missing,,,20537,,,,82271,0
Q223907,Tremor,ta,stub,உடல் சிலிர்ப்பு,813,20537,3503,0.04,2024-02-17 16:11:07,82271,319
Q223907,Tremor,tcy,missing,,,20537,,,,82271,0
Q223907,Tremor,te,partial,వణుకు,3290,20537,8941,0.16,2026-08-08 05:49:46,82271,202
Q223907,Tremor,ur,missing,,,20537,,,,82271,0
Q22645,Smartphone,as,stub,স্মাৰ্টফোন,6257,51594,20181,0.121,2026-08-10 06:08:43,421420,453
Q22645,Smartphone,bh,stub,स्मार्टफोन,244,51594,864,0.005,2026-04-01 12:32:46,421420,249
Q22645,Smartphone,bn,partial,স্মার্টফোন,9220,51594,30318,0.179,2026-07-31 08:17:02,421420,2576
Q22645,Smartphone,gom,missing,,,51594,,,,421420,0
Q22645,Smartphone,gu,missing,,,51594,,,,421420,0
Q22645,Smartphone,hi,stub,स्मार्टफ़ोन,885,51594,11957,0.017,2026-04-15 16:42:44,421420,1685
Q22645,Smartphone,kn,stub,ಸ್ಮಾರ್ಟ್ ಫೋನ್,5573,51594,15846,0.108,2026-03-26 11:23:53,421420,1056
Q22645,Smartphone,ks,stub,سمارٹ فون,96,51594,385,0.002,2022-11-05 15:26:48,421420,145
Q22645,Smartphone,mai,missing,,,51594,,,,421420,0
Q22645,Smartphone,ml,stub,സ്മാർട്ട് ഫോൺ,4310,51594,13184,0.084,2025-01-26 01:47:37,421420,472
Q22645,Smartphone,mni,missing,,,51594,,,,421420,0
Q22645,Smartphone,mr,stub,स्मार्टफोन,802,51594,2698,0.016,2022-02-04 19:31:35,421420,332
Q22645,Smartphone,ne,missing,,,51594,,,,421420,0
Q22645,Smartphone,or,missing,,,51594,,,,421420,0
Q22645,Smartphone,pa,partial,ਸਮਾਰਟਫ਼ੋਨ,9059,51594,25656,0.176,2023-12-21 16:24:54,421420,217
Q22645,Smartphone,sa,missing,,,51594,,,,421420,0
Q22645,Smartphone,sat,missing,,,51594,,,,421420,0
Q22645,Smartphone,sd,good,سمارٽ فون,53028,51594,154146,1.0,2026-08-26 21:19:33,421420,180
Q22645,Smartphone,ta,stub,திறன்பேசி,627,51594,3266,0.012,2024-12-13 02:56:26,421420,1165
Q22645,Smartphone,tcy,missing,,,51594,,,,421420,0
Q22645,Smartphone,te,partial,స్మార్ట్‌ఫోన్,8700,51594,36866,0.169,2026-01-22 13:15:09,421420,585
Q22645,Smartphone,ur,stub,اسمارٹ فون,443,51594,1607,0.009,2026-07-08 06:50:35,421420,428
Q229058,ISRO,as,stub,ভাৰতীয় মহাকাশ গৱেষণা সংস্থা,1644,59326,20447,0.028,2026-09-26 06:44:39,319739,902
Q229058,ISRO,bh,stub,इसरो,3041,59326,17871,0.051,2026-09-23 23:26:20,319739,1313
Q229058,ISRO,bn,partial,ভারতীয় মহাকাশ গবেষণা সংস্থা,12682,59326,69594,0.214,2025-10-30 03:03:49,319739,2914
Q229058,ISRO,gom,missing,,,59326,,,,319739,0
Q229058,ISRO,gu,stub,ઇસરો,1688,59326,9975,0.028,2024-07-23 08:19:09,319739,2742
Q229058,ISRO,hi,good,भारतीय अंतरिक्ष अनुसंधान संगठन,33308,59326,116095,0.561,2026-08-15 12:22:48,319739,16139
Q229058,ISRO,kn,partial,ಭಾರತೀಯ ಬಾಹ್ಯಾಕಾಶ ಸಂಶೋಧನಾ ಸಂಸ್ಥೆ,10358,59326,35101,0.175,2026-03-25 05:59:30,319739,9216
Q229058,ISRO,ks,stub,ہِندوستٲنؠ فِضٲیی تٔحقیٖقی تَنظیٖم,1108,59326,3189,0.019,2026-07-18 18:01:01,319739,29
Q229058,ISRO,mai,stub,भारतीय अन्तरिक्ष अनुसन्धान सङ्गठन,607,59326,3422,0.01,2025-12-22 10:38:52,319739,172
Q229058,ISRO,ml,partial,ഇന്ത്യൻ സ്പേസ് റിസർച്ച് ഓർഗനൈസേഷൻ,20157,59326,63739,0.34,2025-09-19 17:21:15,319739,4220
Q229058,ISRO,mni,missing,,,59326,,,,319739,0
Q229058,ISRO,mr,partial,भारतीय अंतराळ संशोधन संस्था,25836,59326,135303,0.435,2025-07-31 07:25:17,319739,7782
Q229058,ISRO,ne,stub,भारतीय अन्तरिक्ष अनुसन्धान सङ्गठन,756,59326,3957,0.013,2025-09-28 17:35:11,319739,89
Q229058,ISRO,or,partial,ଭାରତୀୟ ମହାକାଶ ଗବେଷଣା ସଂସ୍ଥା,19592,59326,71685,0.33,2024-09-08 07:53:25,319739,1476
Q229058,ISRO,pa,stub,ਭਾਰਤੀ ਪੁਲਾੜ ਖੋਜ ਸੰਸਥਾ,8008,59326,28732,0.135,2024-12-16 12:16:00,319739,299
Q229058,ISRO,sa,partial,भारतीय-अन्तरिक्ष-अनुसन्धान-सङ्गठनम्,18589,59326,52921,0.313,2025-10-17 06:16:28,319739,235
Q229058,ISRO,sat,stub,ᱤᱥᱨᱳ,2584,59326,9858,0.044,2023-08-30 04:37:13,319739,169
Q229058,ISRO,sd,missing,,,59326,,,,319739,0
Q229058,ISRO,ta,partial,இந்திய விண்வெளி ஆய்வு நிறுவனம்,13302,59326,70412,0.224,2026-06-15 01:03:54,319739,6231
Q229058,ISRO,tcy,stub,ಉಪಗ್ರಹ,2274,59326,6840,0.038,2026-01-13 17:16:16,319739,143
Q229058,ISRO,te,partial,భారతీయ అంతరిక్ష పరిశోధనా సంస్థ,14665,59326,52774,0.247,2026-07-17 17:21:18,319739,2415
Q229058,ISRO,ur,stub,ہندوستانی فضائی تحقیقی تنظیم,1154,59326,12762,0.019,2025-05-14 02:52:47,319739,311
Q229256,Dermatitis,as,missing,,,22957,,,,204093,0
Q229256,Dermatitis,bh,missing,,,22957,,,,204093,0
Q229256,Dermatitis,bn,stub,একজিমা,1051,22957,5088,0.046,2025-08-01 21:29:54,204093,4358
Q229256,Dermatitis,gom,missing,,,22957,,,,204093,0
Q229256,Dermatitis,gu,missing,,,22957,,,,204093,0
Q229256,Dermatitis,hi,stub,त्वचाशोथ,1617,22957,4873,0.07,2022-08-13 11:00:41,204093,738
Q229256,Dermatitis,kn,stub,ಇಸಬು,1714,22957,5434,0.075,2026-03-22 04:53:50,204093,430
Q229256,Dermatitis,ks,stub,ژمہِ ہُنٛد وَرَم,2005,22957,4536,0.087,2026-06-22 18:01:17,204093,32
Q229256,Dermatitis,mai,missing,,,22957,,,,204093,0
Q229256,Dermatitis,ml,missing,,,22957,,,,204093,0
Q229256,Dermatitis,mni,missing,,,22957,,,,204093,0
Q229256,Dermatitis,mr,missing,,,22957,,,,204093,0
Q229256,Dermatitis,ne,missing,,,22957,,,,204093,0
Q229256,Dermatitis,or,stub,ଚର୍ମ ପ୍ରଦାହ,1851,22957,8934,0.081,2026-08-02 22:33:33,204093,115
Q229256,Dermatitis,pa,missing,,,22957,,,,204093,0
Q229256,Dermatitis,sa,missing,,,22957,,,,204093,0
Q229256,Dermatitis,sat,missing,,,22957,,,,204093,0
Q229256,Dermatitis,sd,missing,,,22957,,,,204093,0
Q229256,Dermatitis,ta,missing,,,22957,,,,204093,0
Q229256,Dermatitis,tcy,missing,,,22957,,,,204093,0
Q229256,Dermatitis,te,missing,,,22957,,,,204093,0
Q229256,Dermatitis,ur,missing,,,22957,,,,204093,0
Q230003,Lok Sabha,as,stub,লোকসভা,3634,29252,23114,0.124,2024-12-15 04:58:33,1839063,4243
Q230003,Lok Sabha,bh,stub,लोकसभा,1247,29252,3578,0.043,2022-03-09 08:06:14,1839063,2290
Q230003,Lok Sabha,bn,stub,লোকসভা,3647,29252,41987,0.125,2026-07-29 06:16:32,1839063,16722
Q230003,Lok Sabha,gom,missing,,,29252,,,,1839063,0
Q230003,Lok Sabha,gu,stub,લોક સભા,499,29252,13899,0.017,2024-07-15 14:40:03,1839063,4274
Q230003,Lok Sabha,hi,good,लोक सभा,18553,29252,64824,0.634,2025-08-19 13:43:04,1839063,110651
Q230003,Lok Sabha,kn,partial,ಲೋಕಸಭೆ,4522,29252,38522,0.155,2026-07-26 14:44:21,1839063,11509
Q230003,Lok Sabha,ks,missing,,,29252,,,,1839063,0
Q230003,Lok Sabha,mai,missing,,,29252,,,,1839063,0
Q230003,Lok Sabha,ml,stub,ലോക്‌സഭ,2227,29252,18079,0.076,2026-07-12 11:38:48,1839063,4871
Q230003,Lok Sabha,mni,missing,,,29252,,,,1839063,0
Q230003,Lok Sabha,mr,stub,लोकसभा,1439,29252,10615,0.049,2025-07-08 05:04:36,1839063,9367
Q230003,Lok Sabha,ne,stub,लोक सभा,2285,29252,10309,0.078,2026-09-08 05:06:50,1839063,252
Q230003,Lok Sabha,or,stub,ଲୋକ ସଭା,1213,29252,14310,0.041,2026-06-06 09:48:41,1839063,1165
Q230003,Lok Sabha,pa,partial,ਲੋਕ ਸਭਾ,11643,29252,45252,0.398,2024-05-16 12:29:22,1839063,1606
Q230003,Lok Sabha,sa,partial,लोकसभा,7740,29252,35471,0.265,2026-08-19 17:55:52,1839063,197
Q230003,Lok Sabha,sat,stub,ᱞᱳᱠᱥᱚᱵᱷᱟ,1286,29252,8109,0.044,2024-05-21 04:43:23,1839063,98
Q230003,Lok Sabha,sd,missing,,,29252,,,,1839063,0
Q230003,Lok Sabha,ta,stub,மக்களவை (இந்தியா),2885,29252,19657,0.099,2025-05-30 04:02:40,1839063,10310
Q230003,Lok Sabha,tcy,missing,,,29252,,,,1839063,0
Q230003,Lok Sabha,te,good,లోక్‌సభ,14943,29252,58379,0.511,2026-06-16 07:27:07,1839063,4491
Q230003,Lok Sabha,ur,partial,لوک سبھا,10924,29252,31634,0.373,2026-09-25 22:10:47,1839063,1273
Q23485,Onion,as,stub,পিঁয়াজ,1846,26623,6078,0.069,2026-03-27 02:29:35,331730,216
Q23485,Onion,bh,stub,पियाज,197,26623,3083,0.007,2025-03-09 02:29:04,331730,147
Q23485,Onion,bn,stub,পিঁয়াজ,3464,26623,19994,0.13,2026-05-27 07:11:54,331730,3345
Q23485,Onion,gom,missing,,,26623,,,,331730,0
Q23485,Onion,gu,stub,ડુંગળી,468,26623,2022,0.018,2025-09-27 06:31:05,331730,395
Q23485,Onion,hi,partial,प्याज,4991,26623,15442,0.187,2025-07-29 10:30:10,331730,5630
Q23485,Onion,kn,partial,ಈರುಳ್ಳಿ,8348,26623,26698,0.314,2026-03-22 05:08:10,331730,1732
Q23485,Onion,ks,stub,گَنڈٕ,177,26623,738,0.007,2026-08-03 20:52:12,331730,83
Q23485,Onion,mai,stub,पिआउज,627,26623,2053,0.024,2018-01-05 03:55:48,331730,119
Q23485,Onion,ml,stub,ഉള്ളി,704,26623,2761,0.026,2025-09-30 09:32:55,331730,996
Q23485,Onion,mni,stub,ꯇꯤꯜꯍꯧ,203,26623,668,0.008,2024-05-28 15:43:05,331730,143
Q23485,Onion,mr,partial,कांदा,4069,26623,11120,0.153,2026-08-18 14:13:20,331730,2427
Q23485,Onion,ne,partial,प्याज,4967,26623,14179,0.187,2025-09-28 15:47:51,331730,178
Q23485,Onion,or,stub,ପିଆଜ,1469,26623,5541,0.055,2026-02-21 10:14:32,331730,131
Q23485,Onion,pa,good,ਪਿਆਜ਼,16507,26623,48879,0.62,2026-04-11 02:28:30,331730,233
Q23485,Onion,sa,partial,पलाण्डुः,5149,26623,20003,0.193,2020-11-15 08:54:22,331730,142
Q23485,Onion,sat,stub,ᱯᱮᱭᱟᱸᱡᱽ,21,26623,2825,0.001,2022-04-27 06:30:28,331730,63
Q23485,Onion,sd,stub,بصر,3028,26623,7076,0.114,2026-09-08 03:26:53,331730,79
Q23485,Onion,ta,stub,வெங்காயம்,1264,26623,6123,0.047,2024-02-01 05:22:35,331730,1387
Q23485,Onion,tcy,stub,ನೀರುಳ್ಳಿ,2828,26623,9144,0.106,2025-11-08 06:10:08,331730,300
Q23485,Onion,te,partial,ఉల్లిపాయ,8159,26623,24399,0.306,2024-09-04 08:36:54,331730,1279
Q23485,Onion,ur,stub,پیاز,1173,26623,5981,0.044,2026-09-17 07:46:35,331730,455
Q23501,Tomato,as,missing,,,29258,,,,593912,0
Q23501,Tomato,bh,stub,टमाटर,46,29258,1423,0.002,2026-08-07 00:48:45,593912,129
Q23501,Tomato,bn,good,টমেটো,39573,29258,161138,1.0,2026-08-30 17:48:16,593912,3407
Q23501,Tomato,gom,missing,,,29258,,,,593912,0
Q23501,Tomato,gu,missing,,,29258,,,,593912,0
Q23501,Tomato,hi,stub,टमाटर,3627,29258,13088,0.124,2026-06-21 06:07:59,593912,4937
Q23501,Tomato,kn,partial,ಟೊಮೇಟೊ,13963,29258,39391,0.477,2026-03-31 20:04:27,593912,2436
Q23501,Tomato,ks,stub,رُوانٛگن,122,29258,514,0.004,2024-03-30 18:00:32,593912,64
Q23501,Tomato,mai,stub,टमाटर,76,29258,1600,0.003,2019-01-15 07:59:31,593912,222
Q23501,Tomato,ml,partial,തക്കാളി,8961,29258,28725,0.306,2026-08-06 08:24:22,593912,1580
Q23501,Tomato,mni,missing,,,29258,,,,593912,0
Q23501,Tomato,mr,stub,टोमॅटो,4077,29258,17018,0.139,2026-09-19 12:40:41,593912,2327
Q23501,Tomato,ne,partial,गोलभेडा,8167,29258,24344,0.279,2025-08-25 14:21:00,593912,299
Q23501,Tomato,or,missing,,,29258,,,,593912,0
Q23501,Tomato,pa,stub,ਟਮਾਟਰ,1924,29258,6021,0.066,2021-08-07 14:50:37,593912,111
Q23501,Tomato,sa,stub,वार्तकी,437,29258,3075,0.015,2024-11-06 14:33:14,593912,156
Q23501,Tomato,sat,stub,ᱵᱤᱞᱟ.ᱛᱤ,2098,29258,6311,0.072,2026-08-07 06:13:33,593912,70
Q23501,Tomato,sd,stub,ٽماٽو,930,29258,2724,0.032,2020-01-12 14:12:02,593912,73
Q23501,Tomato,ta,stub,தக்காளி,2405,29258,10592,0.082,2025-11-15 20:01:43,593912,2767
Q23501,Tomato,tcy,stub,ಟೊಮೆಟೊ,3851,29258,13189,0.132,2025-11-08 05:28:47,593912,171
Q23501,Tomato,te,partial,టమాటో,6013,29258,19752,0.206,2022-03-10 05:54:57,593912,1752
Q23501,Tomato,ur,stub,ٹماٹر,1118,29258,5072,0.038,2026-09-28 05:46:40,593912,473
Q243257,Chikungunya,as,missing,,,19711,,,,240451,0
Q243257,Chikungunya,bh,missing,,,19711,,,,240451,0
Q243257,Chikungunya,bn,partial,চিকুনগুনিয়া,5385,19711,33843,0.273,2026-09-24 09:00:38,240451,3728
Q243257,Chikungunya,gom,missing,,,19711,,,,240451,0
Q243257,Chikungunya,gu,missing,,,19711,,,,240451,0
Q243257,Chikungunya,hi,partial,चिकनगुनिया,5529,19711,16514,0.281,2024-09-17 10:30:14,240451,1047
Q243257,Chikungunya,kn,stub,ಚಿಕೂನ್ ಗುನ್ಯಾ,726,19711,3031,0.037,2026-03-23 04:23:34,240451,185
Q243257,Chikungunya,ks,missing,,,19711,,,,240451,0
Q243257,Chikungunya,mai,missing,,,19711,,,,240451,0
Q243257,Chikungunya,ml,good,ചിക്കുൻഗുനിയ,11771,19711,37374,0.597,2022-10-18 09:18:56,240451,980
Q243257,Chikungunya,mni,missing,,,19711,,,,240451,0
Q243257,Chikungunya,mr,partial,चिकुनगुनिया,4483,19711,18268,0.227,2026-09-27 14:53:06,240451,1584
Q243257,Chikungunya,ne,stub,चिकनगुन्या,1037,19711,3141,0.053,2025-08-25 14:28:44,240451,57
Q243257,Chikungunya,or,stub,ଚିକୁନ‌ଗୁନିଆ,1951,19711,8453,0.099,2026-08-03 05:07:58,240451,174
Q243257,Chikungunya,pa,missing,,,19711,,,,240451,0
Q243257,Chikungunya,sa,missing,,,19711,,,,240451,0
Q243257,Chikungunya,sat,missing,,,19711,,,,240451,0
Q243257,Chikungunya,sd,missing,,,19711,,,,240451,0
Q243257,Chikungunya,ta,partial,சிக்குன்குனியா,5957,19711,20554,0.302,2024-11-29 03:30:23,240451,1130
Q243257,Chikungunya,tcy,missing,,,19711,,,,240451,0
Q243257,Chikungunya,te,stub,చికన్‌గన్యా,2886,19711,9597,0.146,2023-02-27 08:13:32,240451,178
Q243257,Chikungunya,ur,missing,,,19711,,,,240451,0
Q244404,Electrical injury,as,missing,,,28318,,,,89860,0
Q244404,Electrical injury,bh,missing,,,28318,,,,89860,0
Q244404,Electrical injury,bn,stub,বৈদ্যুতিক শক,937,28318,3507,0.033,2023-10-02 11:22:25,89860,413
Q244404,Electrical injury,gom,missing,,,28318,,,,89860,0
Q244404,Electrical injury,gu,missing,,,28318,,,,89860,0
Q244404,Electrical injury,hi,stub,विद्युत स्पर्शाघात,2470,28318,9266,0.087,2020-06-15 16:08:00,89860,563
Q244404,Electrical injury,kn,missing,,,28318,,,,89860,0
Q244404,Electrical injury,ks,missing,,,28318,,,,89860,0
Q244404,Electrical injury,mai,missing,,,28318,,,,89860,0
Q244404,Electrical injury,ml,missing,,,28318,,,,89860,0
Q244404,Electrical injury,mni,missing,,,28318,,,,89860,0
Q244404,Electrical injury,mr,stub,विजेचा धक्का,269,28318,800,0.009,2015-09-30 13:38:37,89860,110
Q244404,Electrical injury,ne,missing,,,28318,,,,89860,0
Q244404,Electrical injury,or,missing,,,28318,,,,89860,0
Q244404,Electrical injury,pa,missing,,,28318,,,,89860,0
Q244404,Electrical injury,sa,missing,,,28318,,,,89860,0
Q244404,Electrical injury,sat,missing,,,28318,,,,89860,0
Q244404,Electrical injury,sd,missing,,,28318,,,,89860,0
Q244404,Electrical injury,ta,stub,மின் அதிர்ச்சி,3174,28318,9628,0.112,2022-10-20 08:37:26,89860,403
Q244404,Electrical injury,tcy,missing,,,28318,,,,89860,0
Q244404,Electrical injury,te,stub,విద్యుద్ఘాతము,3371,28318,9728,0.119,2020-09-10 06:19:24,89860,212
Q244404,Electrical injury,ur,missing,,,28318,,,,89860,0
Q244730,Rajya Sabha,as,stub,ৰাজ্যসভা,1953,14057,11396,0.139,2024-12-15 04:59:08,1195494,2558
Q244730,Rajya Sabha,bh,stub,राज्यसभा,1015,14057,4234,0.072,2024-12-14 11:32:16,1195494,428
Q244730,Rajya Sabha,bn,partial,রাজ্যসভা,2360,14057,17051,0.168,2025-08-02 22:16:10,1195494,12483
Q244730,Rajya Sabha,gom,missing,,,14057,,,,1195494,0
Q244730,Rajya Sabha,gu,stub,રાજ્ય સભા,1217,14057,13219,0.087,2025-01-10 10:52:05,1195494,5011
Q244730,Rajya Sabha,hi,good,राज्य सभा,19468,14057,67132,1.0,2026-03-29 12:16:01,1195494,119854
Q244730,Rajya Sabha,kn,partial,ರಾಜ್ಯಸಭೆ,3266,14057,58132,0.232,2026-03-25 16:49:08,1195494,5631
Q244730,Rajya Sabha,ks,missing,,,14057,,,,1195494,0
Q244730,Rajya Sabha,mai,stub,राज्य सभा,1276,14057,10941,0.091,2023-10-01 08:13:23,1195494,145
Q244730,Rajya Sabha,ml,partial,രാജ്യസഭ,4766,14057,19462,0.339,2026-04-12 14:40:47,1195494,6426
Q244730,Rajya Sabha,mni,missing,,,14057,,,,1195494,0
Q244730,Rajya Sabha,mr,stub,राज्यसभा,1604,14057,19640,0.114,2026-06-23 06:00:33,1195494,10203
Q244730,Rajya Sabha,ne,stub,राज्‍य सभा,93,14057,6657,0.007,2025-08-25 13:20:28,1195494,267
Q244730,Rajya Sabha,or,good,ରାଜ୍ୟ ସଭା,7642,14057,24357,0.544,2026-05-04 20:45:23,1195494,1068
Q244730,Rajya Sabha,pa,partial,ਰਾਜ ਸਭਾ,2942,14057,21694,0.209,2023-11-02 03:55:01,1195494,1089
Q244730,Rajya Sabha,sa,good,राज्यसभा,7825,14057,30452,0.557,2023-11-24 02:34:23,1195494,109
Q244730,Rajya Sabha,sat,missing,,,14057,,,,1195494,0
Q244730,Rajya Sabha,sd,missing,,,14057,,,,1195494,0
Q244730,Rajya Sabha,ta,partial,மாநிலங்களவை,3132,14057,16896,0.223,2026-01-24 13:42:00,1195494,13219
Q244730,Rajya Sabha,tcy,missing,,,14057,,,,1195494,0
Q244730,Rajya Sabha,te,good,రాజ్యసభ,12736,14057,68644,0.906,2026-07-03 14:57:50,1195494,4624
Q244730,Rajya Sabha,ur,partial,راجیہ سبھا,4635,14057,21028,0.33,2025-12-29 10:02:27,1195494,1185
Q245319,Midday Meal Scheme,as,partial,মধ্যাহ্ন ভোজন আঁচনি,4263,17912,18681,0.238,2026-07-28 23:04:14,106168,837
Q245319,Midday Meal Scheme,bh,missing,,,17912,,,,106168,0
Q245319,Midday Meal Scheme,bn,missing,,,17912,,,,106168,0
Q245319,Midday Meal Scheme,gom,missing,,,17912,,,,106168,0
Q245319,Midday Meal Scheme,gu,missing,,,17912,,,,106168,0
Q245319,Midday Meal Scheme,hi,partial,मध्याह्न भोजन योजना,5752,17912,16299,0.321,2026-05-06 05:26:30,106168,13938
Q245319,Midday Meal Scheme,kn,missing,,,17912,,,,106168,0
Q245319,Midday Meal Scheme,ks,missing,,,17912,,,,106168,0
Q245319,Midday Meal Scheme,mai,missing,,,17912,,,,106168,0
Q245319,Midday Meal Scheme,ml,missing,,,17912,,,,106168,0
Q245319,Midday Meal Scheme,mni,missing,,,17912,,,,106168,0
Q245319,Midday Meal Scheme,mr,partial,मध्यान्ह भोजन योजना,5069,17912,14635,0.283,2024-09-08 01:12:49,106168,1438
Q245319,Midday Meal Scheme,ne,missing,,,17912,,,,106168,0
Q245319,Midday Meal Scheme,or,stub,ମଧ୍ୟାହ୍ନ ଭୋଜନ ଯୋଜନା,1412,17912,4189,0.079,2023-10-09 03:37:01,106168,271
Q245319,Midday Meal Scheme,pa,stub,ਮਿਡ-ਡੇਅ-ਮੀਲ ਸਕੀਮ,1300,17912,3426,0.073,2020-09-16 12:32:41,106168,292
Q245319,Midday Meal Scheme,sa,missing,,,17912,,,,106168,0
Q245319,Midday Meal Scheme,sat,missing,,,17912,,,,106168,0
Q245319,Midday Meal Scheme,sd,missing,,,17912,,,,106168,0
Q245319,Midday Meal Scheme,ta,stub,"மதிய உணவுத் திட்டம், தமிழ்நாடு",2154,17912,7721,0.12,2025-10-18 15:37:11,106168,3160
Q245319,Midday Meal Scheme,tcy,missing,,,17912,,,,106168,0
Q245319,Midday Meal Scheme,te,good,మధ్యాహ్న భోజన పథకము,10753,17912,40921,0.6,2026-08-02 09:33:02,106168,2340
Q245319,Midday Meal Scheme,ur,stub,دو بہر کے کھانے کی اسکیم,860,17912,4280,0.048,2026-06-29 08:40:26,106168,21
Q246068,Cysticercosis,as,missing,,,19738,,,,45948,0
Q246068,Cysticercosis,bh,missing,,,19738,,,,45948,0
Q246068,Cysticercosis,bn,missing,,,19738,,,,45948,0
Q246068,Cysticercosis,gom,missing,,,19738,,,,45948,0
Q246068,Cysticercosis,gu,missing,,,19738,,,,45948,0
Q246068,Cysticercosis,hi,stub,सिस्टसरकोसिस,2446,19738,10877,0.124,2020-10-17 03:52:14,45948,563
Q246068,Cysticercosis,kn,partial,ಸಿಸ್ಟೀಸರ್ಕೋಸಿಸ್,4026,19738,11798,0.204,2026-03-26 08:23:41,45948,87
Q246068,Cysticercosis,ks,missing,,,19738,,,,45948,0
Q246068,Cysticercosis,mai,missing,,,19738,,,,45948,0
Q246068,Cysticercosis,ml,missing,,,19738,,,,45948,0
Q246068,Cysticercosis,mni,missing,,,19738,,,,45948,0
Q246068,Cysticercosis,mr,missing,,,19738,,,,45948,0
Q246068,Cysticercosis,ne,stub,सिस्टाइसेर्कोसिस,2429,19738,10465,0.123,2026-08-22 20:34:18,45948,58
Q246068,Cysticercosis,or,stub,ସିସ୍ଟିସର୍କୋସିସ,1948,19738,9308,0.099,2026-08-13 22:53:25,45948,67
Q246068,Cysticercosis,pa,missing,,,19738,,,,45948,0
Q246068,Cysticercosis,sa,missing,,,19738,,,,45948,0
Q246068,Cysticercosis,sat,missing,,,19738,,,,45948,0
Q246068,Cysticercosis,sd,missing,,,19738,,,,45948,0
Q246068,Cysticercosis,ta,missing,,,19738,,,,45948,0
Q246068,Cysticercosis,tcy,missing,,,19738,,,,45948,0
Q246068,Cysticercosis,te,missing,,,19738,,,,45948,0
Q246068,Cysticercosis,ur,missing,,,19738,,,,45948,0
Q24908602,Pradhan Mantri Ujjwala Yojana,as,stub,প্ৰধান মন্ত্ৰী উজ্জ্বলা যোজনা,651,5617,2025,0.116,2024-10-11 18:26:54,35021,90
Q24908602,Pradhan Mantri Ujjwala Yojana,bh,missing,,,5617,,,,35021,0
Q24908602,Pradhan Mantri Ujjwala Yojana,bn,partial,প্রধানমন্ত্রী উজ্জ্বলা যোজনা,1905,5617,9197,0.339,2026-05-04 14:39:33,35021,3562
Q24908602,Pradhan Mantri Ujjwala Yojana,gom,missing,,,5617,,,,35021,0
Q24908602,Pradhan Mantri Ujjwala Yojana,gu,missing,,,5617,,,,35021,0
Q24908602,Pradhan Mantri Ujjwala Yojana,hi,good,प्रधान मंत्री उज्ज्वला योजना,2913,5617,11292,0.519,2026-05-26 05:06:28,35021,39660
Q24908602,Pradhan Mantri Ujjwala Yojana,kn,good,ಪ್ರಧಾನ ಮಂತ್ರಿ ಉಜ್ವಲ ಯೋಜನೆ,3798,5617,18800,0.676,2026-03-24 21:30:19,35021,1105
Q24908602,Pradhan Mantri Ujjwala Yojana,ks,missing,,,5617,,,,35021,0
Q24908602,Pradhan Mantri Ujjwala Yojana,mai,missing,,,5617,,,,35021,0
Q24908602,Pradhan Mantri Ujjwala Yojana,ml,partial,പ്രധാനമന്ത്രി ഉജ്ജ്വല യോജന,1467,5617,7268,0.261,2025-07-07 19:31:46,35021,718
Q24908602,Pradhan Mantri Ujjwala Yojana,mni,missing,,,5617,,,,35021,0
Q24908602,Pradhan Mantri Ujjwala Yojana,mr,partial,प्रधानमंत्री उज्ज्वला योजना,945,5617,4186,0.168,2025-10-06 14:59:23,35021,2341
Q24908602,Pradhan Mantri Ujjwala Yojana,ne,missing,,,5617,,,,35021,0
Q24908602,Pradhan Mantri Ujjwala Yojana,or,missing,,,5617,,,,35021,0
Q24908602,Pradhan Mantri Ujjwala Yojana,pa,missing,,,5617,,,,35021,0
Q24908602,Pradhan Mantri Ujjwala Yojana,sa,missing,,,5617,,,,35021,0
Q24908602,Pradhan Mantri Ujjwala Yojana,sat,missing,,,5617,,,,35021,0
Q24908602,Pradhan Mantri Ujjwala Yojana,sd,missing,,,5617,,,,35021,0
Q24908602,Pradhan Mantri Ujjwala Yojana,ta,good,பிரதம மந்திரி உஜ்வாலா திட்டம்,5645,5617,27285,1.0,2026-07-04 09:00:12,35021,2808
Q24908602,Pradhan Mantri Ujjwala Yojana,tcy,missing,,,5617,,,,35021,0
Q24908602,Pradhan Mantri Ujjwala Yojana,te,good,ప్రధాన మంత్రి ఉజ్వల యోజన,5487,5617,31613,0.977,2026-06-09 18:04:11,35021,264
Q24908602,Pradhan Mantri Ujjwala Yojana,ur,missing,,,5617,,,,35021,0
Q24949969,Unified Payments Interface,as,stub,ইউনিফাইড পেমেণ্টচ ইণ্টাৰফেচ,4917,60749,16493,0.081,2023-12-30 22:45:38,268476,230
Q24949969,Unified Payments Interface,bh,stub,यूपीआई,1929,60749,11519,0.032,2026-08-08 13:47:29,268476,60
Q24949969,Unified Payments Interface,bn,partial,ইউনিফাইড পেমেন্ট ইন্টারফেস,23588,60749,125859,0.388,2026-09-17 03:23:59,268476,1692
Q24949969,Unified Payments Interface,gom,missing,,,60749,,,,268476,0
Q24949969,Unified Payments Interface,gu,missing,,,60749,,,,268476,0
Q24949969,Unified Payments Interface,hi,partial,एकीकृत भुगतान अन्तरापृष्ठ,10170,60749,38140,0.167,2026-08-07 13:41:13,268476,7845
Q24949969,Unified Payments Interface,kn,stub,ಏಕೀಕೃತ ಪಾವತಿ ವ್ಯವಸ್ಥೆ,2437,60749,8100,0.04,2026-03-22 09:24:01,268476,490
Q24949969,Unified Payments Interface,ks,missing,,,60749,,,,268476,0
Q24949969,Unified Payments Interface,mai,missing,,,60749,,,,268476,0
Q24949969,Unified Payments Interface,ml,stub,യൂണിഫൈഡ് പെയ്മെന്റ്സ് ഇന്റർഫേസ്,3271,60749,18784,0.054,2025-10-20 20:07:24,268476,365
Q24949969,Unified Payments Interface,mni,missing,,,60749,,,,268476,0
Q24949969,Unified Payments Interface,mr,stub,युनिफाईड पेमेंट्स इंटरफेस,2797,60749,8420,0.046,2026-05-22 16:28:14,268476,627
Q24949969,Unified Payments Interface,ne,missing,,,60749,,,,268476,0
Q24949969,Unified Payments Interface,or,stub,ୟୁପିଆଇ,1946,60749,11640,0.032,2023-10-09 08:54:46,268476,157
Q24949969,Unified Payments Interface,pa,stub,ਯੂ ਪੀ ਆਈ,1111,60749,4690,0.018,2025-07-04 21:24:51,268476,107
Q24949969,Unified Payments Interface,sa,missing,,,60749,,,,268476,0
Q24949969,Unified Payments Interface,sat,missing,,,60749,,,,268476,0
Q24949969,Unified Payments Interface,sd,missing,,,60749,,,,268476,0
Q24949969,Unified Payments Interface,ta,stub,ஒருமித்த செலுத்துகை இணைப்பிடைமுகம்,2785,60749,11902,0.046,2026-07-08 07:58:58,268476,233
Q24949969,Unified Payments Interface,tcy,missing,,,60749,,,,268476,0
Q24949969,Unified Payments Interface,te,stub,యూనిఫైడ్ పేమెంట్స్ ఇంటర్‌ఫేస్ (UPI),2902,60749,9060,0.048,2026-05-24 05:32:31,268476,1031
Q24949969,Unified Payments Interface,ur,stub,یونیفائڈ پے منٹس انٹرفیس,2049,60749,6709,0.034,2025-03-19 23:11:28,268476,104
Q261327,Thrombosis,as,missing,,,19135,,,,137861,0
Q261327,Thrombosis,bh,missing,,,19135,,,,137861,0
Q261327,Thrombosis,bn,good,থ্রম্বোসিস,18520,19135,107483,0.968,2026-09-27 04:23:32,137861,343
Q261327,Thrombosis,gom,missing,,,19135,,,,137861,0
Q261327,Thrombosis,gu,missing,,,19135,,,,137861,0
Q261327,Thrombosis,hi,stub,घनास्रता,2635,19135,7279,0.138,2020-05-18 13:04:13,137861,401
Q261327,Thrombosis,kn,missing,,,19135,,,,137861,0
Q261327,Thrombosis,ks,missing,,,19135,,,,137861,0
Q261327,Thrombosis,mai,missing,,,19135,,,,137861,0
Q261327,Thrombosis,ml,partial,ത്രോംബോസിസ്,6390,19135,18256,0.334,2025-10-10 00:59:33,137861,300
Q261327,Thrombosis,mni,missing,,,19135,,,,137861,0
Q261327,Thrombosis,mr,missing,,,19135,,,,137861,0
Q261327,Thrombosis,ne,missing,,,19135,,,,137861,0
Q261327,Thrombosis,or,missing,,,19135,,,,137861,0
Q261327,Thrombosis,pa,missing,,,19135,,,,137861,0
Q261327,Thrombosis,sa,missing,,,19135,,,,137861,0
Q261327,Thrombosis,sat,missing,,,19135,,,,137861,0
Q261327,Thrombosis,sd,missing,,,19135,,,,137861,0
Q261327,Thrombosis,ta,good,குழலியக்குருதியுறைமை,12433,19135,40392,0.65,2025-10-24 09:15:45,137861,236
Q261327,Thrombosis,tcy,missing,,,19135,,,,137861,0
Q261327,Thrombosis,te,missing,,,19135,,,,137861,0
Q261327,Thrombosis,ur,missing,,,19135,,,,137861,0
Q267907,Hypersexuality,as,missing,,,13884,,,,508396,0
Q267907,Hypersexuality,bh,missing,,,13884,,,,508396,0
Q267907,Hypersexuality,bn,partial,অতিকামিতা,4528,13884,30491,0.326,2026-07-14 03:12:46,508396,1762
Q267907,Hypersexuality,gom,missing,,,13884,,,,508396,0
Q267907,Hypersexuality,gu,missing,,,13884,,,,508396,0
Q267907,Hypersexuality,hi,stub,अति कामुकता,1363,13884,6766,0.098,2026-06-20 16:33:52,508396,1381
Q267907,Hypersexuality,kn,missing,,,13884,,,,508396,0
Q267907,Hypersexuality,ks,missing,,,13884,,,,508396,0
Q267907,Hypersexuality,mai,missing,,,13884,,,,508396,0
Q267907,Hypersexuality,ml,partial,ഹൈപ്പർസെക്ഷ്വാലിറ്റി,2983,13884,14963,0.215,2024-09-27 12:03:47,508396,427
Q267907,Hypersexuality,mni,missing,,,13884,,,,508396,0
Q267907,Hypersexuality,mr,missing,,,13884,,,,508396,0
Q267907,Hypersexuality,ne,missing,,,13884,,,,508396,0
Q267907,Hypersexuality,or,missing,,,13884,,,,508396,0
Q267907,Hypersexuality,pa,missing,,,13884,,,,508396,0
Q267907,Hypersexuality,sa,missing,,,13884,,,,508396,0
Q267907,Hypersexuality,sat,missing,,,13884,,,,508396,0
Q267907,Hypersexuality,sd,missing,,,13884,,,,508396,0
Q267907,Hypersexuality,ta,missing,,,13884,,,,508396,0
Q267907,Hypersexuality,tcy,missing,,,13884,,,,508396,0
Q267907,Hypersexuality,te,missing,,,13884,,,,508396,0
Q267907,Hypersexuality,ur,stub,جنسی جنون,1857,13884,4008,0.134,2026-07-18 02:42:35,508396,45
Q270673,Personality disorder,as,missing,,,57410,,,,264780,0
Q270673,Personality disorder,bh,missing,,,57410,,,,264780,0
Q270673,Personality disorder,bn,good,ব্যক্তিত্বের ব্যাধি,54462,57410,243689,0.949,2026-09-24 05:39:04,264780,512
Q270673,Personality disorder,gom,missing,,,57410,,,,264780,0
Q270673,Personality disorder,gu,missing,,,57410,,,,264780,0
Q270673,Personality disorder,hi,partial,व्यक्तित्व विकार,11841,57410,37078,0.206,2023-09-17 08:37:54,264780,574
Q270673,Personality disorder,kn,missing,,,57410,,,,264780,0
Q270673,Personality disorder,ks,missing,,,57410,,,,264780,0
Q270673,Personality disorder,mai,missing,,,57410,,,,264780,0
Q270673,Personality disorder,ml,missing,,,57410,,,,264780,0
Q270673,Personality disorder,mni,missing,,,57410,,,,264780,0
Q270673,Personality disorder,mr,missing,,,57410,,,,264780,0
Q270673,Personality disorder,ne,missing,,,57410,,,,264780,0
Q270673,Personality disorder,or,stub,ବ୍ୟକ୍ତିତ୍ୱ ବିକାର,1755,57410,7147,0.031,2023-02-13 00:11:31,264780,85
Q270673,Personality disorder,pa,missing,,,57410,,,,264780,0
Q270673,Personality disorder,sa,partial,व्यक्तित्वविकारः,10228,57410,33673,0.178,2026-08-11 18:50:42,264780,68
Q270673,Personality disorder,sat,missing,,,57410,,,,264780,0
Q270673,Personality disorder,sd,missing,,,57410,,,,264780,0
Q270673,Personality disorder,ta,stub,ஆளுமைச் சிதைவு,950,57410,3829,0.017,2024-11-15 17:01:28,264780,323
Q270673,Personality disorder,tcy,missing,,,57410,,,,264780,0
Q270673,Personality disorder,te,stub,వ్యక్తిత్వ వైకల్యం,1731,57410,7871,0.03,2026-09-22 04:35:15,264780,0
Q270673,Personality disorder,ur,stub,شخصیتی عدم توازن کا عارضہ,1876,57410,5897,0.033,2025-05-30 06:12:21,264780,146
Q2715913,Fall armyworm,as,missing,,,21035,,,,36594,0
Q2715913,Fall armyworm,bh,missing,,,21035,,,,36594,0
Q2715913,Fall armyworm,bn,missing,,,21035,,,,36594,0
Q2715913,Fall armyworm,gom,missing,,,21035,,,,36594,0
Q2715913,Fall armyworm,gu,missing,,,21035,,,,36594,0
Q2715913,Fall armyworm,hi,missing,,,21035,,,,36594,0
Q2715913,Fall armyworm,kn,missing,,,21035,,,,36594,0
Q2715913,Fall armyworm,ks,missing,,,21035,,,,36594,0
Q2715913,Fall armyworm,mai,missing,,,21035,,,,36594,0
Q2715913,Fall armyworm,ml,stub,പട്ടാളപ്പുഴു,2938,21035,10561,0.14,2021-09-08 19:40:10,36594,185
Q2715913,Fall armyworm,mni,missing,,,21035,,,,36594,0
Q2715913,Fall armyworm,mr,missing,,,21035,,,,36594,0
Q2715913,Fall armyworm,ne,missing,,,21035,,,,36594,0
Q2715913,Fall armyworm,or,missing,,,21035,,,,36594,0
Q2715913,Fall armyworm,pa,missing,,,21035,,,,36594,0
Q2715913,Fall armyworm,sa,missing,,,21035,,,,36594,0
Q2715913,Fall armyworm,sat,missing,,,21035,,,,36594,0
Q2715913,Fall armyworm,sd,missing,,,21035,,,,36594,0
Q2715913,Fall armyworm,ta,partial,வீழ்ச்சி படைப்புழு,4069,21035,13782,0.193,2022-10-16 16:13:19,36594,66
Q2715913,Fall armyworm,tcy,missing,,,21035,,,,36594,0
Q2715913,Fall armyworm,te,stub,కత్తెర తెగులు,2594,21035,8026,0.123,2026-07-08 12:51:55,36594,126
Q2715913,Fall armyworm,ur,missing,,,21035,,,,36594,0
Q2723740,Income tax in India,as,missing,,,13708,,,,35564,0
Q2723740,Income tax in India,bh,missing,,,13708,,,,35564,0
Q2723740,Income tax in India,bn,missing,,,13708,,,,35564,0
Q2723740,Income tax in India,gom,missing,,,13708,,,,35564,0
Q2723740,Income tax in India,gu,missing,,,13708,,,,35564,0
Q2723740,Income tax in India,hi,good,भारत में आयकर,22273,13708,61642,1.0,2026-08-26 18:23:46,35564,2690
Q2723740,Income tax in India,kn,good,ಭಾರತದಲ್ಲಿ ಆದಾಯ ತೆರಿಗೆ,20381,13708,58728,1.0,2026-03-25 05:32:50,35564,1619
Q2723740,Income tax in India,ks,missing,,,13708,,,,35564,0
Q2723740,Income tax in India,mai,missing,,,13708,,,,35564,0
Q2723740,Income tax in India,ml,missing,,,13708,,,,35564,0
Q2723740,Income tax in India,mni,missing,,,13708,,,,35564,0
Q2723740,Income tax in India,mr,missing,,,13708,,,,35564,0
Q2723740,Income tax in India,ne,missing,,,13708,,,,35564,0
Q2723740,Income tax in India,or,missing,,,13708,,,,35564,0
Q2723740,Income tax in India,pa,stub,ਭਾਰਤ ਵਿੱਚ ਆਮਦਨ ਕਰ,783,13708,3001,0.057,2020-09-16 08:08:10,35564,98
Q2723740,Income tax in India,sa,missing,,,13708,,,,35564,0
Q2723740,Income tax in India,sat,missing,,,13708,,,,35564,0
Q2723740,Income tax in India,sd,missing,,,13708,,,,35564,0
Q2723740,Income tax in India,ta,good,இந்தியாவில் வருமானவரி,14789,13708,47769,1.0,2026-08-09 10:16:56,35564,1637
Q2723740,Income tax in India,tcy,missing,,,13708,,,,35564,0
Q2723740,Income tax in India,te,missing,,,13708,,,,35564,0
Q2723740,Income tax in India,ur,missing,,,13708,,,,35564,0
Q272436,Allergic rhinitis,as,missing,,,27016,,,,102941,0
Q272436,Allergic rhinitis,bh,missing,,,27016,,,,102941,0
Q272436,Allergic rhinitis,bn,missing,,,27016,,,,102941,0
Q272436,Allergic rhinitis,gom,missing,,,27016,,,,102941,0
Q272436,Allergic rhinitis,gu,missing,,,27016,,,,102941,0
Q272436,Allergic rhinitis,hi,stub,परागज ज्वर,2328,27016,6380,0.086,2020-03-03 12:53:36,102941,180
Q272436,Allergic rhinitis,kn,missing,,,27016,,,,102941,0
Q272436,Allergic rhinitis,ks,missing,,,27016,,,,102941,0
Q272436,Allergic rhinitis,mai,missing,,,27016,,,,102941,0
Q272436,Allergic rhinitis,ml,missing,,,27016,,,,102941,0
Q272436,Allergic rhinitis,mni,missing,,,27016,,,,102941,0
Q272436,Allergic rhinitis,mr,missing,,,27016,,,,102941,0
Q272436,Allergic rhinitis,ne,missing,,,27016,,,,102941,0
Q272436,Allergic rhinitis,or,stub,ଆଲର୍ଜିକ ନାକ ପ୍ରଦାହ,2184,27016,11115,0.081,2026-08-02 23:13:14,102941,73
Q272436,Allergic rhinitis,pa,missing,,,27016,,,,102941,0
Q272436,Allergic rhinitis,sa,missing,,,27016,,,,102941,0
Q272436,Allergic rhinitis,sat,missing,,,27016,,,,102941,0
Q272436,Allergic rhinitis,sd,missing,,,27016,,,,102941,0
Q272436,Allergic rhinitis,ta,missing,,,27016,,,,102941,0
Q272436,Allergic rhinitis,tcy,missing,,,27016,,,,102941,0
Q272436,Allergic rhinitis,te,stub,అలర్జిక్ రైనైటిస్,2895,27016,15266,0.107,2025-10-22 19:35:12,102941,160
Q272436,Allergic rhinitis,ur,stub,پولن الرجی,2510,27016,5595,0.093,2026-09-28 09:48:40,102941,302
Q2724674,Self-help group (finance),as,good,আত্মসহায়ক গোট,2692,3918,9839,0.687,2026-09-25 19:40:02,28678,5395
Q2724674,Self-help group (finance),bh,missing,,,3918,,,,28678,0
Q2724674,Self-help group (finance),bn,good,স্বনির্ভর গোষ্ঠী (অর্থায়ন),4830,3918,17930,1.0,2025-01-31 14:01:24,28678,2551
Q2724674,Self-help group (finance),gom,missing,,,3918,,,,28678,0
Q2724674,Self-help group (finance),gu,good,સ્વયં-સહાયક જૂથ (નાણાં વ્યવસ્થા),4325,3918,14393,1.0,2023-07-02 13:52:40,28678,539
Q2724674,Self-help group (finance),hi,missing,,,3918,,,,28678,0
Q2724674,Self-help group (finance),kn,good,ಸ್ವ-ಸಹಾಯ ಗುಂಪು (ಹಣಕಾಸು ವ್ಯವಸ್ಥೆ),4576,3918,16339,1.0,2026-03-26 11:36:43,28678,2719
Q2724674,Self-help group (finance),ks,missing,,,3918,,,,28678,0
Q2724674,Self-help group (finance),mai,missing,,,3918,,,,28678,0
Q2724674,Self-help group (finance),ml,missing,,,3918,,,,28678,0
Q2724674,Self-help group (finance),mni,missing,,,3918,,,,28678,0
Q2724674,Self-help group (finance),mr,good,बचत गट,4359,3918,13404,1.0,2026-09-29 15:01:39,28678,5531
Q2724674,Self-help group (finance),ne,missing,,,3918,,,,28678,0
Q2724674,Self-help group (finance),or,missing,,,3918,,,,28678,0
Q2724674,Self-help group (finance),pa,partial,ਸੈਲਫ ਹੈਲਪ ਗਰੁੱਪ,1204,3918,3796,0.307,2025-07-12 14:03:25,28678,55
Q2724674,Self-help group (finance),sa,missing,,,3918,,,,28678,0
Q2724674,Self-help group (finance),sat,missing,,,3918,,,,28678,0
Q2724674,Self-help group (finance),sd,missing,,,3918,,,,28678,0
Q2724674,Self-help group (finance),ta,partial,சுய உதவிக் குழுக்கள்,1125,3918,4180,0.287,2026-08-09 17:21:36,28678,2231
Q2724674,Self-help group (finance),tcy,missing,,,3918,,,,28678,0
Q2724674,Self-help group (finance),te,partial,స్వయం సహాయక బృందం,957,3918,3263,0.244,2025-01-19 16:52:23,28678,830
Q2724674,Self-help group (finance),ur,good,سیلف ہیلپ گروپ (مالیہ),10186,3918,23348,1.0,2025-03-21 07:42:41,28678,73
Q2725604,"Right to Information Act, 2005",as,partial,"তথ্য জনাৰ অধিকাৰ আইন, ২০০৫",2788,14942,9214,0.187,2026-05-11 04:21:17,88231,857
Q2725604,"Right to Information Act, 2005",bh,missing,,,14942,,,,88231,0
Q2725604,"Right to Information Act, 2005",bn,good,"তথ্য অধিকার আইন, ২০০৫ (ভারত)",8751,14942,36605,0.586,2025-08-01 17:25:37,88231,3167
Q2725604,"Right to Information Act, 2005",gom,missing,,,14942,,,,88231,0
Q2725604,"Right to Information Act, 2005",gu,good,માહિતીનો અધિકાર,13688,14942,36810,0.916,2025-10-05 07:27:31,88231,2990
Q2725604,"Right to Information Act, 2005",hi,good,"सूचना का अधिकार अधिनियम, २००५",14713,14942,38484,0.985,2026-08-14 13:16:56,88231,6912
Q2725604,"Right to Information Act, 2005",kn,good,"ಭಾರತೀಯ ಮಾಹಿತಿ ಹಕ್ಕು ಕಾಯಿದೆ, ೨೦೦೫",16560,14942,45652,1.0,2026-03-25 06:01:30,88231,4897
Q2725604,"Right to Information Act, 2005",ks,missing,,,14942,,,,88231,0
Q2725604,"Right to Information Act, 2005",mai,missing,,,14942,,,,88231,0
Q2725604,"Right to Information Act, 2005",ml,good,വിവരാവകാശനിയമം 2005,13881,14942,42397,0.929,2025-08-18 15:35:55,88231,7069
Q2725604,"Right to Information Act, 2005",mni,missing,,,14942,,,,88231,0
Q2725604,"Right to Information Act, 2005",mr,stub,माहिती अधिकार,1853,14942,4801,0.124,2024-07-08 13:03:25,88231,4374
Q2725604,"Right to Information Act, 2005",ne,missing,,,14942,,,,88231,0
Q2725604,"Right to Information Act, 2005",or,good,ସୂଚନା ଅଧିକାର ଆଇନ ୨୦୦୫,10109,14942,28367,0.677,2022-12-17 14:30:08,88231,384
Q2725604,"Right to Information Act, 2005",pa,partial,ਸੂਚਨਾ ਦਾ ਅਧਿਕਾਰ ਐਕਟ,5756,14942,15476,0.385,2022-01-14 05:48:37,88231,187
Q2725604,"Right to Information Act, 2005",sa,missing,,,14942,,,,88231,0
Q2725604,"Right to Information Act, 2005",sat,missing,,,14942,,,,88231,0
Q2725604,"Right to Information Act, 2005",sd,missing,,,14942,,,,88231,0
Q2725604,"Right to Information Act, 2005",ta,good,"தகவல் அறியும் உரிமைச் சட்டம், 2005",9524,14942,28157,0.637,2026-03-06 01:22:00,88231,9131
Q2725604,"Right to Information Act, 2005",tcy,missing,,,14942,,,,88231,0
Q2725604,"Right to Information Act, 2005",te,good,సమాచార హక్కు,12846,14942,37933,0.86,2026-05-15 17:52:52,88231,6126
Q2725604,"Right to Information Act, 2005",ur,good,قانون حق معلومات، 2005ء,10298,14942,23453,0.689,2026-09-25 14:56:03,88231,259
Q272741,Adenoma,as,missing,,,7766,,,,34840,0
Q272741,Adenoma,bh,missing,,,7766,,,,34840,0
Q272741,Adenoma,bn,good,অ্যাডিনোমা,7483,7766,27689,0.964,2026-09-23 23:01:12,34840,163
Q272741,Adenoma,gom,missing,,,7766,,,,34840,0
Q272741,Adenoma,gu,missing,,,7766,,,,34840,0
Q272741,Adenoma,hi,missing,,,7766,,,,34840,0
Q272741,Adenoma,kn,missing,,,7766,,,,34840,0
Q272741,Adenoma,ks,missing,,,7766,,,,34840,0
Q272741,Adenoma,mai,missing,,,7766,,,,34840,0
Q272741,Adenoma,ml,stub,അഡിനോമ,1053,7766,3706,0.136,2023-01-09 10:01:50,34840,100
Q272741,Adenoma,mni,missing,,,7766,,,,34840,0
Q272741,Adenoma,mr,missing,,,7766,,,,34840,0
Q272741,Adenoma,ne,missing,,,7766,,,,34840,0
Q272741,Adenoma,or,missing,,,7766,,,,34840,0
Q272741,Adenoma,pa,missing,,,7766,,,,34840,0
Q272741,Adenoma,sa,missing,,,7766,,,,34840,0
Q272741,Adenoma,sat,missing,,,7766,,,,34840,0
Q272741,Adenoma,sd,missing,,,7766,,,,34840,0
Q272741,Adenoma,ta,partial,சுரப்பிக்கட்டி,1473,7766,5549,0.19,2026-07-20 21:30:20,34840,97
Q272741,Adenoma,tcy,missing,,,7766,,,,34840,0
Q272741,Adenoma,te,stub,ఎడినోమా,635,7766,2373,0.082,2024-07-06 00:35:54,34840,134
Q272741,Adenoma,ur,stub,غدومہ,756,7766,2339,0.097,2026-04-29 12:32:07,34840,126
Q2732840,Gram panchayat,as,partial,গাঁও পঞ্চায়ত,1058,4515,4509,0.234,2025-05-20 14:46:29,145524,2412
Q2732840,Gram panchayat,bh,missing,,,4515,,,,145524,0
Q2732840,Gram panchayat,bn,good,গ্রাম পঞ্চায়েত,3659,4515,21372,0.81,2026-04-24 22:11:30,145524,4236
Q2732840,Gram panchayat,gom,missing,,,4515,,,,145524,0
Q2732840,Gram panchayat,gu,partial,ગ્રામ પંચાયત,1792,4515,6885,0.397,2024-07-27 12:18:54,145524,10437
Q2732840,Gram panchayat,hi,good,पंचायत,7673,4515,23689,1.0,2024-12-19 15:24:08,145524,3312
Q2732840,Gram panchayat,kn,good,ಗ್ರಾಮ ಪಂಚಾಯತಿ,9618,4515,26402,1.0,2026-03-23 02:33:04,145524,8920
Q2732840,Gram panchayat,ks,missing,,,4515,,,,145524,0
Q2732840,Gram panchayat,mai,missing,,,4515,,,,145524,0
Q2732840,Gram panchayat,ml,good,ഗ്രാമ പഞ്ചായത്ത്,9864,4515,34015,1.0,2026-04-10 02:29:06,145524,5298
Q2732840,Gram panchayat,mni,missing,,,4515,,,,145524,0
Q2732840,Gram panchayat,mr,good,ग्रामपंचायत,12204,4515,34931,1.0,2026-09-20 12:53:33,145524,31119
Q2732840,Gram panchayat,ne,partial,ग्राम पञ्चायत,2187,4515,10161,0.484,2026-09-26 03:06:32,145524,87
Q2732840,Gram panchayat,or,partial,ଗ୍ରାମ ପଞ୍ଚାୟତ,1325,4515,3588,0.293,2024-01-10 13:19:21,145524,628
Q2732840,Gram panchayat,pa,partial,ਗ੍ਰਾਮ ਪੰਚਾਇਤ,2153,4515,7276,0.477,2025-09-23 06:55:41,145524,1041
Q2732840,Gram panchayat,sa,missing,,,4515,,,,145524,0
Q2732840,Gram panchayat,sat,good,ᱜᱨᱟᱢ ᱯᱚᱧᱪᱟᱭᱚᱛ,4027,4515,15870,0.892,2025-08-25 04:59:06,145524,47
Q2732840,Gram panchayat,sd,missing,,,4515,,,,145524,0
Q2732840,Gram panchayat,ta,good,கிராம ஊராட்சி,2966,4515,9718,0.657,2026-03-06 01:33:20,145524,10996
Q2732840,Gram panchayat,tcy,missing,,,4515,,,,145524,0
Q2732840,Gram panchayat,te,good,గ్రామ పంచాయతీ,8674,4515,26893,1.0,2024-10-09 05:24:54,145524,11134
Q2732840,Gram panchayat,ur,stub,پنچایت,570,4515,1537,0.126,2026-07-16 07:19:21,145524,340
Q275419,Hypotension,as,missing,,,14575,,,,113391,0
Q275419,Hypotension,bh,missing,,,14575,,,,113391,0
Q275419,Hypotension,bn,partial,নিম্ন রক্তচাপ,4672,14575,15483,0.321,2024-08-07 01:40:01,113391,1509
Q275419,Hypotension,gom,missing,,,14575,,,,113391,0
Q275419,Hypotension,gu,missing,,,14575,,,,113391,0
Q275419,Hypotension,hi,partial,निम्न रक्तचाप,4363,14575,13499,0.299,2024-03-13 01:29:26,113391,420
Q275419,Hypotension,kn,missing,,,14575,,,,113391,0
Q275419,Hypotension,ks,stub,کم خوٗنُک دباو,646,14575,3310,0.044,2024-09-28 18:01:03,113391,62
Q275419,Hypotension,mai,missing,,,14575,,,,113391,0
Q275419,Hypotension,ml,missing,,,14575,,,,113391,0
Q275419,Hypotension,mni,missing,,,14575,,,,113391,0
Q275419,Hypotension,mr,missing,,,14575,,,,113391,0
Q275419,Hypotension,ne,missing,,,14575,,,,113391,0
Q275419,Hypotension,or,missing,,,14575,,,,113391,0
Q275419,Hypotension,pa,missing,,,14575,,,,113391,0
Q275419,Hypotension,sa,missing,,,14575,,,,113391,0
Q275419,Hypotension,sat,missing,,,14575,,,,113391,0
Q275419,Hypotension,sd,missing,,,14575,,,,113391,0
Q275419,Hypotension,ta,missing,,,14575,,,,113391,0
Q275419,Hypotension,tcy,missing,,,14575,,,,113391,0
Q275419,Hypotension,te,missing,,,14575,,,,113391,0
Q275419,Hypotension,ur,stub,پست فشار خون,1203,14575,6776,0.083,2025-07-01 11:53:21,113391,77
Q275459,Acute radiation syndrome,as,missing,,,29436,,,,495960,0
Q275459,Acute radiation syndrome,bh,missing,,,29436,,,,495960,0
Q275459,Acute radiation syndrome,bn,stub,প্রকট বিকিরণজনিত সংলক্ষণ,2548,29436,16318,0.087,2025-01-04 16:23:57,495960,46
Q275459,Acute radiation syndrome,gom,missing,,,29436,,,,495960,0
Q275459,Acute radiation syndrome,gu,missing,,,29436,,,,495960,0
Q275459,Acute radiation syndrome,hi,stub,एक्यूट रेडिएशन सिंड्रोम,2070,29436,7503,0.07,2026-08-26 13:28:57,495960,94
Q275459,Acute radiation syndrome,kn,missing,,,29436,,,,495960,0
Q275459,Acute radiation syndrome,ks,stub,اکیوٹ ریڈیشن سنڈروم,2274,29436,10421,0.077,2026-09-22 18:01:17,495960,0
Q275459,Acute radiation syndrome,mai,missing,,,29436,,,,495960,0
Q275459,Acute radiation syndrome,ml,missing,,,29436,,,,495960,0
Q275459,Acute radiation syndrome,mni,missing,,,29436,,,,495960,0
Q275459,Acute radiation syndrome,mr,missing,,,29436,,,,495960,0
Q275459,Acute radiation syndrome,ne,missing,,,29436,,,,495960,0
Q275459,Acute radiation syndrome,or,stub,ତୀବ୍ର ବିକିରଣ ସିଣ୍ଡ୍ରୋମ,2039,29436,9746,0.069,2023-02-13 00:10:30,495960,70
Q275459,Acute radiation syndrome,pa,missing,,,29436,,,,495960,0
Q275459,Acute radiation syndrome,sa,missing,,,29436,,,,495960,0
Q275459,Acute radiation syndrome,sat,missing,,,29436,,,,495960,0
Q275459,Acute radiation syndrome,sd,missing,,,29436,,,,495960,0
Q275459,Acute radiation syndrome,ta,partial,கடிய கதிர்வீச்சு நோய்க்கூட்டறிகுறி,13492,29436,50898,0.458,2026-07-24 06:58:25,495960,120
Q275459,Acute radiation syndrome,tcy,missing,,,29436,,,,495960,0
Q275459,Acute radiation syndrome,te,stub,అక్యూట్ రేడియేషన్ సిండ్రోమ్,2203,29436,12923,0.075,2026-09-11 16:18:55,495960,0
Q275459,Acute radiation syndrome,ur,missing,,,29436,,,,495960,0
Q275466,Embolism,as,missing,,,5278,,,,92206,0
Q275466,Embolism,bh,missing,,,5278,,,,92206,0
Q275466,Embolism,bn,missing,,,5278,,,,92206,0
Q275466,Embolism,gom,missing,,,5278,,,,92206,0
Q275466,Embolism,gu,missing,,,5278,,,,92206,0
Q275466,Embolism,hi,partial,वाहिकारोध,1075,5278,3117,0.204,2020-03-03 13:23:04,92206,117
Q275466,Embolism,kn,missing,,,5278,,,,92206,0
Q275466,Embolism,ks,missing,,,5278,,,,92206,0
Q275466,Embolism,mai,missing,,,5278,,,,92206,0
Q275466,Embolism,ml,missing,,,5278,,,,92206,0
Q275466,Embolism,mni,missing,,,5278,,,,92206,0
Q275466,Embolism,mr,missing,,,5278,,,,92206,0
Q275466,Embolism,ne,missing,,,5278,,,,92206,0
Q275466,Embolism,or,missing,,,5278,,,,92206,0
Q275466,Embolism,pa,missing,,,5278,,,,92206,0
Q275466,Embolism,sa,missing,,,5278,,,,92206,0
Q275466,Embolism,sat,missing,,,5278,,,,92206,0
Q275466,Embolism,sd,missing,,,5278,,,,92206,0
Q275466,Embolism,ta,partial,குருதிக் குழாய்க்கட்டி அடைப்பு,1066,5278,4780,0.202,2026-07-20 17:22:24,92206,92
Q275466,Embolism,tcy,missing,,,5278,,,,92206,0
Q275466,Embolism,te,missing,,,5278,,,,92206,0
Q275466,Embolism,ur,missing,,,5278,,,,92206,0
Q276469,Blister,as,missing,,,8618,,,,108455,0
Q276469,Blister,bh,missing,,,8618,,,,108455,0
Q276469,Blister,bn,partial,ফোস্কা,1717,8618,6375,0.199,2024-04-25 08:11:21,108455,496
Q276469,Blister,gom,missing,,,8618,,,,108455,0
Q276469,Blister,gu,missing,,,8618,,,,108455,0
Q276469,Blister,hi,partial,फफोला,3149,8618,11284,0.365,2026-07-03 13:39:35,108455,70
Q276469,Blister,kn,stub,ಬೊಬ್ಬೆ,678,8618,2503,0.079,2026-03-25 03:47:50,108455,128
Q276469,Blister,ks,stub,بَستہٕ,23,8618,141,0.003,2024-04-09 18:00:45,108455,61
Q276469,Blister,mai,missing,,,8618,,,,108455,0
Q276469,Blister,ml,missing,,,8618,,,,108455,0
Q276469,Blister,mni,missing,,,8618,,,,108455,0
Q276469,Blister,mr,missing,,,8618,,,,108455,0
Q276469,Blister,ne,missing,,,8618,,,,108455,0
Q276469,Blister,or,missing,,,8618,,,,108455,0
Q276469,Blister,pa,missing,,,8618,,,,108455,0
Q276469,Blister,sa,missing,,,8618,,,,108455,0
Q276469,Blister,sat,missing,,,8618,,,,108455,0
Q276469,Blister,sd,missing,,,8618,,,,108455,0
Q276469,Blister,ta,missing,,,8618,,,,108455,0
Q276469,Blister,tcy,missing,,,8618,,,,108455,0
Q276469,Blister,te,stub,బొబ్బ,1169,8618,4773,0.136,2023-03-01 13:54:17,108455,270
Q276469,Blister,ur,missing,,,8618,,,,108455,0
Q27679782,Goods and Services Tax (India),as,stub,জিএছটি,1178,30929,3804,0.038,2022-07-28 14:51:22,272311,1743
Q27679782,Goods and Services Tax (India),bh,stub,सामान आ सेवा टैक्स (भारत),481,30929,1859,0.016,2023-06-03 18:51:19,272311,85
Q27679782,Goods and Services Tax (India),bn,stub,পণ্য ও পরিষেবা কর (ভারত),2783,30929,12156,0.09,2026-02-01 16:11:23,272311,1411
Q27679782,Goods and Services Tax (India),gom,missing,,,30929,,,,272311,0
Q27679782,Goods and Services Tax (India),gu,missing,,,30929,,,,272311,0
Q27679782,Goods and Services Tax (India),hi,partial,वस्तु एवं सेवा कर (भारत),7855,30929,39745,0.254,2026-08-18 14:11:37,272311,10018
Q27679782,Goods and Services Tax (India),kn,good,ಸರಕು ಮತ್ತು ಸೇವಾ ತೆರಿಗೆ (ಭಾರತ),24011,30929,94040,0.776,2026-03-26 06:04:31,272311,12575
Q27679782,Goods and Services Tax (India),ks,missing,,,30929,,,,272311,0
Q27679782,Goods and Services Tax (India),mai,stub,सामान आ सेवा कर (भारत),1783,30929,7017,0.058,2026-09-29 05:27:02,272311,65
Q27679782,Goods and Services Tax (India),ml,partial,ചരക്കു സേവന നികുതി (ഇന്ത്യ),11556,30929,33012,0.374,2026-07-14 18:16:00,272311,2966
Q27679782,Goods and Services Tax (India),mni,missing,,,30929,,,,272311,0
Q27679782,Goods and Services Tax (India),mr,partial,वस्तू व सेवा कर (भारत),5318,30929,16332,0.172,2026-09-30 12:14:40,272311,5984
Q27679782,Goods and Services Tax (India),ne,missing,,,30929,,,,272311,0
Q27679782,Goods and Services Tax (India),or,missing,,,30929,,,,272311,0
Q27679782,Goods and Services Tax (India),pa,partial,ਵਸਤਾਂ ਅਤੇ ਸੇਵਾਵਾਂ ਕਰ (ਭਾਰਤ),8117,30929,27792,0.262,2025-10-04 14:08:11,272311,631
Q27679782,Goods and Services Tax (India),sa,partial,वस्तुसेवयोः करः (भारतम्),5257,30929,18453,0.17,2025-12-29 14:15:38,272311,110
Q27679782,Goods and Services Tax (India),sat,missing,,,30929,,,,272311,0
Q27679782,Goods and Services Tax (India),sd,missing,,,30929,,,,272311,0
Q27679782,Goods and Services Tax (India),ta,partial,சரக்கு மற்றும் சேவை வரி (இந்தியா),10739,30929,45206,0.347,2026-09-12 06:52:07,272311,6343
Q27679782,Goods and Services Tax (India),tcy,missing,,,30929,,,,272311,0
Q27679782,Goods and Services Tax (India),te,stub,"వస్తు, సేవల పన్ను (జీఎస్టీ)",2991,30929,8890,0.097,2024-08-14 15:04:57,272311,21239
Q27679782,Goods and Services Tax (India),ur,stub,گڈز اینڈ سروسز ٹیکس (بھارت),2639,30929,9739,0.085,2025-04-28 11:40:20,272311,143
Q281490,Urinary incontinence,as,missing,,,30300,,,,130877,0
Q281490,Urinary incontinence,bh,missing,,,30300,,,,130877,0
Q281490,Urinary incontinence,bn,missing,,,30300,,,,130877,0
Q281490,Urinary incontinence,gom,missing,,,30300,,,,130877,0
Q281490,Urinary incontinence,gu,missing,,,30300,,,,130877,0
Q281490,Urinary incontinence,hi,stub,मूत्र असंयम,1433,30300,7040,0.047,2026-07-05 11:12:26,130877,15
Q281490,Urinary incontinence,kn,missing,,,30300,,,,130877,0
Q281490,Urinary incontinence,ks,missing,,,30300,,,,130877,0
Q281490,Urinary incontinence,mai,missing,,,30300,,,,130877,0
Q281490,Urinary incontinence,ml,missing,,,30300,,,,130877,0
Q281490,Urinary incontinence,mni,missing,,,30300,,,,130877,0
Q281490,Urinary incontinence,mr,missing,,,30300,,,,130877,0
Q281490,Urinary incontinence,ne,missing,,,30300,,,,130877,0
Q281490,Urinary incontinence,or,stub,ଅନିଚ୍ଛାକୃତ ମୂତ୍ରତ୍ୟାଗ,1390,30300,6696,0.046,2024-10-25 19:46:26,130877,76
Q281490,Urinary incontinence,pa,missing,,,30300,,,,130877,0
Q281490,Urinary incontinence,sa,missing,,,30300,,,,130877,0
Q281490,Urinary incontinence,sat,missing,,,30300,,,,130877,0
Q281490,Urinary incontinence,sd,missing,,,30300,,,,130877,0
Q281490,Urinary incontinence,ta,stub,கட்டுப்பாடிழந்த சீறுநீர்ப்போக்கு,948,30300,3548,0.031,2026-02-23 11:14:28,130877,87
Q281490,Urinary incontinence,tcy,missing,,,30300,,,,130877,0
Q281490,Urinary incontinence,te,stub,మూత్రం నియంత్రణలేమి,1678,30300,7724,0.055,2024-07-04 03:17:43,130877,151
Q281490,Urinary incontinence,ur,stub,پیشاب کی بے ضابطگی,1387,30300,6843,0.046,2025-03-27 09:33:53,130877,148
Q281928,Social anxiety disorder,as,missing,,,32571,,,,175354,0
Q281928,Social anxiety disorder,bh,missing,,,32571,,,,175354,0
Q281928,Social anxiety disorder,bn,stub,সামাজিক উদ্বেগমূলক ব্যাধি,1721,32571,8895,0.053,2026-05-24 06:57:04,175354,339
Q281928,Social anxiety disorder,gom,missing,,,32571,,,,175354,0
Q281928,Social anxiety disorder,gu,missing,,,32571,,,,175354,0
Q281928,Social anxiety disorder,hi,stub,सामाजिक दुर्भीति,1124,32571,4638,0.035,2021-03-27 04:21:33,175354,412
Q281928,Social anxiety disorder,kn,missing,,,32571,,,,175354,0
Q281928,Social anxiety disorder,ks,missing,,,32571,,,,175354,0
Q281928,Social anxiety disorder,mai,missing,,,32571,,,,175354,0
Q281928,Social anxiety disorder,ml,missing,,,32571,,,,175354,0
Q281928,Social anxiety disorder,mni,missing,,,32571,,,,175354,0
Q281928,Social anxiety disorder,mr,missing,,,32571,,,,175354,0
Q281928,Social anxiety disorder,ne,missing,,,32571,,,,175354,0
Q281928,Social anxiety disorder,or,stub,ସାମାଜିକ ଉଦବେଗ ରୋଗ,1508,32571,7571,0.046,2023-05-15 09:11:58,175354,77
Q281928,Social anxiety disorder,pa,missing,,,32571,,,,175354,0
Q281928,Social anxiety disorder,sa,missing,,,32571,,,,175354,0
Q281928,Social anxiety disorder,sat,missing,,,32571,,,,175354,0
Q281928,Social anxiety disorder,sd,missing,,,32571,,,,175354,0
Q281928,Social anxiety disorder,ta,missing,,,32571,,,,175354,0
Q281928,Social anxiety disorder,tcy,missing,,,32571,,,,175354,0
Q281928,Social anxiety disorder,te,missing,,,32571,,,,175354,0
Q281928,Social anxiety disorder,ur,stub,سماجی اضطراب کی خرابی,1581,32571,6248,0.049,2026-04-08 05:45:25,175354,306
Q282142,Glioblastoma,as,missing,,,28384,,,,889999,0
Q282142,Glioblastoma,bh,missing,,,28384,,,,889999,0
Q282142,Glioblastoma,bn,stub,গ্লিওব্লাস্টোমা,3758,28384,22666,0.132,2025-08-02 00:16:18,889999,308
Q282142,Glioblastoma,gom,missing,,,28384,,,,889999,0
Q282142,Glioblastoma,gu,missing,,,28384,,,,889999,0
Q282142,Glioblastoma,hi,stub,ग्लयोब्लास्टोमा मल्टीफार्मी,809,28384,2364,0.029,2021-08-05 14:07:36,889999,219
Q282142,Glioblastoma,kn,missing,,,28384,,,,889999,0
Q282142,Glioblastoma,ks,stub,گلیوبلوسٹوما,1798,28384,7678,0.063,2026-08-20 18:01:54,889999,63
Q282142,Glioblastoma,mai,missing,,,28384,,,,889999,0
Q282142,Glioblastoma,ml,partial,ഗ്ലിയോബ്ലാസ്റ്റോമ,5531,28384,29321,0.195,2025-10-09 22:00:29,889999,266
Q282142,Glioblastoma,mni,missing,,,28384,,,,889999,0
Q282142,Glioblastoma,mr,missing,,,28384,,,,889999,0
Q282142,Glioblastoma,ne,missing,,,28384,,,,889999,0
Q282142,Glioblastoma,or,stub,ଗ୍ଲାୟୋବ୍ଲାସ୍ଟୋମା ମଲ୍ଟିଫର୍ମ,1449,28384,8238,0.051,2026-08-14 04:18:41,889999,75
Q282142,Glioblastoma,pa,missing,,,28384,,,,889999,0
Q282142,Glioblastoma,sa,missing,,,28384,,,,889999,0
Q282142,Glioblastoma,sat,missing,,,28384,,,,889999,0
Q282142,Glioblastoma,sd,stub,گلائيوبلاسٽوما,1657,28384,8145,0.058,2026-09-22 08:04:33,889999,72
Q282142,Glioblastoma,ta,partial,மூளைநரம்பு உயிரணுப் புற்றுநோய்,4692,28384,20995,0.165,2022-10-20 05:19:28,889999,390
Q282142,Glioblastoma,tcy,missing,,,28384,,,,889999,0
Q282142,Glioblastoma,te,stub,గ్లియోబ్లాస్టోమా,1750,28384,10330,0.062,2026-10-01 20:30:09,889999,0
Q282142,Glioblastoma,ur,missing,,,28384,,,,889999,0
Q2836,Aphasia,as,missing,,,49364,,,,438127,0
Q2836,Aphasia,bh,missing,,,49364,,,,438127,0
Q2836,Aphasia,bn,stub,বাক্শক্তিরোধ,5034,49364,27750,0.102,2025-09-29 14:17:40,438127,146
Q2836,Aphasia,gom,missing,,,49364,,,,438127,0
Q2836,Aphasia,gu,missing,,,49364,,,,438127,0
Q2836,Aphasia,hi,stub,वाचाघात,2599,49364,7063,0.053,2020-06-15 15:42:27,438127,183
Q2836,Aphasia,kn,missing,,,49364,,,,438127,0
Q2836,Aphasia,ks,missing,,,49364,,,,438127,0
Q2836,Aphasia,mai,missing,,,49364,,,,438127,0
Q2836,Aphasia,ml,missing,,,49364,,,,438127,0
Q2836,Aphasia,mni,missing,,,49364,,,,438127,0
Q2836,Aphasia,mr,missing,,,49364,,,,438127,0
Q2836,Aphasia,ne,missing,,,49364,,,,438127,0
Q2836,Aphasia,or,missing,,,49364,,,,438127,0
Q2836,Aphasia,pa,missing,,,49364,,,,438127,0
Q2836,Aphasia,sa,missing,,,49364,,,,438127,0
Q2836,Aphasia,sat,missing,,,49364,,,,438127,0
Q2836,Aphasia,sd,stub,افاشيا,121,49364,219,0.002,2015-05-04 15:29:40,438127,49
Q2836,Aphasia,ta,missing,,,49364,,,,438127,0
Q2836,Aphasia,tcy,missing,,,49364,,,,438127,0
Q2836,Aphasia,te,missing,,,49364,,,,438127,0
Q2836,Aphasia,ur,stub,عدمِ کلام,584,49364,1697,0.012,2024-01-14 07:57:19,438127,84
Q2840,Influenza,as,stub,ইনফ্লুৱেঞ্জা,2067,65847,9170,0.031,2026-08-26 14:31:42,373704,291
Q2840,Influenza,bh,missing,,,65847,,,,373704,0
Q2840,Influenza,bn,stub,ইনফ্লুয়েঞ্জা,3636,65847,14709,0.055,2024-08-06 09:20:33,373704,1442
Q2840,Influenza,gom,missing,,,65847,,,,373704,0
Q2840,Influenza,gu,missing,,,65847,,,,373704,0
Q2840,Influenza,hi,stub,इनफ़्लुएंज़ा,5801,65847,15431,0.088,2025-09-02 10:07:35,373704,391
Q2840,Influenza,kn,stub,ಇನ್ಫ್ಲುಯೆನ್ಜ,5162,65847,16189,0.078,2026-03-22 04:31:20,373704,300
Q2840,Influenza,ks,missing,,,65847,,,,373704,0
Q2840,Influenza,mai,missing,,,65847,,,,373704,0
Q2840,Influenza,ml,stub,ഇൻഫ്ലുവെൻസ,6144,65847,32623,0.093,2026-07-09 16:15:56,373704,2110
Q2840,Influenza,mni,missing,,,65847,,,,373704,0
Q2840,Influenza,mr,stub,इन्फ्लुएन्झा,8923,65847,24054,0.136,2023-08-31 03:47:22,373704,383
Q2840,Influenza,ne,stub,इन्फ्लुएन्जा,1249,65847,5303,0.019,2026-08-23 00:21:43,373704,135
Q2840,Influenza,or,stub,ଇନ୍‌ଫ୍ଲୁଏଞ୍ଜା,2512,65847,10289,0.038,2026-08-02 20:37:13,373704,221
Q2840,Influenza,pa,stub,ਇਨਫਲੂਐਨਜ਼ਾ,594,65847,2603,0.009,2019-05-04 06:40:55,373704,121
Q2840,Influenza,sa,missing,,,65847,,,,373704,0
Q2840,Influenza,sat,missing,,,65847,,,,373704,0
Q2840,Influenza,sd,partial,وبائي زڪام,18364,65847,32932,0.279,2025-02-10 13:24:34,373704,115
Q2840,Influenza,ta,stub,இன்ஃபுளுவென்சா,6752,65847,27535,0.103,2026-07-20 18:22:38,373704,2028
Q2840,Influenza,tcy,missing,,,65847,,,,373704,0
Q2840,Influenza,te,stub,ఫ్లూ,1449,65847,4258,0.022,2024-11-16 18:39:50,373704,181
Q2840,Influenza,ur,stub,نزلہ,562,65847,1955,0.009,2025-10-16 07:52:49,373704,284
Q28693,Miscarriage,as,stub,স্বতঃস্ফূৰ্ত গৰ্ভপাত,2478,38533,17586,0.064,2025-07-11 19:46:50,167015,281
Q28693,Miscarriage,bh,missing,,,38533,,,,167015,0
Q28693,Miscarriage,bn,stub,গর্ভস্রাব,2274,38533,17494,0.059,2025-08-01 23:44:15,167015,307
Q28693,Miscarriage,gom,missing,,,38533,,,,167015,0
Q28693,Miscarriage,gu,missing,,,38533,,,,167015,0
Q28693,Miscarriage,hi,good,गर्भस्राव,19892,38533,78603,0.516,2026-09-24 09:04:06,167015,581
Q28693,Miscarriage,kn,good,ಗರ್ಭಪಾತ,20504,38533,81063,0.532,2026-08-12 04:17:02,167015,980
Q28693,Miscarriage,ks,missing,,,38533,,,,167015,0
Q28693,Miscarriage,mai,missing,,,38533,,,,167015,0
Q28693,Miscarriage,ml,stub,ഗർഭമലസൽ,1827,38533,14850,0.047,2026-07-09 21:46:33,167015,340
Q28693,Miscarriage,mni,missing,,,38533,,,,167015,0
Q28693,Miscarriage,mr,stub,गर्भस्राव,348,38533,1460,0.009,2022-10-04 11:03:30,167015,72
Q28693,Miscarriage,ne,stub,गर्भस्राव,4542,38533,33644,0.118,2026-09-08 22:38:56,167015,43
Q28693,Miscarriage,or,stub,ସ୍ୱତଃ ଗର୍ଭପାତ,1774,38533,9285,0.046,2025-07-12 03:37:12,167015,90
Q28693,Miscarriage,pa,stub,ਗਰਭ ਗਿਰਨਾ,3000,38533,19392,0.078,2026-07-30 00:34:10,167015,119
Q28693,Miscarriage,sa,missing,,,38533,,,,167015,0
Q28693,Miscarriage,sat,missing,,,38533,,,,167015,0
Q28693,Miscarriage,sd,missing,,,38533,,,,167015,0
Q28693,Miscarriage,ta,good,கருச்சிதைவு,20692,38533,87032,0.537,2026-09-22 22:28:00,167015,1652
Q28693,Miscarriage,tcy,missing,,,38533,,,,167015,0
Q28693,Miscarriage,te,stub,మిస్‍క్యారేజ్,2333,38533,16475,0.061,2026-08-26 10:03:35,167015,5
Q28693,Miscarriage,ur,stub,اسقاط حمل,2376,38533,15792,0.062,2026-06-18 16:26:55,167015,725
Q29137,Cybercrime,as,missing,,,45950,,,,166005,0
Q29137,Cybercrime,bh,stub,साइबरक्राइम,137,45950,509,0.003,2025-04-21 16:17:14,166005,130
Q29137,Cybercrime,bn,partial,সাইবার অপরাধ,18114,45950,55984,0.394,2026-05-06 03:05:38,166005,5673
Q29137,Cybercrime,gom,missing,,,45950,,,,166005,0
Q29137,Cybercrime,gu,missing,,,45950,,,,166005,0
Q29137,Cybercrime,hi,partial,साईबर अपराध,8617,45950,23150,0.188,2026-06-13 08:08:10,166005,17182
Q29137,Cybercrime,kn,missing,,,45950,,,,166005,0
Q29137,Cybercrime,ks,missing,,,45950,,,,166005,0
Q29137,Cybercrime,mai,missing,,,45950,,,,166005,0
Q29137,Cybercrime,ml,stub,സൈബർ കുറ്റകൃത്യം,1286,45950,4525,0.028,2025-01-17 11:52:19,166005,2050
Q29137,Cybercrime,mni,missing,,,45950,,,,166005,0
Q29137,Cybercrime,mr,stub,सायबर गुन्हा,3942,45950,11211,0.086,2025-05-02 02:51:22,166005,2573
Q29137,Cybercrime,ne,partial,विद्युतीय अपराध,13876,45950,38600,0.302,2025-09-01 07:18:42,166005,1770
Q29137,Cybercrime,or,missing,,,45950,,,,166005,0
Q29137,Cybercrime,pa,partial,ਸਾਈਬਰ ਅਪਰਾਧ,13299,45950,43577,0.289,2025-11-08 12:39:37,166005,1453
Q29137,Cybercrime,sa,missing,,,45950,,,,166005,0
Q29137,Cybercrime,sat,missing,,,45950,,,,166005,0
Q29137,Cybercrime,sd,missing,,,45950,,,,166005,0
Q29137,Cybercrime,ta,stub,கணினி குற்றம்,4209,45950,13523,0.092,2025-07-03 05:12:37,166005,1124
Q29137,Cybercrime,tcy,missing,,,45950,,,,166005,0
Q29137,Cybercrime,te,partial,సైబర్ క్రైం,16454,45950,53304,0.358,2026-08-26 10:05:00,166005,1904
Q29137,Cybercrime,ur,stub,سائبر کرائم,789,45950,1855,0.017,2026-06-22 17:10:05,166005,682
Q3025883,Type 2 diabetes,as,missing,,,29418,,,,223046,0
Q3025883,Type 2 diabetes,bh,missing,,,29418,,,,223046,0
Q3025883,Type 2 diabetes,bn,good,টাইপ ২ ডায়াবেটিস,17537,29418,123365,0.596,2026-09-22 20:59:25,223046,2207
Q3025883,Type 2 diabetes,gom,missing,,,29418,,,,223046,0
Q3025883,Type 2 diabetes,gu,missing,,,29418,,,,223046,0
Q3025883,Type 2 diabetes,hi,good,मधुमेह टाइप 2,18157,29418,78525,0.617,2026-09-24 09:42:47,223046,760
Q3025883,Type 2 diabetes,kn,good,ಮಧುಮೇಹ ಮೆಲ್ಲಿಟಸ್ 2ನೇ ವಿಧ,31941,29418,127009,1.0,2026-09-07 01:25:42,223046,490
Q3025883,Type 2 diabetes,ks,stub,ٹایپ 2 ذیابیٖطٔس,2331,29418,14427,0.079,2026-08-03 21:28:00,223046,56
Q3025883,Type 2 diabetes,mai,missing,,,29418,,,,223046,0
Q3025883,Type 2 diabetes,ml,missing,,,29418,,,,223046,0
Q3025883,Type 2 diabetes,mni,missing,,,29418,,,,223046,0
Q3025883,Type 2 diabetes,mr,missing,,,29418,,,,223046,0
Q3025883,Type 2 diabetes,ne,missing,,,29418,,,,223046,0
Q3025883,Type 2 diabetes,or,stub,ମଧୁମେହ ଟାଇପ ୨,1824,29418,12460,0.062,2026-08-14 02:12:02,223046,101
Q3025883,Type 2 diabetes,pa,good,ਸ਼ੱਕਰ ਰੋਗ ਟਾਈਪ 2,17379,29418,70702,0.591,2026-07-10 21:36:20,223046,139
Q3025883,Type 2 diabetes,sa,missing,,,29418,,,,223046,0
Q3025883,Type 2 diabetes,sat,missing,,,29418,,,,223046,0
Q3025883,Type 2 diabetes,sd,missing,,,29418,,,,223046,0
Q3025883,Type 2 diabetes,ta,good,நீரிழிவு நோய் (இரண்டாவது வகை),17324,29418,68229,0.589,2026-09-22 20:48:53,223046,2308
Q3025883,Type 2 diabetes,tcy,missing,,,29418,,,,223046,0
Q3025883,Type 2 diabetes,te,stub,మధుమేహము రకం 2,2287,29418,15206,0.078,2026-10-01 22:42:13,223046,0
Q3025883,Type 2 diabetes,ur,stub,ذیابیطس قسم دو,2551,29418,16328,0.087,2025-05-13 15:57:54,223046,307
Q30953,Dengue fever,as,stub,ডেংগি জ্বৰ,2973,25697,15752,0.116,2026-08-06 22:12:20,357461,424
Q30953,Dengue fever,bh,stub,डेंगू,717,25697,4807,0.028,2026-01-19 23:21:32,357461,92
Q30953,Dengue fever,bn,good,ডেঙ্গু জ্বর,30473,25697,116154,1.0,2026-09-23 23:43:58,357461,8488
Q30953,Dengue fever,gom,missing,,,25697,,,,357461,0
Q30953,Dengue fever,gu,stub,ડેન્ગ્યુ,714,25697,6783,0.028,2023-06-18 04:12:34,357461,588
Q30953,Dengue fever,hi,good,डेंगू बुख़ार,30926,25697,101396,1.0,2026-08-24 11:31:59,357461,2290
Q30953,Dengue fever,kn,partial,ಡೆಂಗೇ,8908,25697,27474,0.347,2026-03-23 20:03:07,357461,750
Q30953,Dengue fever,ks,missing,,,25697,,,,357461,0
Q30953,Dengue fever,mai,missing,,,25697,,,,357461,0
Q30953,Dengue fever,ml,good,ഡെങ്കിപ്പനി,17976,25697,53011,0.7,2025-11-12 22:59:50,357461,4567
Q30953,Dengue fever,mni,missing,,,25697,,,,357461,0
Q30953,Dengue fever,mr,partial,डेंग्यू ताप,7563,25697,23209,0.294,2024-07-29 04:25:51,357461,1781
Q30953,Dengue fever,ne,partial,डेङ्गी,4756,25697,20599,0.185,2026-08-22 22:24:15,357461,241
Q30953,Dengue fever,or,good,ଡେଙ୍ଗୁ ଜର,17967,25697,63171,0.699,2026-08-02 16:50:58,357461,841
Q30953,Dengue fever,pa,stub,ਡੇਂਗੂ ਬੁਖਾਰ,3785,25697,10874,0.147,2020-09-15 14:50:20,357461,448
Q30953,Dengue fever,sa,missing,,,25697,,,,357461,0
Q30953,Dengue fever,sat,missing,,,25697,,,,357461,0
Q30953,Dengue fever,sd,missing,,,25697,,,,357461,0
Q30953,Dengue fever,ta,good,முடக்குக் காய்ச்சல்,19969,25697,67926,0.777,2024-12-20 02:57:15,357461,1061
Q30953,Dengue fever,tcy,missing,,,25697,,,,357461,0
Q30953,Dengue fever,te,partial,డెంగ్యూ జ్వరం,7963,25697,30936,0.31,2026-09-27 09:52:28,357461,1308
Q30953,Dengue fever,ur,partial,ڈینگی بخار,12684,25697,24844,0.494,2026-09-28 21:27:09,357461,643
Q3100540,Green Revolution in India,as,partial,ভাৰতৰ সেউজ বিপ্লৱ,4728,10405,18628,0.454,2026-05-31 07:02:39,84418,1132
Q3100540,Green Revolution in India,bh,stub,भारत में हरित क्रांति,1183,10405,4348,0.114,2023-05-19 07:12:45,84418,2107
Q3100540,Green Revolution in India,bn,partial,সবুজ বিপ্লব,4426,10405,14260,0.425,2025-02-28 14:38:52,84418,5850
Q3100540,Green Revolution in India,gom,missing,,,10405,,,,84418,0
Q3100540,Green Revolution in India,gu,missing,,,10405,,,,84418,0
Q3100540,Green Revolution in India,hi,stub,हरित क्रांति (भारत),612,10405,2131,0.059,2026-09-25 10:36:28,84418,1059
Q3100540,Green Revolution in India,kn,missing,,,10405,,,,84418,0
Q3100540,Green Revolution in India,ks,missing,,,10405,,,,84418,0
Q3100540,Green Revolution in India,mai,missing,,,10405,,,,84418,0
Q3100540,Green Revolution in India,ml,good,ഇന്ത്യയിലെ ഹരിതവിപ്ലവം,7743,10405,27737,0.744,2023-11-24 08:42:36,84418,3716
Q3100540,Green Revolution in India,mni,missing,,,10405,,,,84418,0
Q3100540,Green Revolution in India,mr,missing,,,10405,,,,84418,0
Q3100540,Green Revolution in India,ne,missing,,,10405,,,,84418,0
Q3100540,Green Revolution in India,or,missing,,,10405,,,,84418,0
Q3100540,Green Revolution in India,pa,partial,ਭਾਰਤ ਦਾ ਹਰਾ ਇਨਕਲਾਬ,2087,10405,6284,0.201,2026-04-24 22:03:24,84418,189
Q3100540,Green Revolution in India,sa,missing,,,10405,,,,84418,0
Q3100540,Green Revolution in India,sat,missing,,,10405,,,,84418,0
Q3100540,Green Revolution in India,sd,missing,,,10405,,,,84418,0
Q3100540,Green Revolution in India,ta,partial,இந்தியாவின் பசுமைப் புரட்சி,1720,10405,6269,0.165,2025-03-04 00:23:14,84418,2650
Q3100540,Green Revolution in India,tcy,missing,,,10405,,,,84418,0
Q3100540,Green Revolution in India,te,missing,,,10405,,,,84418,0
Q3100540,Green Revolution in India,ur,good,بھارت میں سبز انقلاب,5388,10405,16675,0.518,2026-04-19 08:11:47,84418,291
Q3123403,Elections in India,as,stub,ভাৰতৰ নিৰ্বাচন,2305,20704,6756,0.111,2026-09-05 21:39:51,264015,11
Q3123403,Elections in India,bh,missing,,,20704,,,,264015,0
Q3123403,Elections in India,bn,partial,ভারতে নির্বাচন,6918,20704,28870,0.334,2025-11-05 09:45:57,264015,10241
Q3123403,Elections in India,gom,missing,,,20704,,,,264015,0
Q3123403,Elections in India,gu,missing,,,20704,,,,264015,0
Q3123403,Elections in India,hi,good,भारतीय चुनाव,37576,20704,125364,1.0,2026-09-29 15:08:59,264015,22679
Q3123403,Elections in India,kn,good,ಭಾರತದಲ್ಲಿನ ಚುನಾವಣೆಗಳು,47875,20704,134178,1.0,2026-10-01 02:08:15,264015,4619
Q3123403,Elections in India,ks,missing,,,20704,,,,264015,0
Q3123403,Elections in India,mai,missing,,,20704,,,,264015,0
Q3123403,Elections in India,ml,stub,ഇന്ത്യയിലെ തിരഞ്ഞെടുപ്പുകൾ,1723,20704,7487,0.083,2026-06-18 15:17:49,264015,2680
Q3123403,Elections in India,mni,missing,,,20704,,,,264015,0
Q3123403,Elections in India,mr,partial,भारतामधील निवडणुका,4267,20704,52682,0.206,2026-02-22 04:56:11,264015,5473
Q3123403,Elections in India,ne,partial,भारतमा निर्वाचन,3754,20704,12447,0.181,2026-09-26 09:19:04,264015,140
Q3123403,Elections in India,or,missing,,,20704,,,,264015,0
Q3123403,Elections in India,pa,stub,ਭਾਰਤ ਵਿੱਚ ਚੋਣਾਂ,1985,20704,6385,0.096,2025-06-12 03:23:48,264015,228
Q3123403,Elections in India,sa,missing,,,20704,,,,264015,0
Q3123403,Elections in India,sat,missing,,,20704,,,,264015,0
Q3123403,Elections in India,sd,missing,,,20704,,,,264015,0
Q3123403,Elections in India,ta,stub,இந்தியத் தேர்தல்கள்,1199,20704,4563,0.058,2026-04-16 05:17:42,264015,6632
Q3123403,Elections in India,tcy,missing,,,20704,,,,264015,0
Q3123403,Elections in India,te,good,భారతదేశ ఎన్నికలు,13919,20704,81818,0.672,2026-09-14 15:20:30,264015,2141
Q3123403,Elections in India,ur,partial,بھارتی انتخابات,9684,20704,22931,0.468,2026-03-22 12:46:17,264015,615
Q3153794,Interest,as,missing,,,1092,,,,74366,0
Q3153794,Interest,bh,missing,,,1092,,,,74366,0
Q3153794,Interest,bn,missing,,,1092,,,,74366,0
Q3153794,Interest,gom,missing,,,1092,,,,74366,0
Q3153794,Interest,gu,missing,,,1092,,,,74366,0
Q3153794,Interest,hi,missing,,,1092,,,,74366,0
Q3153794,Interest,kn,missing,,,1092,,,,74366,0
Q3153794,Interest,ks,missing,,,1092,,,,74366,0
Q3153794,Interest,mai,missing,,,1092,,,,74366,0
Q3153794,Interest,ml,missing,,,1092,,,,74366,0
Q3153794,Interest,mni,missing,,,1092,,,,74366,0
Q3153794,Interest,mr,missing,,,1092,,,,74366,0
Q3153794,Interest,ne,missing,,,1092,,,,74366,0
Q3153794,Interest,or,missing,,,1092,,,,74366,0
Q3153794,Interest,pa,missing,,,1092,,,,74366,0
Q3153794,Interest,sa,missing,,,1092,,,,74366,0
Q3153794,Interest,sat,missing,,,1092,,,,74366,0
Q3153794,Interest,sd,missing,,,1092,,,,74366,0
Q3153794,Interest,ta,missing,,,1092,,,,74366,0
Q3153794,Interest,tcy,missing,,,1092,,,,74366,0
Q3153794,Interest,te,missing,,,1092,,,,74366,0
Q3153794,Interest,ur,missing,,,1092,,,,74366,0
Q318005,Nocturnal enuresis,as,missing,,,23620,,,,81058,0
Q318005,Nocturnal enuresis,bh,missing,,,23620,,,,81058,0
Q318005,Nocturnal enuresis,bn,missing,,,23620,,,,81058,0
Q318005,Nocturnal enuresis,gom,missing,,,23620,,,,81058,0
Q318005,Nocturnal enuresis,gu,missing,,,23620,,,,81058,0
Q318005,Nocturnal enuresis,hi,stub,बिस्तर गीला करना,1355,23620,3563,0.057,2025-08-03 15:10:30,81058,135
Q318005,Nocturnal enuresis,kn,missing,,,23620,,,,81058,0
Q318005,Nocturnal enuresis,ks,missing,,,23620,,,,81058,0
Q318005,Nocturnal enuresis,mai,missing,,,23620,,,,81058,0
Q318005,Nocturnal enuresis,ml,missing,,,23620,,,,81058,0
Q318005,Nocturnal enuresis,mni,missing,,,23620,,,,81058,0
Q318005,Nocturnal enuresis,mr,missing,,,23620,,,,81058,0
Q318005,Nocturnal enuresis,ne,missing,,,23620,,,,81058,0
Q318005,Nocturnal enuresis,or,stub,ବିଛଣା ମୂତ୍ରତ୍ୟାଗ,2000,23620,9245,0.085,2024-10-25 19:47:13,81058,98
Q318005,Nocturnal enuresis,pa,missing,,,23620,,,,81058,0
Q318005,Nocturnal enuresis,sa,missing,,,23620,,,,81058,0
Q318005,Nocturnal enuresis,sat,missing,,,23620,,,,81058,0
Q318005,Nocturnal enuresis,sd,missing,,,23620,,,,81058,0
Q318005,Nocturnal enuresis,ta,missing,,,23620,,,,81058,0
Q318005,Nocturnal enuresis,tcy,missing,,,23620,,,,81058,0
Q318005,Nocturnal enuresis,te,missing,,,23620,,,,81058,0
Q318005,Nocturnal enuresis,ur,stub,بسترگیلا کرنا,1974,23620,8779,0.084,2026-04-18 11:31:51,81058,303
Q3180893,"Right of Children to Free and Compulsory Education Act, 2009",as,good,"শিশুৰ বিনামূলীয়া আৰু বাধ্যতামূলক শিক্ষাৰ অধিকাৰ আইন, ২০০৯",13785,18026,54447,0.765,2026-09-30 03:11:21,50538,1977
Q3180893,"Right of Children to Free and Compulsory Education Act, 2009",bh,missing,,,18026,,,,50538,0
Q3180893,"Right of Children to Free and Compulsory Education Act, 2009",bn,partial,"অবৈতনিক বাধ্যতামূলক শিশু শিক্ষার অধিকার আইন, ২০০৯",7835,18026,28931,0.435,2025-12-06 10:38:38,50538,1792
Q3180893,"Right of Children to Free and Compulsory Education Act, 2009",gom,missing,,,18026,,,,50538,0
Q3180893,"Right of Children to Free and Compulsory Education Act, 2009",gu,missing,,,18026,,,,50538,0
Q3180893,"Right of Children to Free and Compulsory Education Act, 2009",hi,partial,"निःशुल्क एवं अनिवार्य शिक्षा अधिनियम, 2009",3265,18026,9298,0.181,2024-10-20 16:22:01,50538,6704
Q3180893,"Right of Children to Free and Compulsory Education Act, 2009",kn,missing,,,18026,,,,50538,0
Q3180893,"Right of Children to Free and Compulsory Education Act, 2009",ks,missing,,,18026,,,,50538,0
Q3180893,"Right of Children to Free and Compulsory Education Act, 2009",mai,missing,,,18026,,,,50538,0
Q3180893,"Right of Children to Free and Compulsory Education Act, 2009",ml,missing,,,18026,,,,50538,0
Q3180893,"Right of Children to Free and Compulsory Education Act, 2009",mni,missing,,,18026,,,,50538,0
Q3180893,"Right of Children to Free and Compulsory Education Act, 2009",mr,stub,"बालकांचा मोफत आणि सक्तीच्या शिक्षणाचा हक्क कायदा, २००९",525,18026,2667,0.029,2025-03-12 08:57:11,50538,4021
Q3180893,"Right of Children to Free and Compulsory Education Act, 2009",ne,missing,,,18026,,,,50538,0
Q3180893,"Right of Children to Free and Compulsory Education Act, 2009",or,missing,,,18026,,,,50538,0
Q3180893,"Right of Children to Free and Compulsory Education Act, 2009",pa,partial,ਬੱਚਿਆਂ ਲਈ ਮੁਫ਼ਤ ਅਤੇ ਲਾਜ਼ਮੀ ਸਿੱਖਿਆ ਦਾ ਅਧਿਕਾਰ ਕਨੂੰਨ-2009,4334,18026,17228,0.24,2026-09-30 03:20:09,50538,538
Q3180893,"Right of Children to Free and Compulsory Education Act, 2009",sa,missing,,,18026,,,,50538,0
Q3180893,"Right of Children to Free and Compulsory Education Act, 2009",sat,missing,,,18026,,,,50538,0
Q3180893,"Right of Children to Free and Compulsory Education Act, 2009",sd,missing,,,18026,,,,50538,0
Q3180893,"Right of Children to Free and Compulsory Education Act, 2009",ta,good,குழந்தைகளுக்கான இலவச மற்றும் கட்டாயக் கல்வி உரிமைச் சட்டம் 2009,14141,18026,42515,0.784,2024-12-11 13:34:08,50538,4446
Q3180893,"Right of Children to Free and Compulsory Education Act, 2009",tcy,missing,,,18026,,,,50538,0
Q3180893,"Right of Children to Free and Compulsory Education Act, 2009",te,stub,విద్యా హక్కు చట్టం - 2009,873,18026,3969,0.048,2022-10-10 10:26:33,50538,3985
Q3180893,"Right of Children to Free and Compulsory Education Act, 2009",ur,missing,,,18026,,,,50538,0
Q3184856,Substance abuse,as,missing,,,41781,,,,180448,0
Q3184856,Substance abuse,bh,missing,,,41781,,,,180448,0
Q3184856,Substance abuse,bn,stub,মাদকের অপব্যবহার,1950,41781,10379,0.047,2025-08-01 17:15:43,180448,662
Q3184856,Substance abuse,gom,missing,,,41781,,,,180448,0
Q3184856,Substance abuse,gu,missing,,,41781,,,,180448,0
Q3184856,Substance abuse,hi,partial,नशीली दवा का सेवन,17611,41781,58851,0.422,2026-04-28 19:56:41,180448,2032
Q3184856,Substance abuse,kn,missing,,,41781,,,,180448,0
Q3184856,Substance abuse,ks,missing,,,41781,,,,180448,0
Q3184856,Substance abuse,mai,missing,,,41781,,,,180448,0
Q3184856,Substance abuse,ml,missing,,,41781,,,,180448,0
Q3184856,Substance abuse,mni,missing,,,41781,,,,180448,0
Q3184856,Substance abuse,mr,stub,औषधाचा गैरवापर (नशेचे पदार्थ),2172,41781,10013,0.052,2026-08-23 20:57:30,180448,205
Q3184856,Substance abuse,ne,missing,,,41781,,,,180448,0
Q3184856,Substance abuse,or,missing,,,41781,,,,180448,0
Q3184856,Substance abuse,pa,missing,,,41781,,,,180448,0
Q3184856,Substance abuse,sa,missing,,,41781,,,,180448,0
Q3184856,Substance abuse,sat,missing,,,41781,,,,180448,0
Q3184856,Substance abuse,sd,missing,,,41781,,,,180448,0
Q3184856,Substance abuse,ta,stub,போதைப்பொருள்,5354,41781,15058,0.128,2025-11-20 14:00:22,180448,7610
Q3184856,Substance abuse,tcy,missing,,,41781,,,,180448,0
Q3184856,Substance abuse,te,missing,,,41781,,,,180448,0
Q3184856,Substance abuse,ur,stub,منشیات کا استحصال,1328,41781,2847,0.032,2026-04-01 05:02:26,180448,173
Q319595,Presbyopia,as,missing,,,14356,,,,76107,0
Q319595,Presbyopia,bh,missing,,,14356,,,,76107,0
Q319595,Presbyopia,bn,partial,চালশে,4595,14356,28034,0.32,2024-09-11 17:34:40,76107,329
Q319595,Presbyopia,gom,missing,,,14356,,,,76107,0
Q319595,Presbyopia,gu,missing,,,14356,,,,76107,0
Q319595,Presbyopia,hi,missing,,,14356,,,,76107,0
Q319595,Presbyopia,kn,missing,,,14356,,,,76107,0
Q319595,Presbyopia,ks,missing,,,14356,,,,76107,0
Q319595,Presbyopia,mai,missing,,,14356,,,,76107,0
Q319595,Presbyopia,ml,partial,വെള്ളെഴുത്ത്,3551,14356,13849,0.247,2020-08-26 03:30:53,76107,2367
Q319595,Presbyopia,mni,missing,,,14356,,,,76107,0
Q319595,Presbyopia,mr,missing,,,14356,,,,76107,0
Q319595,Presbyopia,ne,missing,,,14356,,,,76107,0
Q319595,Presbyopia,or,stub,ଚାଳିଶା,1335,14356,5550,0.093,2023-10-08 03:13:51,76107,77
Q319595,Presbyopia,pa,partial,ਪ੍ਰੈਸਬੀਓਪੀਆ,6980,14356,25703,0.486,2024-03-28 08:22:01,76107,127
Q319595,Presbyopia,sa,missing,,,14356,,,,76107,0
Q319595,Presbyopia,sat,missing,,,14356,,,,76107,0
Q319595,Presbyopia,sd,missing,,,14356,,,,76107,0
Q319595,Presbyopia,ta,partial,மூப்புப்பார்வை,4503,14356,13884,0.314,2026-08-10 18:59:23,76107,175
Q319595,Presbyopia,tcy,missing,,,14356,,,,76107,0
Q319595,Presbyopia,te,partial,చత్వారము,2630,14356,8138,0.183,2024-12-19 18:51:18,76107,392
Q319595,Presbyopia,ur,missing,,,14356,,,,76107,0
Q324509,Joint dislocation,as,missing,,,15446,,,,17519,0
Q324509,Joint dislocation,bh,missing,,,15446,,,,17519,0
Q324509,Joint dislocation,bn,stub,পূর্ণচ্যুতি,658,15446,3770,0.043,2023-12-07 17:31:37,17519,66
Q324509,Joint dislocation,gom,missing,,,15446,,,,17519,0
Q324509,Joint dislocation,gu,missing,,,15446,,,,17519,0
Q324509,Joint dislocation,hi,missing,,,15446,,,,17519,0
Q324509,Joint dislocation,kn,missing,,,15446,,,,17519,0
Q324509,Joint dislocation,ks,missing,,,15446,,,,17519,0
Q324509,Joint dislocation,mai,missing,,,15446,,,,17519,0
Q324509,Joint dislocation,ml,missing,,,15446,,,,17519,0
Q324509,Joint dislocation,mni,missing,,,15446,,,,17519,0
Q324509,Joint dislocation,mr,missing,,,15446,,,,17519,0
Q324509,Joint dislocation,ne,missing,,,15446,,,,17519,0
Q324509,Joint dislocation,or,missing,,,15446,,,,17519,0
Q324509,Joint dislocation,pa,missing,,,15446,,,,17519,0
Q324509,Joint dislocation,sa,missing,,,15446,,,,17519,0
Q324509,Joint dislocation,sat,missing,,,15446,,,,17519,0
Q324509,Joint dislocation,sd,missing,,,15446,,,,17519,0
Q324509,Joint dislocation,ta,missing,,,15446,,,,17519,0
Q324509,Joint dislocation,tcy,missing,,,15446,,,,17519,0
Q324509,Joint dislocation,te,missing,,,15446,,,,17519,0
Q324509,Joint dislocation,ur,missing,,,15446,,,,17519,0
Q3260656,"Mahatma Gandhi National Rural Employment Guarantee Act, 2005",as,partial,"মহাত্মা গান্ধী ৰাষ্ট্ৰীয় নিয়োগ নিশ্চিত আইন, ২০০৫",8046,36952,43379,0.218,2026-09-23 22:34:24,264891,1212
Q3260656,"Mahatma Gandhi National Rural Employment Guarantee Act, 2005",bh,missing,,,36952,,,,264891,0
Q3260656,"Mahatma Gandhi National Rural Employment Guarantee Act, 2005",bn,stub,"মহাত্মা গান্ধী জাতীয় গ্রামীণ কর্মসংস্থান গ্যারান্টি আইন, ২০০৫",4097,36952,34735,0.111,2026-07-28 08:27:29,264891,1006
Q3260656,"Mahatma Gandhi National Rural Employment Guarantee Act, 2005",gom,missing,,,36952,,,,264891,0
Q3260656,"Mahatma Gandhi National Rural Employment Guarantee Act, 2005",gu,stub,રાષ્ટ્રીય ગ્રામીણ રોજગાર બાહેધરી યોજના,3289,36952,8809,0.089,2014-11-25 12:45:54,264891,1222
Q3260656,"Mahatma Gandhi National Rural Employment Guarantee Act, 2005",hi,partial,महात्मा गांधी राष्ट्रीय ग्रामीण रोजगार गारंटी अधिनियम,5765,36952,18537,0.156,2025-04-28 18:12:17,264891,78042
Q3260656,"Mahatma Gandhi National Rural Employment Guarantee Act, 2005",kn,missing,,,36952,,,,264891,0
Q3260656,"Mahatma Gandhi National Rural Employment Guarantee Act, 2005",ks,missing,,,36952,,,,264891,0
Q3260656,"Mahatma Gandhi National Rural Employment Guarantee Act, 2005",mai,missing,,,36952,,,,264891,0
Q3260656,"Mahatma Gandhi National Rural Employment Guarantee Act, 2005",ml,partial,ദേശീയ ഗ്രാമീണ തൊഴിലുറപ്പ് പദ്ധതി,10525,36952,30599,0.285,2026-09-12 09:42:21,264891,11113
Q3260656,"Mahatma Gandhi National Rural Employment Guarantee Act, 2005",mni,missing,,,36952,,,,264891,0
Q3260656,"Mahatma Gandhi National Rural Employment Guarantee Act, 2005",mr,stub,महात्मा गांधी राष्ट्रीय ग्रामीण रोजगार हमी कायदा,1041,36952,3975,0.028,2025-09-04 19:13:56,264891,2408
Q3260656,"Mahatma Gandhi National Rural Employment Guarantee Act, 2005",ne,missing,,,36952,,,,264891,0
Q3260656,"Mahatma Gandhi National Rural Employment Guarantee Act, 2005",or,missing,,,36952,,,,264891,0
Q3260656,"Mahatma Gandhi National Rural Employment Guarantee Act, 2005",pa,partial,"ਮਹਾਤਮਾ ਗਾਂਧੀ ਰਾਸ਼ਟਰੀ ਪੇਂਡੂ ਰੋਜ਼ਗਾਰ ਗਾਰੰਟੀ ਐਕਟ, 2005",14257,36952,59618,0.386,2026-09-26 09:12:26,264891,323
Q3260656,"Mahatma Gandhi National Rural Employment Guarantee Act, 2005",sa,missing,,,36952,,,,264891,0
Q3260656,"Mahatma Gandhi National Rural Employment Guarantee Act, 2005",sat,missing,,,36952,,,,264891,0
Q3260656,"Mahatma Gandhi National Rural Employment Guarantee Act, 2005",sd,missing,,,36952,,,,264891,0
Q3260656,"Mahatma Gandhi National Rural Employment Guarantee Act, 2005",ta,stub,மகாத்மா காந்தி தேசிய ஊரக வேலை உறுதியளிப்புச் சட்டம்,3152,36952,11021,0.085,2023-07-08 06:56:21,264891,8127
Q3260656,"Mahatma Gandhi National Rural Employment Guarantee Act, 2005",tcy,missing,,,36952,,,,264891,0
Q3260656,"Mahatma Gandhi National Rural Employment Guarantee Act, 2005",te,stub,మహాత్మా గాంధీ జాతీయ గ్రామీణ ఉపాధి హామీ పధకం,2357,36952,7492,0.064,2025-12-24 17:55:31,264891,8310
Q3260656,"Mahatma Gandhi National Rural Employment Guarantee Act, 2005",ur,stub,قومی دیہی ملازمت گارنٹی قانون 2005ء,3123,36952,9771,0.085,2026-09-25 17:41:49,264891,160
Q326643,Hepatitis E,as,missing,,,18739,,,,31972,0
Q326643,Hepatitis E,bh,missing,,,18739,,,,31972,0
Q326643,Hepatitis E,bn,stub,হেপাটাইটিস ই,329,18739,1446,0.018,2024-08-06 09:23:44,31972,155
Q326643,Hepatitis E,gom,missing,,,18739,,,,31972,0
Q326643,Hepatitis E,gu,missing,,,18739,,,,31972,0
Q326643,Hepatitis E,hi,stub,हेपेटाइटिस ई,618,18739,2234,0.033,2020-06-15 21:40:06,31972,95
Q326643,Hepatitis E,kn,partial,ಹೆಪಟೈಟಿಸ್ ಇ,7055,18739,23020,0.376,2026-08-08 00:51:56,31972,115
Q326643,Hepatitis E,ks,missing,,,18739,,,,31972,0
Q326643,Hepatitis E,mai,missing,,,18739,,,,31972,0
Q326643,Hepatitis E,ml,stub,ഹെപ്പറ്റൈറ്റിസ്-ഇ,1878,18739,5995,0.1,2013-03-24 13:08:23,31972,277
Q326643,Hepatitis E,mni,missing,,,18739,,,,31972,0
Q326643,Hepatitis E,mr,missing,,,18739,,,,31972,0
Q326643,Hepatitis E,ne,missing,,,18739,,,,31972,0
Q326643,Hepatitis E,or,stub,ହେପାଟାଇଟିସ ଇ,1970,18739,10242,0.105,2023-02-13 00:09:06,31972,44
Q326643,Hepatitis E,pa,missing,,,18739,,,,31972,0
Q326643,Hepatitis E,sa,missing,,,18739,,,,31972,0
Q326643,Hepatitis E,sat,missing,,,18739,,,,31972,0
Q326643,Hepatitis E,sd,missing,,,18739,,,,31972,0
Q326643,Hepatitis E,ta,missing,,,18739,,,,31972,0
Q326643,Hepatitis E,tcy,missing,,,18739,,,,31972,0
Q326643,Hepatitis E,te,stub,హెపటైటిస్ ఈ,1843,18739,8352,0.098,2026-09-14 05:02:28,31972,2
Q326643,Hepatitis E,ur,stub,ہیپاٹائٹس ای,521,18739,1583,0.028,2026-07-03 04:14:53,31972,48
Q326921,Concussion,as,missing,,,44968,,,,133421,0
Q326921,Concussion,bh,missing,,,44968,,,,133421,0
Q326921,Concussion,bn,missing,,,44968,,,,133421,0
Q326921,Concussion,gom,missing,,,44968,,,,133421,0
Q326921,Concussion,gu,missing,,,44968,,,,133421,0
Q326921,Concussion,hi,stub,मस्तिष्काघात,1491,44968,5466,0.033,2025-12-22 13:24:45,133421,166
Q326921,Concussion,kn,missing,,,44968,,,,133421,0
Q326921,Concussion,ks,missing,,,44968,,,,133421,0
Q326921,Concussion,mai,missing,,,44968,,,,133421,0
Q326921,Concussion,ml,missing,,,44968,,,,133421,0
Q326921,Concussion,mni,missing,,,44968,,,,133421,0
Q326921,Concussion,mr,missing,,,44968,,,,133421,0
Q326921,Concussion,ne,missing,,,44968,,,,133421,0
Q326921,Concussion,or,stub,କନ୍‌କସନ,2213,44968,13126,0.049,2024-04-13 21:53:34,133421,59
Q326921,Concussion,pa,missing,,,44968,,,,133421,0
Q326921,Concussion,sa,missing,,,44968,,,,133421,0
Q326921,Concussion,sat,missing,,,44968,,,,133421,0
Q326921,Concussion,sd,missing,,,44968,,,,133421,0
Q326921,Concussion,ta,missing,,,44968,,,,133421,0
Q326921,Concussion,tcy,missing,,,44968,,,,133421,0
Q326921,Concussion,te,missing,,,44968,,,,133421,0
Q326921,Concussion,ur,missing,,,44968,,,,133421,0
Q327988,Occupational burnout,as,missing,,,41747,,,,115511,0
Q327988,Occupational burnout,bh,missing,,,41747,,,,115511,0
Q327988,Occupational burnout,bn,missing,,,41747,,,,115511,0
Q327988,Occupational burnout,gom,missing,,,41747,,,,115511,0
Q327988,Occupational burnout,gu,missing,,,41747,,,,115511,0
Q327988,Occupational burnout,hi,stub,व्यावसायिक बर्न-आउट,512,41747,2016,0.012,2022-02-11 07:22:19,115511,139
Q327988,Occupational burnout,kn,missing,,,41747,,,,115511,0
Q327988,Occupational burnout,ks,missing,,,41747,,,,115511,0
Q327988,Occupational burnout,mai,missing,,,41747,,,,115511,0
Q327988,Occupational burnout,ml,missing,,,41747,,,,115511,0
Q327988,Occupational burnout,mni,missing,,,41747,,,,115511,0
Q327988,Occupational burnout,mr,missing,,,41747,,,,115511,0
Q327988,Occupational burnout,ne,missing,,,41747,,,,115511,0
Q327988,Occupational burnout,or,missing,,,41747,,,,115511,0
Q327988,Occupational burnout,pa,missing,,,41747,,,,115511,0
Q327988,Occupational burnout,sa,missing,,,41747,,,,115511,0
Q327988,Occupational burnout,sat,missing,,,41747,,,,115511,0
Q327988,Occupational burnout,sd,missing,,,41747,,,,115511,0
Q327988,Occupational burnout,ta,missing,,,41747,,,,115511,0
Q327988,Occupational burnout,tcy,missing,,,41747,,,,115511,0
Q327988,Occupational burnout,te,missing,,,41747,,,,115511,0
Q327988,Occupational burnout,ur,stub,فرسودگی (نفسیات),1915,41747,5543,0.046,2026-07-29 04:47:43,115511,218
Q3308829,Prenatal care,as,missing,,,20117,,,,16589,0
Q3308829,Prenatal care,bh,missing,,,20117,,,,16589,0
Q3308829,Prenatal care,bn,missing,,,20117,,,,16589,0
Q3308829,Prenatal care,gom,missing,,,20117,,,,16589,0
Q3308829,Prenatal care,gu,missing,,,20117,,,,16589,0
Q3308829,Prenatal care,hi,good,प्रसवपूर्व देखभाल,15173,20117,42980,0.754,2022-06-01 01:51:59,16589,2105
Q3308829,Prenatal care,kn,missing,,,20117,,,,16589,0
Q3308829,Prenatal care,ks,missing,,,20117,,,,16589,0
Q3308829,Prenatal care,mai,missing,,,20117,,,,16589,0
Q3308829,Prenatal care,ml,partial,പ്രസവപൂർവ്വ പരിചരണം,7869,20117,28912,0.391,2026-02-10 00:12:07,16589,413
Q3308829,Prenatal care,mni,missing,,,20117,,,,16589,0
Q3308829,Prenatal care,mr,missing,,,20117,,,,16589,0
Q3308829,Prenatal care,ne,stub,प्रसूतिकालीन हेरचाह,2641,20117,12029,0.131,2026-07-08 03:18:15,16589,27
Q3308829,Prenatal care,or,missing,,,20117,,,,16589,0
Q3308829,Prenatal care,pa,missing,,,20117,,,,16589,0
Q3308829,Prenatal care,sa,missing,,,20117,,,,16589,0
Q3308829,Prenatal care,sat,missing,,,20117,,,,16589,0
Q3308829,Prenatal care,sd,missing,,,20117,,,,16589,0
Q3308829,Prenatal care,ta,missing,,,20117,,,,16589,0
Q3308829,Prenatal care,tcy,missing,,,20117,,,,16589,0
Q3308829,Prenatal care,te,missing,,,20117,,,,16589,0
Q3308829,Prenatal care,ur,missing,,,20117,,,,16589,0
Q332062,Sorghum,as,partial,জোৱাৰ,2435,12417,9122,0.196,2025-06-11 06:57:52,393411,598
Q332062,Sorghum,bh,missing,,,12417,,,,393411,0
Q332062,Sorghum,bn,stub,জোয়ার,968,12417,8185,0.078,2025-12-19 17:56:40,393411,985
Q332062,Sorghum,gom,missing,,,12417,,,,393411,0
Q332062,Sorghum,gu,missing,,,12417,,,,393411,0
Q332062,Sorghum,hi,good,ज्वार (अन्न),8534,12417,49316,0.687,2026-08-20 12:25:19,393411,1228
Q332062,Sorghum,kn,missing,,,12417,,,,393411,0
Q332062,Sorghum,ks,missing,,,12417,,,,393411,0
Q332062,Sorghum,mai,missing,,,12417,,,,393411,0
Q332062,Sorghum,ml,missing,,,12417,,,,393411,0
Q332062,Sorghum,mni,missing,,,12417,,,,393411,0
Q332062,Sorghum,mr,missing,,,12417,,,,393411,0
Q332062,Sorghum,ne,missing,,,12417,,,,393411,0
Q332062,Sorghum,or,missing,,,12417,,,,393411,0
Q332062,Sorghum,pa,stub,ਜਵਾਰ (ਚਰ੍ਹੀ),1516,12417,6623,0.122,2024-04-17 07:05:30,393411,163
Q332062,Sorghum,sa,missing,,,12417,,,,393411,0
Q332062,Sorghum,sat,missing,,,12417,,,,393411,0
Q332062,Sorghum,sd,stub,ٻہ رنگي جوئر,1434,12417,3159,0.115,2026-08-20 09:02:06,393411,178
Q332062,Sorghum,ta,partial,சோளம் சிறுதானியம்,2847,12417,9863,0.229,2026-07-04 11:08:24,393411,971
Q332062,Sorghum,tcy,missing,,,12417,,,,393411,0
Q332062,Sorghum,te,missing,,,12417,,,,393411,0
Q332062,Sorghum,ur,missing,,,12417,,,,393411,0
Q3342808,Coconut,as,good,নাৰিকল,35488,35352,174100,1.0,2026-09-07 02:58:09,418541,74
Q3342808,Coconut,bh,missing,,,35352,,,,418541,0
Q3342808,Coconut,bn,missing,,,35352,,,,418541,0
Q3342808,Coconut,gom,missing,,,35352,,,,418541,0
Q3342808,Coconut,gu,missing,,,35352,,,,418541,0
Q3342808,Coconut,hi,missing,,,35352,,,,418541,0
Q3342808,Coconut,kn,missing,,,35352,,,,418541,0
Q3342808,Coconut,ks,missing,,,35352,,,,418541,0
Q3342808,Coconut,mai,missing,,,35352,,,,418541,0
Q3342808,Coconut,ml,partial,നാളികേരം,11741,35352,41408,0.332,2025-11-10 16:14:31,418541,1273
Q3342808,Coconut,mni,missing,,,35352,,,,418541,0
Q3342808,Coconut,mr,missing,,,35352,,,,418541,0
Q3342808,Coconut,ne,missing,,,35352,,,,418541,0
Q3342808,Coconut,or,missing,,,35352,,,,418541,0
Q3342808,Coconut,pa,missing,,,35352,,,,418541,0
Q3342808,Coconut,sa,missing,,,35352,,,,418541,0
Q3342808,Coconut,sat,missing,,,35352,,,,418541,0
Q3342808,Coconut,sd,missing,,,35352,,,,418541,0
Q3342808,Coconut,ta,missing,,,35352,,,,418541,0
Q3342808,Coconut,tcy,stub,ತಾರಾಯಿ,4033,35352,12225,0.114,2025-11-08 05:36:04,418541,215
Q3342808,Coconut,te,missing,,,35352,,,,418541,0
Q3342808,Coconut,ur,missing,,,35352,,,,418541,0
Q3345045,Literacy in India,as,missing,,,27240,,,,105247,0
Q3345045,Literacy in India,bh,stub,भारत में साक्षरता,880,27240,5239,0.032,2023-09-29 03:44:22,105247,175
Q3345045,Literacy in India,bn,stub,ভারতে সাক্ষরতা,2314,27240,11620,0.085,2026-09-22 17:54:37,105247,532
Q3345045,Literacy in India,gom,missing,,,27240,,,,105247,0
Q3345045,Literacy in India,gu,missing,,,27240,,,,105247,0
Q3345045,Literacy in India,hi,stub,भारत में साक्षरता,1583,27240,4356,0.058,2025-10-11 20:35:19,105247,5864
Q3345045,Literacy in India,kn,missing,,,27240,,,,105247,0
Q3345045,Literacy in India,ks,missing,,,27240,,,,105247,0
Q3345045,Literacy in India,mai,missing,,,27240,,,,105247,0
Q3345045,Literacy in India,ml,missing,,,27240,,,,105247,0
Q3345045,Literacy in India,mni,missing,,,27240,,,,105247,0
Q3345045,Literacy in India,mr,missing,,,27240,,,,105247,0
Q3345045,Literacy in India,ne,stub,भारतमा साक्षरता,133,27240,1561,0.005,2023-10-01 11:59:43,105247,66
Q3345045,Literacy in India,or,missing,,,27240,,,,105247,0
Q3345045,Literacy in India,pa,stub,ਭਾਰਤ ਵਿੱਚ ਸਾਖਰਤਾ,342,27240,857,0.013,2023-04-14 12:24:53,105247,88
Q3345045,Literacy in India,sa,missing,,,27240,,,,105247,0
Q3345045,Literacy in India,sat,missing,,,27240,,,,105247,0
Q3345045,Literacy in India,sd,missing,,,27240,,,,105247,0
Q3345045,Literacy in India,ta,stub,இந்தியாவில் படிப்பறிவு,2015,27240,7981,0.074,2026-06-15 06:38:05,105247,230
Q3345045,Literacy in India,tcy,missing,,,27240,,,,105247,0
Q3345045,Literacy in India,te,stub,భారతదేశంలో అక్షరాస్యత,564,27240,3244,0.021,2026-07-03 04:30:36,105247,264
Q3345045,Literacy in India,ur,stub,بھارت میں شرح خواندگی,2067,27240,14311,0.076,2026-09-21 10:49:02,105247,152
Q3345469,Directive Principles in India,as,missing,,,16336,,,,16751,0
Q3345469,Directive Principles in India,bh,missing,,,16336,,,,16751,0
Q3345469,Directive Principles in India,bn,good,ভারতে রাষ্ট্র পরিচালনার নির্দেশাত্মক নীতি,10674,16336,47294,0.653,2026-07-09 14:54:18,16751,1242
Q3345469,Directive Principles in India,gom,missing,,,16336,,,,16751,0
Q3345469,Directive Principles in India,gu,missing,,,16336,,,,16751,0
Q3345469,Directive Principles in India,hi,partial,निदेशक तत्त्व,5966,16336,20973,0.365,2025-11-05 14:55:55,16751,17178
Q3345469,Directive Principles in India,kn,missing,,,16336,,,,16751,0
Q3345469,Directive Principles in India,ks,missing,,,16336,,,,16751,0
Q3345469,Directive Principles in India,mai,missing,,,16336,,,,16751,0
Q3345469,Directive Principles in India,ml,partial,നിർദേശകതത്ത്വങ്ങൾ,6306,16336,17833,0.386,2026-08-11 04:33:02,16751,3758
Q3345469,Directive Principles in India,mni,missing,,,16336,,,,16751,0
Q3345469,Directive Principles in India,mr,missing,,,16336,,,,16751,0
Q3345469,Directive Principles in India,ne,missing,,,16336,,,,16751,0
Q3345469,Directive Principles in India,or,missing,,,16336,,,,16751,0
Q3345469,Directive Principles in India,pa,good,ਨਿਰਦੇਸ਼ਕ ਸਿਧਾਂਤ,9267,16336,30199,0.567,2023-06-04 20:36:17,16751,682
Q3345469,Directive Principles in India,sa,missing,,,16336,,,,16751,0
Q3345469,Directive Principles in India,sat,missing,,,16336,,,,16751,0
Q3345469,Directive Principles in India,sd,missing,,,16336,,,,16751,0
Q3345469,Directive Principles in India,ta,missing,,,16336,,,,16751,0
Q3345469,Directive Principles in India,tcy,missing,,,16336,,,,16751,0
Q3345469,Directive Principles in India,te,partial,భారత రాజ్యాంగం - ఆదేశిక సూత్రాలు,7083,16336,32039,0.434,2026-05-06 13:49:26,16751,5000
Q3345469,Directive Principles in India,ur,missing,,,16336,,,,16751,0
Q3345485,Fundamental rights in India,as,missing,,,42759,,,,245344,0
Q3345485,Fundamental rights in India,bh,stub,भारत में मूल अधिकार,821,42759,2325,0.019,2018-04-27 13:34:26,245344,115
Q3345485,Fundamental rights in India,bn,stub,ভারতের মৌলিক অধিকার,1510,42759,5436,0.035,2025-08-12 04:11:50,245344,5113
Q3345485,Fundamental rights in India,gom,missing,,,42759,,,,245344,0
Q3345485,Fundamental rights in India,gu,missing,,,42759,,,,245344,0
Q3345485,Fundamental rights in India,hi,partial,मूल अधिकार (भारत),11494,42759,35654,0.269,2026-02-20 19:42:25,245344,31062
Q3345485,Fundamental rights in India,kn,partial,ಭಾರತೀಯ ಮೂಲಭೂತ ಹಕ್ಕುಗಳು,7113,42759,20436,0.166,2026-03-25 06:02:00,245344,38289
Q3345485,Fundamental rights in India,ks,missing,,,42759,,,,245344,0
Q3345485,Fundamental rights in India,mai,missing,,,42759,,,,245344,0
Q3345485,Fundamental rights in India,ml,missing,,,42759,,,,245344,0
Q3345485,Fundamental rights in India,mni,missing,,,42759,,,,245344,0
Q3345485,Fundamental rights in India,mr,stub,भारतातील मूलभूत हक्क,3400,42759,9457,0.08,2026-03-31 18:03:40,245344,17409
Q3345485,Fundamental rights in India,ne,stub,भारतका नागरिकहरुको मौलिक अधिकार,1503,42759,4172,0.035,2023-10-01 11:59:44,245344,188
Q3345485,Fundamental rights in India,or,missing,,,42759,,,,245344,0
Q3345485,Fundamental rights in India,pa,stub,ਭਾਰਤ ਵਿੱਚ ਬੁਨਿਆਦੀ ਅਧਿਕਾਰ,2850,42759,8696,0.067,2024-12-27 05:51:57,245344,1053
Q3345485,Fundamental rights in India,sa,missing,,,42759,,,,245344,0
Q3345485,Fundamental rights in India,sat,missing,,,42759,,,,245344,0
Q3345485,Fundamental rights in India,sd,missing,,,42759,,,,245344,0
Q3345485,Fundamental rights in India,ta,partial,இந்திய அரசியலமைப்பிலுள்ள அடிப்படை உரிமைகள்,9795,42759,27171,0.229,2025-03-02 00:34:54,245344,9014
Q3345485,Fundamental rights in India,tcy,missing,,,42759,,,,245344,0
Q3345485,Fundamental rights in India,te,partial,భారత రాజ్యాంగం - ప్రాథమిక హక్కులు,11094,42759,38763,0.259,2026-04-21 02:48:38,245344,18639
Q3345485,Fundamental rights in India,ur,missing,,,42759,,,,245344,0
Q334911,Health insurance,as,missing,,,52829,,,,68979,0
Q334911,Health insurance,bh,missing,,,52829,,,,68979,0
Q334911,Health insurance,bn,stub,স্বাস্থ্য বীমা,3715,52829,13407,0.07,2025-08-13 21:30:54,68979,361
Q334911,Health insurance,gom,missing,,,52829,,,,68979,0
Q334911,Health insurance,gu,missing,,,52829,,,,68979,0
Q334911,Health insurance,hi,stub,स्वास्थ्य बीमा,1287,52829,4346,0.024,2025-05-21 11:54:07,68979,1235
Q334911,Health insurance,kn,good,ಆರೋಗ್ಯ ವಿಮೆ,37868,52829,120526,0.717,2026-09-23 20:43:43,68979,360
Q334911,Health insurance,ks,missing,,,52829,,,,68979,0
Q334911,Health insurance,mai,missing,,,52829,,,,68979,0
Q334911,Health insurance,ml,missing,,,52829,,,,68979,0
Q334911,Health insurance,mni,missing,,,52829,,,,68979,0
Q334911,Health insurance,mr,stub,आरोग्य विमा,187,52829,670,0.004,2021-08-21 05:37:16,68979,216
Q334911,Health insurance,ne,missing,,,52829,,,,68979,0
Q334911,Health insurance,or,missing,,,52829,,,,68979,0
Q334911,Health insurance,pa,missing,,,52829,,,,68979,0
Q334911,Health insurance,sa,missing,,,52829,,,,68979,0
Q334911,Health insurance,sat,missing,,,52829,,,,68979,0
Q334911,Health insurance,sd,missing,,,52829,,,,68979,0
Q334911,Health insurance,ta,good,உடனலக் காப்பீடு,44346,52829,139417,0.839,2026-07-25 08:28:10,68979,351
Q334911,Health insurance,tcy,missing,,,52829,,,,68979,0
Q334911,Health insurance,te,stub,ఆరోగ్య బీమా,1331,52829,4316,0.025,2024-11-28 12:53:41,68979,458
Q334911,Health insurance,ur,missing,,,52829,,,,68979,0
Q33525,Carcinoma,as,missing,,,15446,,,,68038,0
Q33525,Carcinoma,bh,missing,,,15446,,,,68038,0
Q33525,Carcinoma,bn,stub,কার্সিনোমা,2089,15446,10659,0.135,2023-05-30 08:03:33,68038,495
Q33525,Carcinoma,gom,missing,,,15446,,,,68038,0
Q33525,Carcinoma,gu,missing,,,15446,,,,68038,0
Q33525,Carcinoma,hi,stub,कार्सिनोमा,1295,15446,4777,0.084,2026-06-30 09:34:56,68038,34
Q33525,Carcinoma,kn,missing,,,15446,,,,68038,0
Q33525,Carcinoma,ks,missing,,,15446,,,,68038,0
Q33525,Carcinoma,mai,missing,,,15446,,,,68038,0
Q33525,Carcinoma,ml,missing,,,15446,,,,68038,0
Q33525,Carcinoma,mni,missing,,,15446,,,,68038,0
Q33525,Carcinoma,mr,missing,,,15446,,,,68038,0
Q33525,Carcinoma,ne,missing,,,15446,,,,68038,0
Q33525,Carcinoma,or,missing,,,15446,,,,68038,0
Q33525,Carcinoma,pa,missing,,,15446,,,,68038,0
Q33525,Carcinoma,sa,missing,,,15446,,,,68038,0
Q33525,Carcinoma,sat,missing,,,15446,,,,68038,0
Q33525,Carcinoma,sd,good,ڪارڪينوما,16319,15446,32811,1.0,2026-08-27 02:02:39,68038,91
Q33525,Carcinoma,ta,missing,,,15446,,,,68038,0
Q33525,Carcinoma,tcy,missing,,,15446,,,,68038,0
Q33525,Carcinoma,te,missing,,,15446,,,,68038,0
Q33525,Carcinoma,ur,stub,کارسینوما,275,15446,1255,0.018,2025-06-02 09:12:16,68038,62
Q33741,Lightning,as,missing,,,56232,,,,354427,0
Q33741,Lightning,bh,stub,आकासी बिजली,1502,56232,7144,0.027,2025-03-09 05:32:04,354427,225
Q33741,Lightning,bn,stub,বজ্রপাত,6387,56232,17653,0.114,2025-07-20 17:23:24,354427,4065
Q33741,Lightning,gom,missing,,,56232,,,,354427,0
Q33741,Lightning,gu,missing,,,56232,,,,354427,0
Q33741,Lightning,hi,partial,तड़ित,13098,56232,33231,0.233,2021-05-14 12:29:53,354427,3323
Q33741,Lightning,kn,stub,ಮಿಂಚು,754,56232,2336,0.013,2026-03-25 10:56:31,354427,1391
Q33741,Lightning,ks,stub,وۆزمَل,328,56232,1739,0.006,2026-05-23 12:06:53,354427,85
Q33741,Lightning,mai,missing,,,56232,,,,354427,0
Q33741,Lightning,ml,stub,മിന്നൽ,5141,56232,17143,0.091,2021-08-17 01:06:40,354427,992
Q33741,Lightning,mni,missing,,,56232,,,,354427,0
Q33741,Lightning,mr,stub,वीज (हवामान),667,56232,6412,0.012,2026-03-26 19:52:26,354427,191
Q33741,Lightning,ne,partial,चट्याङ,9862,56232,27987,0.175,2025-01-04 18:49:59,354427,751
Q33741,Lightning,or,stub,ବିଜୁଳି,2572,56232,7292,0.046,2018-12-15 18:43:01,354427,218
Q33741,Lightning,pa,stub,ਆਸਮਾਨੀ ਬਿਜਲੀ,1066,56232,3402,0.019,2019-05-04 06:35:17,354427,142
Q33741,Lightning,sa,stub,विद्युत्,137,56232,767,0.002,2017-02-10 08:53:59,354427,118
Q33741,Lightning,sat,missing,,,56232,,,,354427,0
Q33741,Lightning,sd,missing,,,56232,,,,354427,0
Q33741,Lightning,ta,stub,மின்னல்,2264,56232,8008,0.04,2022-11-09 07:52:31,354427,1288
Q33741,Lightning,tcy,missing,,,56232,,,,354427,0
Q33741,Lightning,te,stub,మెరుపు,485,56232,3515,0.009,2026-09-25 10:48:39,354427,761
Q33741,Lightning,ur,stub,آسمانی بجلی,861,56232,2743,0.015,2026-04-01 08:46:23,354427,609
Q337554,Heat stroke,as,partial,তাপাঘাত,2571,15137,13566,0.17,2026-08-26 06:11:49,93832,97
Q337554,Heat stroke,bh,missing,,,15137,,,,93832,0
Q337554,Heat stroke,bn,partial,হিট স্ট্রোক,5804,15137,28248,0.383,2024-12-04 03:28:58,93832,559
Q337554,Heat stroke,gom,missing,,,15137,,,,93832,0
Q337554,Heat stroke,gu,missing,,,15137,,,,93832,0
Q337554,Heat stroke,hi,partial,लू लगना,3389,15137,11011,0.224,2025-05-09 13:55:45,93832,369
Q337554,Heat stroke,kn,missing,,,15137,,,,93832,0
Q337554,Heat stroke,ks,missing,,,15137,,,,93832,0
Q337554,Heat stroke,mai,missing,,,15137,,,,93832,0
Q337554,Heat stroke,ml,missing,,,15137,,,,93832,0
Q337554,Heat stroke,mni,missing,,,15137,,,,93832,0
Q337554,Heat stroke,mr,partial,उष्माघात,5246,15137,14643,0.347,2024-10-14 20:31:25,93832,780
Q337554,Heat stroke,ne,missing,,,15137,,,,93832,0
Q337554,Heat stroke,or,stub,ଅଂଶୁଘାତ,1562,15137,9059,0.103,2023-06-28 13:51:09,93832,525
Q337554,Heat stroke,pa,missing,,,15137,,,,93832,0
Q337554,Heat stroke,sa,missing,,,15137,,,,93832,0
Q337554,Heat stroke,sat,missing,,,15137,,,,93832,0
Q337554,Heat stroke,sd,missing,,,15137,,,,93832,0
Q337554,Heat stroke,ta,missing,,,15137,,,,93832,0
Q337554,Heat stroke,tcy,missing,,,15137,,,,93832,0
Q337554,Heat stroke,te,partial,వడదెబ్బ,2842,15137,9786,0.188,2026-07-03 10:47:18,93832,425
Q337554,Heat stroke,ur,stub,ضربۃ الشمس,1962,15137,5823,0.13,2026-06-07 11:50:47,93832,111
Q339221,Gynecomastia,as,missing,,,29244,,,,406911,0
Q339221,Gynecomastia,bh,stub,गाइनेकोमास्टिया,72,29244,270,0.002,2016-05-20 19:06:19,406911,37
Q339221,Gynecomastia,bn,partial,গাইনোকোমাস্টিয়া,5965,29244,17257,0.204,2026-06-24 19:17:43,406911,1097
Q339221,Gynecomastia,gom,missing,,,29244,,,,406911,0
Q339221,Gynecomastia,gu,missing,,,29244,,,,406911,0
Q339221,Gynecomastia,hi,stub,पुंस्तनवृद्धि,978,29244,2794,0.033,2026-02-05 05:02:02,406911,394
Q339221,Gynecomastia,kn,missing,,,29244,,,,406911,0
Q339221,Gynecomastia,ks,missing,,,29244,,,,406911,0
Q339221,Gynecomastia,mai,missing,,,29244,,,,406911,0
Q339221,Gynecomastia,ml,missing,,,29244,,,,406911,0
Q339221,Gynecomastia,mni,missing,,,29244,,,,406911,0
Q339221,Gynecomastia,mr,missing,,,29244,,,,406911,0
Q339221,Gynecomastia,ne,missing,,,29244,,,,406911,0
Q339221,Gynecomastia,or,stub,ଗାଇନେକୋମାଷ୍ଟିଆ,1363,29244,9227,0.047,2023-10-08 02:28:36,406911,119
Q339221,Gynecomastia,pa,missing,,,29244,,,,406911,0
Q339221,Gynecomastia,sa,missing,,,29244,,,,406911,0
Q339221,Gynecomastia,sat,missing,,,29244,,,,406911,0
Q339221,Gynecomastia,sd,missing,,,29244,,,,406911,0
Q339221,Gynecomastia,ta,stub,ஆண் முலை வீக்கம்,1567,29244,5864,0.054,2024-10-31 15:24:40,406911,790
Q339221,Gynecomastia,tcy,missing,,,29244,,,,406911,0
Q339221,Gynecomastia,te,stub,గైనెకోమాస్టియా,1650,29244,10206,0.056,2026-05-08 13:05:16,406911,71
Q339221,Gynecomastia,ur,missing,,,29244,,,,406911,0
Q3525860,Personal budget,as,missing,,,4833,,,,9224,0
Q3525860,Personal budget,bh,missing,,,4833,,,,9224,0
Q3525860,Personal budget,bn,missing,,,4833,,,,9224,0
Q3525860,Personal budget,gom,missing,,,4833,,,,9224,0
Q3525860,Personal budget,gu,missing,,,4833,,,,9224,0
Q3525860,Personal budget,hi,partial,पारिवारिक बजट,737,4833,3587,0.152,2026-06-24 18:38:43,9224,2051
Q3525860,Personal budget,kn,missing,,,4833,,,,9224,0
Q3525860,Personal budget,ks,missing,,,4833,,,,9224,0
Q3525860,Personal budget,mai,missing,,,4833,,,,9224,0
Q3525860,Personal budget,ml,missing,,,4833,,,,9224,0
Q3525860,Personal budget,mni,missing,,,4833,,,,9224,0
Q3525860,Personal budget,mr,missing,,,4833,,,,9224,0
Q3525860,Personal budget,ne,missing,,,4833,,,,9224,0
Q3525860,Personal budget,or,missing,,,4833,,,,9224,0
Q3525860,Personal budget,pa,missing,,,4833,,,,9224,0
Q3525860,Personal budget,sa,missing,,,4833,,,,9224,0
Q3525860,Personal budget,sat,missing,,,4833,,,,9224,0
Q3525860,Personal budget,sd,missing,,,4833,,,,9224,0
Q3525860,Personal budget,ta,missing,,,4833,,,,9224,0
Q3525860,Personal budget,tcy,missing,,,4833,,,,9224,0
Q3525860,Personal budget,te,missing,,,4833,,,,9224,0
Q3525860,Personal budget,ur,missing,,,4833,,,,9224,0
Q35865,Inflation,as,stub,মুদ্ৰাস্ফীতি,3576,67454,10540,0.053,2023-06-05 07:34:50,258940,1455
Q35865,Inflation,bh,stub,इन्फ्लेशन,954,67454,3759,0.014,2023-06-05 07:33:49,258940,128
Q35865,Inflation,bn,stub,মুদ্রাস্ফীতি,9353,67454,31384,0.139,2026-06-21 19:49:54,258940,3703
Q35865,Inflation,gom,missing,,,67454,,,,258940,0
Q35865,Inflation,gu,good,ફુગાવો,49131,67454,152617,0.728,2026-08-17 13:53:50,258940,1451
Q35865,Inflation,hi,stub,मुद्रास्फीति,9264,67454,26735,0.137,2024-07-15 08:29:27,258940,12337
Q35865,Inflation,kn,good,ಹಣದುಬ್ಬರ,44363,67454,151852,0.658,2026-03-26 12:12:24,258940,3527
Q35865,Inflation,ks,missing,,,67454,,,,258940,0
Q35865,Inflation,mai,missing,,,67454,,,,258940,0
Q35865,Inflation,ml,partial,നാണയപ്പെരുപ്പം,10329,67454,28884,0.153,2022-05-29 13:03:32,258940,525
Q35865,Inflation,mni,missing,,,67454,,,,258940,0
Q35865,Inflation,mr,stub,चलनवाढ,1394,67454,3993,0.021,2023-09-22 20:16:10,258940,769
Q35865,Inflation,ne,stub,मुद्रा स्फिती,1205,67454,3981,0.018,2024-10-03 19:28:28,258940,263
Q35865,Inflation,or,missing,,,67454,,,,258940,0
Q35865,Inflation,pa,stub,ਮਹਿੰਗਾਈ,4500,67454,12051,0.067,2026-04-29 19:12:51,258940,272
Q35865,Inflation,sa,missing,,,67454,,,,258940,0
Q35865,Inflation,sat,missing,,,67454,,,,258940,0
Q35865,Inflation,sd,stub,افراط زر,866,67454,1747,0.013,2025-04-12 17:52:16,258940,55
Q35865,Inflation,ta,partial,பணவீக்கம்,10370,67454,32830,0.154,2026-09-29 06:36:57,258940,3131
Q35865,Inflation,tcy,missing,,,67454,,,,258940,0
Q35865,Inflation,te,stub,ద్రవ్యోల్బణం,707,67454,4552,0.01,2024-11-15 09:48:28,258940,1167
Q35865,Inflation,ur,partial,افراط زر,12640,67454,23416,0.187,2025-03-04 16:15:55,258940,770
Q35869,Asthma,as,stub,হাঁপানি,2187,42721,14945,0.051,2026-08-26 11:33:54,242902,465
Q35869,Asthma,bh,missing,,,42721,,,,242902,0
Q35869,Asthma,bn,partial,হাঁপানি,12772,42721,70554,0.299,2026-09-23 15:02:19,242902,3449
Q35869,Asthma,gom,missing,,,42721,,,,242902,0
Q35869,Asthma,gu,stub,અસ્થમા,2228,42721,13482,0.052,2026-09-08 18:14:32,242902,648
Q35869,Asthma,hi,good,दमा,35735,42721,141994,0.836,2026-09-24 02:50:13,242902,1194
Q35869,Asthma,kn,partial,ಗೂರಲು,9241,42721,25729,0.216,2026-03-23 01:14:24,242902,264
Q35869,Asthma,ks,missing,,,42721,,,,242902,0
Q35869,Asthma,mai,missing,,,42721,,,,242902,0
Q35869,Asthma,ml,good,ആസ്മ,61117,42721,267151,1.0,2026-09-26 11:47:45,242902,1021
Q35869,Asthma,mni,missing,,,42721,,,,242902,0
Q35869,Asthma,mr,stub,दमा,2659,42721,7959,0.062,2024-11-26 00:15:24,242902,306
Q35869,Asthma,ne,stub,दम,5769,42721,15900,0.135,2025-08-25 14:28:49,242902,277
Q35869,Asthma,or,partial,ଆଜ୍‌ମା,14637,42721,70362,0.343,2026-08-14 02:48:04,242902,340
Q35869,Asthma,pa,stub,ਦਮਾ,2300,42721,8032,0.054,2026-07-10 18:38:31,242902,120
Q35869,Asthma,sa,stub,श्वासरोगः,1672,42721,6269,0.039,2015-12-14 15:10:29,242902,111
Q35869,Asthma,sat,missing,,,42721,,,,242902,0
Q35869,Asthma,sd,stub,دمو (ساھه جي بيماري),2043,42721,6620,0.048,2026-02-13 01:13:33,242902,57
Q35869,Asthma,ta,good,ஈழை நோய்,80213,42721,297667,1.0,2026-07-23 17:36:09,242902,1825
Q35869,Asthma,tcy,missing,,,42721,,,,242902,0
Q35869,Asthma,te,stub,ఉబ్బసము,5400,42721,16179,0.126,2026-03-23 12:15:25,242902,1283
Q35869,Asthma,ur,stub,دمہ,254,42721,1782,0.006,2025-02-16 09:46:01,242902,160
Q3610538,Public interest litigation in India,as,missing,,,18072,,,,31621,0
Q3610538,Public interest litigation in India,bh,missing,,,18072,,,,31621,0
Q3610538,Public interest litigation in India,bn,missing,,,18072,,,,31621,0
Q3610538,Public interest litigation in India,gom,missing,,,18072,,,,31621,0
Q3610538,Public interest litigation in India,gu,missing,,,18072,,,,31621,0
Q3610538,Public interest litigation in India,hi,partial,जनहित याचिका,8597,18072,25456,0.476,2025-06-06 17:01:57,31621,1808
Q3610538,Public interest litigation in India,kn,missing,,,18072,,,,31621,0
Q3610538,Public interest litigation in India,ks,missing,,,18072,,,,31621,0
Q3610538,Public interest litigation in India,mai,missing,,,18072,,,,31621,0
Q3610538,Public interest litigation in India,ml,missing,,,18072,,,,31621,0
Q3610538,Public interest litigation in India,mni,missing,,,18072,,,,31621,0
Q3610538,Public interest litigation in India,mr,stub,जनहित याचिका,1210,18072,3451,0.067,2025-02-21 19:19:32,31621,1033
Q3610538,Public interest litigation in India,ne,missing,,,18072,,,,31621,0
Q3610538,Public interest litigation in India,or,partial,ଭାରତରେ ଜନସ୍ୱାର୍ଥ ମାମଲା,3573,18072,11630,0.198,2023-10-09 03:08:56,31621,155
Q3610538,Public interest litigation in India,pa,stub,ਭਾਰਤ ਵਿੱਚ ਜਨਹਿਤ ਯਾਚਿਕਾ,456,18072,1408,0.025,2023-04-26 04:38:18,31621,61
Q3610538,Public interest litigation in India,sa,missing,,,18072,,,,31621,0
Q3610538,Public interest litigation in India,sat,missing,,,18072,,,,31621,0
Q3610538,Public interest litigation in India,sd,missing,,,18072,,,,31621,0
Q3610538,Public interest litigation in India,ta,stub,"பொது நல வழக்கு, இந்தியா",804,18072,2970,0.044,2024-08-05 16:28:28,31621,697
Q3610538,Public interest litigation in India,tcy,missing,,,18072,,,,31621,0
Q3610538,Public interest litigation in India,te,partial,భారతదేశంలో ప్రజా ప్రయోజన వ్యాజ్యం,8344,18072,27656,0.462,2026-06-16 07:22:06,31621,709
Q3610538,Public interest litigation in India,ur,partial,بھارت کے مفاد عامہ مقدمات,4614,18072,9817,0.255,2025-02-02 15:29:24,31621,81
Q36855,Swine influenza,as,partial,ছোৱাইন ফ্লু,8456,34859,23150,0.243,2023-10-05 04:24:33,68197,199
Q36855,Swine influenza,bh,missing,,,34859,,,,68197,0
Q36855,Swine influenza,bn,partial,সোয়াইন ইনফ্লুয়েঞ্জা,13111,34859,35036,0.376,2026-09-23 21:48:10,68197,369
Q36855,Swine influenza,gom,missing,,,34859,,,,68197,0
Q36855,Swine influenza,gu,stub,સ્વાઇન ફ્લૂ,517,34859,3144,0.015,2024-04-18 21:56:34,68197,75
Q36855,Swine influenza,hi,partial,शूकर इन्फ्लूएंजा,5682,34859,22707,0.163,2024-08-12 05:51:04,68197,252
Q36855,Swine influenza,kn,stub,ಹಂದಿಜ್ವರ,522,34859,1788,0.015,2026-03-26 11:59:13,68197,67
Q36855,Swine influenza,ks,missing,,,34859,,,,68197,0
Q36855,Swine influenza,mai,stub,स्वाइन फ्लू,624,34859,1715,0.018,2017-03-15 17:57:57,68197,44
Q36855,Swine influenza,ml,partial,പന്നിപ്പനി,8724,34859,35402,0.25,2026-09-23 12:51:49,68197,2249
Q36855,Swine influenza,mni,missing,,,34859,,,,68197,0
Q36855,Swine influenza,mr,stub,स्वाइन इन्फ्लुएन्झा,4111,34859,12117,0.118,2026-05-15 13:54:40,68197,373
Q36855,Swine influenza,ne,stub,स्वाइन फ्लू,2474,34859,6787,0.071,2020-09-03 07:28:21,68197,72
Q36855,Swine influenza,or,missing,,,34859,,,,68197,0
Q36855,Swine influenza,pa,stub,ਸਵਾਈਨ ਇਨਫ਼ਲੂਐਨਜ਼ਾ,1665,34859,4783,0.048,2022-12-16 15:31:15,68197,50
Q36855,Swine influenza,sa,missing,,,34859,,,,68197,0
Q36855,Swine influenza,sat,missing,,,34859,,,,68197,0
Q36855,Swine influenza,sd,missing,,,34859,,,,68197,0
Q36855,Swine influenza,ta,partial,எச்1.என்1 சளிக்காய்ச்சல்,6889,34859,25570,0.198,2026-06-18 15:24:43,68197,441
Q36855,Swine influenza,tcy,missing,,,34859,,,,68197,0
Q36855,Swine influenza,te,partial,స్వైన్‌ఫ్లూ,11121,34859,31999,0.319,2026-02-20 06:44:46,68197,106
Q36855,Swine influenza,ur,stub,سوائن فلو,2780,34859,7323,0.08,2026-09-24 01:21:44,68197,140
Q36940,Sugarcane,as,stub,কুঁহিয়াৰ,1823,38376,6350,0.048,2020-12-25 06:48:44,283236,595
Q36940,Sugarcane,bh,stub,ऊखि,1317,38376,4122,0.034,2026-08-24 17:12:25,283236,255
Q36940,Sugarcane,bn,stub,আখ,1215,38376,8690,0.032,2025-09-02 18:00:56,283236,1872
Q36940,Sugarcane,gom,missing,,,38376,,,,283236,0
Q36940,Sugarcane,gu,missing,,,38376,,,,283236,0
Q36940,Sugarcane,hi,partial,गन्ना,14634,38376,40337,0.381,2026-02-24 22:30:59,283236,6703
Q36940,Sugarcane,kn,good,ಕಬ್ಬು,26242,38376,77234,0.684,2026-05-31 12:53:13,283236,3417
Q36940,Sugarcane,ks,missing,,,38376,,,,283236,0
Q36940,Sugarcane,mai,missing,,,38376,,,,283236,0
Q36940,Sugarcane,ml,stub,കരിമ്പ്,5331,38376,18946,0.139,2025-10-27 16:17:26,283236,1116
Q36940,Sugarcane,mni,stub,ꯆꯨ ꯄꯥꯝꯕꯤ,97,38376,338,0.003,2024-05-28 15:42:48,283236,246
Q36940,Sugarcane,mr,stub,ऊस,4191,38376,12890,0.109,2026-04-03 05:33:27,283236,2719
Q36940,Sugarcane,ne,stub,उखु,1535,38376,5338,0.04,2025-09-28 07:29:41,283236,337
Q36940,Sugarcane,or,stub,ଆଖୁ,921,38376,5636,0.024,2026-03-24 11:54:28,283236,108
Q36940,Sugarcane,pa,good,ਗੰਨਾ,26396,38376,79601,0.688,2025-10-10 17:34:46,283236,537
Q36940,Sugarcane,sa,missing,,,38376,,,,283236,0
Q36940,Sugarcane,sat,missing,,,38376,,,,283236,0
Q36940,Sugarcane,sd,missing,,,38376,,,,283236,0
Q36940,Sugarcane,ta,missing,,,38376,,,,283236,0
Q36940,Sugarcane,tcy,stub,ಕರುಂಬು,975,38376,3006,0.025,2025-11-08 04:30:50,283236,89
Q36940,Sugarcane,te,partial,చెరకు,9423,38376,28342,0.246,2026-09-04 11:29:37,283236,1126
Q36940,Sugarcane,ur,stub,گنا,378,38376,3815,0.01,2026-09-29 18:38:33,283236,384
Q36956,Leprosy,as,stub,কুষ্ঠ,2452,48752,13171,0.05,2025-12-27 09:34:52,1272787,723
Q36956,Leprosy,bh,missing,,,48752,,,,1272787,0
Q36956,Leprosy,bn,stub,কুষ্ঠ,2171,48752,9636,0.045,2026-05-13 22:59:50,1272787,983
Q36956,Leprosy,gom,missing,,,48752,,,,1272787,0
Q36956,Leprosy,gu,stub,રક્તપિત,2569,48752,11176,0.053,2022-12-19 03:38:16,1272787,1420
Q36956,Leprosy,hi,good,कुष्ठरोग,59667,48752,193922,1.0,2026-09-03 18:39:48,1272787,2222
Q36956,Leprosy,kn,good,ಕುಷ್ಠರೋಗ,33792,48752,130573,0.693,2026-09-24 06:52:35,1272787,1308
Q36956,Leprosy,ks,stub,میٚونٛد,3289,48752,14066,0.067,2026-09-06 18:02:04,1272787,80
Q36956,Leprosy,mai,missing,,,48752,,,,1272787,0
Q36956,Leprosy,ml,stub,കുഷ്ഠം,2669,48752,12876,0.055,2026-06-19 10:50:59,1272787,1988
Q36956,Leprosy,mni,missing,,,48752,,,,1272787,0
Q36956,Leprosy,mr,partial,कुष्ठरोग,9690,48752,26247,0.199,2026-07-26 11:22:55,1272787,4005
Q36956,Leprosy,ne,stub,कुष्ठरोग,3121,48752,11790,0.064,2022-12-15 10:38:04,1272787,509
Q36956,Leprosy,or,partial,କୁଷ୍ଠ,10326,48752,41491,0.212,2026-08-14 06:59:41,1272787,937
Q36956,Leprosy,pa,stub,ਕੋਹੜ,2728,48752,11813,0.056,2021-11-13 19:33:10,1272787,308
Q36956,Leprosy,sa,stub,कुष्ठरोगः,3002,48752,13092,0.062,2023-09-30 20:04:19,1272787,207
Q36956,Leprosy,sat,stub,ᱢᱩᱰᱨᱩᱡ ᱟᱡᱟᱨ,2031,48752,4633,0.042,2022-08-24 02:03:09,1272787,99
Q36956,Leprosy,sd,stub,ڪوڙھ,3394,48752,12043,0.07,2025-07-22 12:14:53,1272787,95
Q36956,Leprosy,ta,partial,தொழு நோய்,9665,48752,31520,0.198,2023-02-13 15:05:53,1272787,3142
Q36956,Leprosy,tcy,missing,,,48752,,,,1272787,0
Q36956,Leprosy,te,stub,కుష్టు వ్యాధి,1195,48752,4819,0.025,2025-06-28 03:50:36,1272787,1673
Q36956,Leprosy,ur,stub,جذام,7290,48752,13221,0.15,2026-04-25 14:13:04,1272787,2074
Q373597,Hematuria,as,missing,,,16316,,,,86071,0
Q373597,Hematuria,bh,missing,,,16316,,,,86071,0
Q373597,Hematuria,bn,good,রক্তমেহ,16914,16316,71286,1.0,2026-07-13 01:57:13,86071,284
Q373597,Hematuria,gom,missing,,,16316,,,,86071,0
Q373597,Hematuria,gu,missing,,,16316,,,,86071,0
Q373597,Hematuria,hi,missing,,,16316,,,,86071,0
Q373597,Hematuria,kn,missing,,,16316,,,,86071,0
Q373597,Hematuria,ks,missing,,,16316,,,,86071,0
Q373597,Hematuria,mai,missing,,,16316,,,,86071,0
Q373597,Hematuria,ml,missing,,,16316,,,,86071,0
Q373597,Hematuria,mni,missing,,,16316,,,,86071,0
Q373597,Hematuria,mr,missing,,,16316,,,,86071,0
Q373597,Hematuria,ne,missing,,,16316,,,,86071,0
Q373597,Hematuria,or,stub,ରକ୍ତମେହ,1487,16316,6509,0.091,2026-08-14 10:34:11,86071,78
Q373597,Hematuria,pa,missing,,,16316,,,,86071,0
Q373597,Hematuria,sa,missing,,,16316,,,,86071,0
Q373597,Hematuria,sat,missing,,,16316,,,,86071,0
Q373597,Hematuria,sd,missing,,,16316,,,,86071,0
Q373597,Hematuria,ta,stub,சிறுநீரில் குருதி,1417,16316,7006,0.087,2022-10-16 15:43:51,86071,260
Q373597,Hematuria,tcy,missing,,,16316,,,,86071,0
Q373597,Hematuria,te,missing,,,16316,,,,86071,0
Q373597,Hematuria,ur,missing,,,16316,,,,86071,0
Q373822,Eating disorder,as,missing,,,85936,,,,156354,0
Q373822,Eating disorder,bh,missing,,,85936,,,,156354,0
Q373822,Eating disorder,bn,good,আহারজনিত ব্যাধি,80797,85936,370275,0.94,2026-09-24 10:19:24,156354,239
Q373822,Eating disorder,gom,missing,,,85936,,,,156354,0
Q373822,Eating disorder,gu,missing,,,85936,,,,156354,0
Q373822,Eating disorder,hi,stub,आहार सम्बंधी विकार,8907,85936,23599,0.104,2026-09-14 17:57:14,156354,383
Q373822,Eating disorder,kn,missing,,,85936,,,,156354,0
Q373822,Eating disorder,ks,missing,,,85936,,,,156354,0
Q373822,Eating disorder,mai,missing,,,85936,,,,156354,0
Q373822,Eating disorder,ml,missing,,,85936,,,,156354,0
Q373822,Eating disorder,mni,missing,,,85936,,,,156354,0
Q373822,Eating disorder,mr,missing,,,85936,,,,156354,0
Q373822,Eating disorder,ne,missing,,,85936,,,,156354,0
Q373822,Eating disorder,or,stub,ଖାଇବା ବେମାରୀ,1870,85936,8367,0.022,2026-08-03 05:45:31,156354,84
Q373822,Eating disorder,pa,stub,ਖਾਣ ਪੀਣ ਦੇ ਵਿਕਾਰ,3214,85936,11327,0.037,2023-04-29 20:48:31,156354,545
Q373822,Eating disorder,sa,missing,,,85936,,,,156354,0
Q373822,Eating disorder,sat,missing,,,85936,,,,156354,0
Q373822,Eating disorder,sd,missing,,,85936,,,,156354,0
Q373822,Eating disorder,ta,stub,உண்ணுதல் கோளாறு,3340,85936,12313,0.039,2022-10-22 19:28:18,156354,231
Q373822,Eating disorder,tcy,missing,,,85936,,,,156354,0
Q373822,Eating disorder,te,stub,తినడంలో లోపం,2766,85936,10716,0.032,2026-08-26 10:05:56,156354,2
Q373822,Eating disorder,ur,stub,غذائی بے ترتیبی,2601,85936,10790,0.03,2025-03-01 20:00:50,156354,120
Q37383,Peanut,as,missing,,,23301,,,,485242,0
Q37383,Peanut,bh,missing,,,23301,,,,485242,0
Q37383,Peanut,bn,partial,চীনাবাদাম,5338,23301,20961,0.229,2026-05-26 10:15:33,485242,3246
Q37383,Peanut,gom,missing,,,23301,,,,485242,0
Q37383,Peanut,gu,missing,,,23301,,,,485242,0
Q37383,Peanut,hi,stub,मूँगफली,1425,23301,5424,0.061,2025-07-14 17:41:52,485242,9321
Q37383,Peanut,kn,partial,ಕಡಲೇಕಾಯಿ,4632,23301,13184,0.199,2026-03-22 11:51:51,485242,769
Q37383,Peanut,ks,missing,,,23301,,,,485242,0
Q37383,Peanut,mai,missing,,,23301,,,,485242,0
Q37383,Peanut,ml,partial,നിലക്കടല,5141,23301,16667,0.221,2026-08-22 06:32:10,485242,2174
Q37383,Peanut,mni,missing,,,23301,,,,485242,0
Q37383,Peanut,mr,stub,भुईमूग,2963,23301,10019,0.127,2023-12-04 19:51:32,485242,1201
Q37383,Peanut,ne,stub,बदाम,254,23301,2067,0.011,2025-08-25 14:21:51,485242,107
Q37383,Peanut,or,missing,,,23301,,,,485242,0
Q37383,Peanut,pa,stub,ਮੂੰਗਫਲੀ,2450,23301,9443,0.105,2023-11-10 05:51:50,485242,270
Q37383,Peanut,sa,stub,कलायः,2447,23301,8179,0.105,2023-11-08 23:29:13,485242,96
Q37383,Peanut,sat,missing,,,23301,,,,485242,0
Q37383,Peanut,sd,stub,بوھي مڱ,805,23301,2353,0.035,2024-07-27 21:55:09,485242,58
Q37383,Peanut,ta,stub,நிலக்கடலை,1638,23301,7438,0.07,2026-03-01 17:21:17,485242,3236
Q37383,Peanut,tcy,missing,,,23301,,,,485242,0
Q37383,Peanut,te,partial,వేరుశనగ,4154,23301,12466,0.178,2023-12-27 17:23:22,485242,2111
Q37383,Peanut,ur,stub,مونگ پھلی,447,23301,4198,0.019,2025-03-21 23:05:37,485242,383
Q382370,Mpox,as,missing,,,29089,,,,116027,0
Q382370,Mpox,bh,missing,,,29089,,,,116027,0
Q382370,Mpox,bn,partial,এমপক্স,8514,29089,37148,0.293,2026-07-30 17:15:00,116027,292
Q382370,Mpox,gom,missing,,,29089,,,,116027,0
Q382370,Mpox,gu,missing,,,29089,,,,116027,0
Q382370,Mpox,hi,partial,मंकीपॉक्स,8415,29089,36515,0.289,2025-04-19 18:10:21,116027,675
Q382370,Mpox,kn,partial,ಮಂಕಿಪಾಕ್ಸ್,12213,29089,38232,0.42,2026-03-25 06:52:50,116027,198
Q382370,Mpox,ks,stub,ایم پوکس,3851,29089,24340,0.132,2026-08-26 18:03:08,116027,97
Q382370,Mpox,mai,missing,,,29089,,,,116027,0
Q382370,Mpox,ml,partial,മങ്കിപോക്സ്,7260,29089,44362,0.25,2024-08-17 01:54:40,116027,471
Q382370,Mpox,mni,missing,,,29089,,,,116027,0
Q382370,Mpox,mr,partial,मंकीपॉक्स,6855,29089,35715,0.236,2026-06-10 10:37:58,116027,999
Q382370,Mpox,ne,stub,मङ्किपक्स,217,29089,9386,0.007,2022-08-14 21:36:44,116027,54
Q382370,Mpox,or,stub,ମଙ୍କିପକ୍ସ,1655,29089,8435,0.057,2023-10-09 03:31:38,116027,97
Q382370,Mpox,pa,missing,,,29089,,,,116027,0
Q382370,Mpox,sa,missing,,,29089,,,,116027,0
Q382370,Mpox,sat,missing,,,29089,,,,116027,0
Q382370,Mpox,sd,missing,,,29089,,,,116027,0
Q382370,Mpox,ta,stub,குரங்கு அம்மை,2097,29089,11220,0.072,2026-06-25 23:46:12,116027,360
Q382370,Mpox,tcy,missing,,,29089,,,,116027,0
Q382370,Mpox,te,partial,మంకీపాక్స్,4418,29089,18788,0.152,2026-06-10 10:03:46,116027,131
Q382370,Mpox,ur,stub,منکی پاکس,3728,29089,19065,0.128,2026-05-01 11:10:56,116027,332
Q38404,Autism,as,missing,,,60756,,,,1351358,0
Q38404,Autism,bh,missing,,,60756,,,,1351358,0
Q38404,Autism,bn,stub,আত্মসংবৃতি,6512,60756,20243,0.107,2025-06-11 18:28:27,1351358,1297
Q38404,Autism,gom,missing,,,60756,,,,1351358,0
Q38404,Autism,gu,missing,,,60756,,,,1351358,0
Q38404,Autism,hi,partial,स्वलीनता,10673,60756,29555,0.176,2026-07-02 08:47:50,1351358,2475
Q38404,Autism,kn,stub,ಆಟಿಸಮ್,1686,60756,6935,0.028,2026-03-22 01:01:19,1351358,392
Q38404,Autism,ks,stub,آٹزم,2231,60756,11082,0.037,2026-08-12 00:10:15,1351358,160
Q38404,Autism,mai,missing,,,60756,,,,1351358,0
Q38404,Autism,ml,partial,ഓട്ടിസ്റ്റിക് ഡിസോർഡർ,12381,60756,37044,0.204,2023-09-03 12:19:50,1351358,463
Q38404,Autism,mni,missing,,,60756,,,,1351358,0
Q38404,Autism,mr,stub,स्वमग्नता,2898,60756,8555,0.048,2026-09-25 21:50:05,1351358,1037
Q38404,Autism,ne,stub,अटिज्म,4498,60756,12864,0.074,2025-08-03 10:35:56,1351358,308
Q38404,Autism,or,stub,ଅଟିଜିମ୍‌,1948,60756,14759,0.032,2026-08-03 03:18:12,1351358,703
Q38404,Autism,pa,stub,ਸਵੈਲੀਨਤਾ,1773,60756,9473,0.029,2025-10-10 19:34:30,1351358,121
Q38404,Autism,sa,missing,,,60756,,,,1351358,0
Q38404,Autism,sat,missing,,,60756,,,,1351358,0
Q38404,Autism,sd,missing,,,60756,,,,1351358,0
Q38404,Autism,ta,partial,மதியிறுக்கம்,22018,60756,82057,0.362,2022-09-23 20:04:41,1351358,2011
Q38404,Autism,tcy,missing,,,60756,,,,1351358,0
Q38404,Autism,te,stub,ఆటిజం,3492,60756,14401,0.057,2024-09-16 08:56:59,1351358,1122
Q38404,Autism,ur,stub,آٹزم,2008,60756,12264,0.033,2026-08-06 05:28:44,1351358,287
Q388626,Sleepwalking,as,missing,,,25043,,,,134930,0
Q388626,Sleepwalking,bh,missing,,,25043,,,,134930,0
Q388626,Sleepwalking,bn,missing,,,25043,,,,134930,0
Q388626,Sleepwalking,gom,missing,,,25043,,,,134930,0
Q388626,Sleepwalking,gu,missing,,,25043,,,,134930,0
Q388626,Sleepwalking,hi,stub,निद्राभ्रमण,1466,25043,3586,0.059,2020-06-15 02:31:26,134930,106
Q388626,Sleepwalking,kn,stub,ನಿದ್ರಾ ನಡಿಗೆ,3571,25043,11257,0.143,2026-03-24 15:57:09,134930,127
Q388626,Sleepwalking,ks,missing,,,25043,,,,134930,0
Q388626,Sleepwalking,mai,missing,,,25043,,,,134930,0
Q388626,Sleepwalking,ml,missing,,,25043,,,,134930,0
Q388626,Sleepwalking,mni,missing,,,25043,,,,134930,0
Q388626,Sleepwalking,mr,missing,,,25043,,,,134930,0
Q388626,Sleepwalking,ne,missing,,,25043,,,,134930,0
Q388626,Sleepwalking,or,missing,,,25043,,,,134930,0
Q388626,Sleepwalking,pa,missing,,,25043,,,,134930,0
Q388626,Sleepwalking,sa,missing,,,25043,,,,134930,0
Q388626,Sleepwalking,sat,missing,,,25043,,,,134930,0
Q388626,Sleepwalking,sd,stub,اوٿارو,120,25043,505,0.005,2026-04-29 13:55:17,134930,62
Q388626,Sleepwalking,ta,partial,துயில் நடை,6019,25043,16343,0.24,2022-02-13 12:43:07,134930,164
Q388626,Sleepwalking,tcy,missing,,,25043,,,,134930,0
Q388626,Sleepwalking,te,missing,,,25043,,,,134930,0
Q388626,Sleepwalking,ur,stub,خواب خرامی,382,25043,807,0.015,2025-02-15 06:35:02,134930,82
Q38933,Fever,as,partial,জ্বৰ,3732,23920,15853,0.156,2026-08-07 01:43:09,194562,704
Q38933,Fever,bh,missing,,,23920,,,,194562,0
Q38933,Fever,bn,partial,জ্বর,4794,23920,17589,0.2,2025-10-13 08:48:57,194562,4154
Q38933,Fever,gom,missing,,,23920,,,,194562,0
Q38933,Fever,gu,stub,તાવ,1823,23920,5813,0.076,2025-12-04 17:40:14,194562,509
Q38933,Fever,hi,partial,ज्वर,4214,23920,12582,0.176,2024-09-15 05:53:22,194562,1365
Q38933,Fever,kn,good,ಜ್ವರ,34726,23920,94305,1.0,2026-03-23 17:55:27,194562,791
Q38933,Fever,ks,stub,تَپھ,153,23920,570,0.006,2022-06-23 12:00:52,194562,68
Q38933,Fever,mai,missing,,,23920,,,,194562,0
Q38933,Fever,ml,good,പനി,16983,23920,54411,0.71,2025-10-09 18:40:45,194562,1646
Q38933,Fever,mni,missing,,,23920,,,,194562,0
Q38933,Fever,mr,stub,ताप,569,23920,2252,0.024,2024-07-29 00:27:40,194562,306
Q38933,Fever,ne,stub,ज्वरो,677,23920,2018,0.028,2020-12-18 02:42:16,194562,233
Q38933,Fever,or,partial,ଜ୍ୱର,9464,23920,32806,0.396,2026-08-03 02:50:26,194562,253
Q38933,Fever,pa,stub,ਤਾਪ (ਬਿਮਾਰੀ),438,23920,1163,0.018,2019-05-04 20:20:37,194562,82
Q38933,Fever,sa,stub,ज्वरः,2703,23920,7378,0.113,2023-09-30 20:40:59,194562,94
Q38933,Fever,sat,stub,ᱨᱩᱣᱟᱹ,2942,23920,11291,0.123,2026-08-12 02:49:34,194562,79
Q38933,Fever,sd,stub,تپ,1794,23920,4184,0.075,2026-03-03 02:33:28,194562,60
Q38933,Fever,ta,stub,காய்ச்சல்,1730,23920,4793,0.072,2026-06-23 01:25:05,194562,1457
Q38933,Fever,tcy,stub,ಜರೊ,1019,23920,3026,0.043,2025-11-08 05:19:05,194562,71
Q38933,Fever,te,stub,జ్వరం,2581,23920,8151,0.108,2024-08-14 09:50:53,194562,1175
Q38933,Fever,ur,stub,بخار,248,23920,2011,0.01,2026-07-29 02:24:26,194562,361
Q389735,Cardiovascular disease,as,missing,,,43012,,,,206138,0
Q389735,Cardiovascular disease,bh,stub,हार्ट के बेमारी,600,43012,4498,0.014,2025-12-15 16:52:45,206138,107
Q389735,Cardiovascular disease,bn,stub,হৃদ-রক্তবাহ রোগ,4603,43012,25458,0.107,2026-06-27 05:11:25,206138,105
Q389735,Cardiovascular disease,gom,missing,,,43012,,,,206138,0
Q389735,Cardiovascular disease,gu,missing,,,43012,,,,206138,0
Q389735,Cardiovascular disease,hi,stub,हृदयवाहिका रोग,6247,43012,24420,0.145,2026-07-03 16:33:18,206138,315
Q389735,Cardiovascular disease,kn,stub,ಹೃದಯರೋಗ,381,43012,1205,0.009,2026-03-26 14:24:44,206138,156
Q389735,Cardiovascular disease,ks,missing,,,43012,,,,206138,0
Q389735,Cardiovascular disease,mai,missing,,,43012,,,,206138,0
Q389735,Cardiovascular disease,ml,missing,,,43012,,,,206138,0
Q389735,Cardiovascular disease,mni,missing,,,43012,,,,206138,0
Q389735,Cardiovascular disease,mr,stub,हृदय व रक्तवाहिन्यासंबंधी रोग,4737,43012,25350,0.11,2026-07-26 13:36:29,206138,110
Q389735,Cardiovascular disease,ne,stub,हृदय रोग,362,43012,1086,0.008,2025-08-25 14:29:08,206138,91
Q389735,Cardiovascular disease,or,stub,ହୃଦରକ୍ତନାଳୀ ରୋଗ,2598,43012,14211,0.06,2026-08-03 02:07:12,206138,95
Q389735,Cardiovascular disease,pa,stub,ਕਾਰਡੀਓਵੈਸਕੁਲਰ ਰੋਗ,2423,43012,13316,0.056,2025-10-10 17:23:46,206138,94
Q389735,Cardiovascular disease,sa,stub,हृदयरोगः,26,43012,470,0.001,2020-11-11 07:51:48,206138,95
Q389735,Cardiovascular disease,sat,missing,,,43012,,,,206138,0
Q389735,Cardiovascular disease,sd,missing,,,43012,,,,206138,0
Q389735,Cardiovascular disease,ta,stub,இதயக் குழலிய நோய்,1923,43012,7455,0.045,2025-10-24 06:38:11,206138,416
Q389735,Cardiovascular disease,tcy,missing,,,43012,,,,206138,0
Q389735,Cardiovascular disease,te,stub,హృదయ సంబంధ వ్యాధి,2371,43012,12871,0.055,2026-09-27 19:15:57,206138,0
Q389735,Cardiovascular disease,ur,stub,مرض قلبی عروقی,2474,43012,11557,0.058,2026-04-06 10:09:01,206138,170
Q3908516,Entrepreneurship,as,missing,,,59374,,,,205362,0
Q3908516,Entrepreneurship,bh,missing,,,59374,,,,205362,0
Q3908516,Entrepreneurship,bn,stub,ব্যবসায় উদ্যোগ,3613,59374,15390,0.061,2026-07-14 09:28:55,205362,1525
Q3908516,Entrepreneurship,gom,missing,,,59374,,,,205362,0
Q3908516,Entrepreneurship,gu,stub,ઉદ્યોગ સાહસિકતા,818,59374,2342,0.014,2023-07-16 20:42:23,205362,787
Q3908516,Entrepreneurship,hi,partial,उद्यमिता,12184,59374,33697,0.205,2024-09-30 16:40:29,205362,1089
Q3908516,Entrepreneurship,kn,partial,ವಾಣಿಜ್ಯೋದ್ಯಮ,9704,59374,26013,0.163,2026-09-02 07:30:25,205362,485
Q3908516,Entrepreneurship,ks,missing,,,59374,,,,205362,0
Q3908516,Entrepreneurship,mai,missing,,,59374,,,,205362,0
Q3908516,Entrepreneurship,ml,missing,,,59374,,,,205362,0
Q3908516,Entrepreneurship,mni,missing,,,59374,,,,205362,0
Q3908516,Entrepreneurship,mr,missing,,,59374,,,,205362,0
Q3908516,Entrepreneurship,ne,missing,,,59374,,,,205362,0
Q3908516,Entrepreneurship,or,missing,,,59374,,,,205362,0
Q3908516,Entrepreneurship,pa,stub,ਉੱਦਮ,237,59374,1360,0.004,2019-05-04 07:31:42,205362,151
Q3908516,Entrepreneurship,sa,missing,,,59374,,,,205362,0
Q3908516,Entrepreneurship,sat,missing,,,59374,,,,205362,0
Q3908516,Entrepreneurship,sd,missing,,,59374,,,,205362,0
Q3908516,Entrepreneurship,ta,good,தொழில் முனைவு,46936,59374,129751,0.791,2024-09-29 05:10:27,205362,1368
Q3908516,Entrepreneurship,tcy,missing,,,59374,,,,205362,0
Q3908516,Entrepreneurship,te,stub,వ్యవస్థాపకత,2029,59374,7825,0.034,2021-07-09 17:04:26,205362,745
Q3908516,Entrepreneurship,ur,stub,کار اندازی,1457,59374,6783,0.025,2026-09-11 15:10:29,205362,0
Q39222,Rabies,as,stub,জলাতংক,3775,34867,16340,0.108,2026-08-07 15:36:28,1071606,591
Q39222,Rabies,bh,missing,,,34867,,,,1071606,0
Q39222,Rabies,bn,partial,জলাতংক,6992,34867,34192,0.201,2025-10-14 00:59:42,1071606,3749
Q39222,Rabies,gom,missing,,,34867,,,,1071606,0
Q39222,Rabies,gu,partial,હડકવા,5666,34867,21944,0.163,2026-08-17 01:26:47,1071606,1164
Q39222,Rabies,hi,stub,रेबीज़,4911,34867,19824,0.141,2026-07-02 19:53:31,1071606,3131
Q39222,Rabies,kn,partial,ರೇಬೀಸ್,5527,34867,18893,0.159,2026-08-07 12:59:08,1071606,724
Q39222,Rabies,ks,stub,ریبیز,2802,34867,10130,0.08,2026-08-26 18:02:58,1071606,67
Q39222,Rabies,mai,stub,रेबिज,165,34867,608,0.005,2016-12-17 13:36:21,1071606,45
Q39222,Rabies,ml,partial,പേവിഷബാധ,5617,34867,17079,0.161,2023-12-15 00:36:55,1071606,3370
Q39222,Rabies,mni,missing,,,34867,,,,1071606,0
Q39222,Rabies,mr,partial,रेबीज,5856,34867,18869,0.168,2025-07-13 11:11:34,1071606,2881
Q39222,Rabies,ne,stub,रेबिज,3731,34867,12649,0.107,2025-02-03 01:26:16,1071606,431
Q39222,Rabies,or,partial,ଜଳାତଙ୍କ,8374,34867,35845,0.24,2026-08-14 02:57:06,1071606,378
Q39222,Rabies,pa,stub,ਹਲਕਾਅ ਵਾਲੇ ਕੁੱਤੇ ਨੂੰ ਅਧਰੰਗ ਦਾ,4098,34867,16064,0.118,2026-07-10 18:14:56,1071606,161
Q39222,Rabies,sa,missing,,,34867,,,,1071606,0
Q39222,Rabies,sat,missing,,,34867,,,,1071606,0
Q39222,Rabies,sd,missing,,,34867,,,,1071606,0
Q39222,Rabies,ta,stub,வெறிநாய்க்கடி நோய்,1434,34867,5215,0.041,2023-12-20 06:38:38,1071606,1493
Q39222,Rabies,tcy,missing,,,34867,,,,1071606,0
Q39222,Rabies,te,stub,రేబిస్,5203,34867,15311,0.149,2026-05-13 19:19:11,1071606,1351
Q39222,Rabies,ur,stub,مرض کلب,477,34867,1515,0.014,2026-07-16 04:03:37,1071606,152
Q395,Mathematics,as,stub,গণিত,1783,55879,10864,0.032,2026-04-22 23:26:07,1081475,1469
Q395,Mathematics,bh,stub,गणित,420,55879,1272,0.008,2025-01-04 20:00:26,1081475,423
Q395,Mathematics,bn,partial,গণিত,13224,55879,57993,0.237,2025-12-28 13:43:05,1081475,5131
Q395,Mathematics,gom,stub,ಗಣಿತ್,438,55879,1240,0.008,2022-05-08 04:39:45,1081475,386
Q395,Mathematics,gu,good,ગણિત,42948,55879,129865,0.769,2026-08-18 00:00:07,1081475,3450
Q395,Mathematics,hi,partial,गणित,10015,55879,37652,0.179,2025-12-17 19:49:37,1081475,11409
Q395,Mathematics,kn,good,ಗಣಿತ,91478,55879,266985,1.0,2026-08-11 10:15:26,1081475,2557
Q395,Mathematics,ks,stub,گرٛؠندُت,297,55879,1403,0.005,2024-02-06 09:37:26,1081475,395
Q395,Mathematics,mai,stub,गणित,1398,55879,6139,0.025,2016-10-17 02:20:56,1081475,366
Q395,Mathematics,ml,partial,ഗണിതം,13689,55879,50593,0.245,2025-12-03 17:21:37,1081475,4106
Q395,Mathematics,mni,stub,ꯆꯩꯁꯤꯡꯂꯣꯟ,400,55879,1465,0.007,2022-05-16 10:32:49,1081475,830
Q395,Mathematics,mr,partial,गणित,11179,55879,34621,0.2,2024-07-29 00:31:02,1081475,2188
Q395,Mathematics,ne,stub,गणित,5373,55879,12235,0.096,2024-05-05 15:34:41,1081475,651
Q395,Mathematics,or,stub,ଗଣିତ,2220,55879,10065,0.04,2023-10-08 02:24:19,1081475,813
Q395,Mathematics,pa,stub,ਗਣਿਤ,1066,55879,5384,0.019,2021-11-21 07:59:39,1081475,517
Q395,Mathematics,sa,stub,गणितम्,6553,55879,16380,0.117,2026-04-03 01:34:45,1081475,515
Q395,Mathematics,sat,stub,ᱮᱞᱠᱷᱟ,1292,55879,4947,0.023,2023-01-22 10:21:15,1081475,313
Q395,Mathematics,sd,partial,علم رياضيات,25444,55879,74019,0.455,2026-08-26 21:05:35,1081475,284
Q395,Mathematics,ta,stub,கணிதம்,8287,55879,36478,0.148,2026-06-24 02:27:03,1081475,4065
Q395,Mathematics,tcy,stub,ಗಣಿತ,660,55879,4545,0.012,2024-12-17 13:53:11,1081475,253
Q395,Mathematics,te,partial,గణితం,12404,55879,35764,0.222,2026-08-21 20:50:12,1081475,1629
Q395,Mathematics,ur,stub,ریاضی,1485,55879,7230,0.027,2026-08-15 15:37:40,1081475,1287
Q3968,Algebra,as,partial,বীজগণিত,9711,42402,25166,0.229,2023-09-28 13:00:39,342586,884
Q3968,Algebra,bh,stub,बीजगणित,816,42402,4329,0.019,2025-03-09 03:44:11,342586,198
Q3968,Algebra,bn,good,বীজগণিত,24654,42402,88978,0.581,2026-06-21 18:54:42,342586,2269
Q3968,Algebra,gom,missing,,,42402,,,,342586,0
Q3968,Algebra,gu,partial,બીજગણિત,7691,42402,22626,0.181,2026-08-17 13:45:28,342586,633
Q3968,Algebra,hi,partial,बीजगणित,16553,42402,45048,0.39,2026-09-02 13:54:55,342586,3364
Q3968,Algebra,kn,partial,ಬೀಜಗಣಿತ,14831,42402,42752,0.35,2026-03-25 02:24:10,342586,740
Q3968,Algebra,ks,missing,,,42402,,,,342586,0
Q3968,Algebra,mai,missing,,,42402,,,,342586,0
Q3968,Algebra,ml,stub,ബീജഗണിതം,2285,42402,6331,0.054,2025-10-27 16:37:06,342586,954
Q3968,Algebra,mni,missing,,,42402,,,,342586,0
Q3968,Algebra,mr,stub,बीजगणित,678,42402,2410,0.016,2022-09-05 08:01:14,342586,341
Q3968,Algebra,ne,stub,बिजगणित,444,42402,1483,0.01,2025-08-25 16:02:51,342586,139
Q3968,Algebra,or,missing,,,42402,,,,342586,0
Q3968,Algebra,pa,stub,ਅਲਜਬਰਾ,407,42402,2189,0.01,2022-09-14 09:48:44,342586,162
Q3968,Algebra,sa,missing,,,42402,,,,342586,0
Q3968,Algebra,sat,missing,,,42402,,,,342586,0
Q3968,Algebra,sd,good,آلجبرا,42442,42402,121479,1.0,2026-07-25 00:09:20,342586,227
Q3968,Algebra,ta,partial,இயற்கணிதம்,16141,42402,46829,0.381,2026-03-20 05:09:51,342586,1279
Q3968,Algebra,tcy,missing,,,42402,,,,342586,0
Q3968,Algebra,te,stub,బీజ గణితం,1651,42402,5273,0.039,2025-05-25 07:55:15,342586,420
Q3968,Algebra,ur,stub,الجبرا,2976,42402,9029,0.07,2025-09-15 05:28:40,342586,535
Q40015,Solar energy,as,missing,,,34855,,,,121875,0
Q40015,Solar energy,bh,stub,सौर ऊर्जा,719,34855,2189,0.021,2022-12-31 18:58:35,121875,269
Q40015,Solar energy,bn,stub,সৌরশক্তি,2834,34855,25206,0.081,2026-07-27 14:42:20,121875,1113
Q40015,Solar energy,gom,missing,,,34855,,,,121875,0
Q40015,Solar energy,gu,missing,,,34855,,,,121875,0
Q40015,Solar energy,hi,partial,सौर ऊर्जा,15969,34855,48148,0.458,2025-01-22 16:18:32,121875,2595
Q40015,Solar energy,kn,stub,ಸೌರ ಶಕ್ತಿ,3547,34855,11327,0.102,2026-03-26 10:46:53,121875,2992
Q40015,Solar energy,ks,missing,,,34855,,,,121875,0
Q40015,Solar energy,mai,stub,सौर्य ऊर्जा,183,34855,1111,0.005,2016-09-04 11:59:46,121875,87
Q40015,Solar energy,ml,stub,സൗരോർജ്ജം,3338,34855,15859,0.096,2025-04-02 13:56:49,121875,972
Q40015,Solar energy,mni,missing,,,34855,,,,121875,0
Q40015,Solar energy,mr,stub,सौर ऊर्जा,4575,34855,15096,0.131,2026-05-11 09:08:06,121875,5843
Q40015,Solar energy,ne,missing,,,34855,,,,121875,0
Q40015,Solar energy,or,missing,,,34855,,,,121875,0
Q40015,Solar energy,pa,partial,ਸੂਰਜੀ ਊਰਜਾ,5752,34855,21216,0.165,2023-06-05 14:50:12,121875,1200
Q40015,Solar energy,sa,missing,,,34855,,,,121875,0
Q40015,Solar energy,sat,missing,,,34855,,,,121875,0
Q40015,Solar energy,sd,stub,شمسي توانائي,1272,34855,4464,0.036,2025-02-23 05:33:16,121875,85
Q40015,Solar energy,ta,stub,சூரிய ஆற்றல்,4387,34855,18920,0.126,2022-10-15 02:31:35,121875,1765
Q40015,Solar energy,tcy,stub,ಸೌರ ಸಕ್ತಿ,2376,34855,7920,0.068,2025-11-08 11:27:38,121875,239
Q40015,Solar energy,te,partial,సౌర శక్తి,8088,34855,22059,0.232,2026-08-03 07:52:00,121875,894
Q40015,Solar energy,ur,partial,شمسی توانائی,6482,34855,13664,0.186,2025-04-02 18:21:29,121875,633
Q405,Moon,as,stub,চন্দ্ৰ,949,88689,6169,0.011,2026-05-24 05:58:38,1993241,1088
Q405,Moon,bh,stub,चंद्रमा,2220,88689,7726,0.025,2026-03-01 01:00:59,1993241,1101
Q405,Moon,bn,partial,চাঁদ,22928,88689,130028,0.259,2026-06-21 19:50:59,1993241,10692
Q405,Moon,gom,stub,चंद्रीम,15,88689,249,0.0,2022-02-12 16:56:29,1993241,225
Q405,Moon,gu,stub,ચંદ્ર,1189,88689,3762,0.013,2025-02-02 06:44:01,1993241,1961
Q405,Moon,hi,stub,चन्द्रमा,7851,88689,34703,0.089,2026-06-09 16:31:06,1993241,21981
Q405,Moon,kn,partial,ಚಂದ್ರ,32041,88689,110889,0.361,2026-08-12 04:36:01,1993241,3488
Q405,Moon,ks,stub,زوٗن,1144,88689,2708,0.013,2026-08-14 11:15:15,1993241,264
Q405,Moon,mai,missing,,,88689,,,,1993241,0
Q405,Moon,ml,partial,ചന്ദ്രൻ,37658,88689,138942,0.425,2026-07-16 10:49:49,1993241,6981
Q405,Moon,mni,stub,ꯊꯥ (ꯊꯄꯤ),105,88689,388,0.001,2024-01-31 09:01:16,1993241,267
Q405,Moon,mr,partial,चंद्र,28582,88689,110465,0.322,2026-09-29 11:33:36,1993241,8292
Q405,Moon,ne,stub,चन्द्रमा,3376,88689,16345,0.038,2025-10-04 07:23:45,1993241,854
Q405,Moon,or,stub,ଜହ୍ନ,3710,88689,19950,0.042,2026-08-14 02:27:40,1993241,411
Q405,Moon,pa,stub,ਚੰਦਰਮਾ,4008,88689,11127,0.045,2026-05-03 08:26:22,1993241,576
Q405,Moon,sa,partial,चन्द्रः,14195,88689,41239,0.16,2024-12-08 01:15:59,1993241,512
Q405,Moon,sat,stub,ᱪᱟᱸᱫᱚ,4006,88689,12277,0.045,2025-11-29 18:11:07,1993241,338
Q405,Moon,sd,good,چنڊ,85221,88689,335038,0.961,2026-09-26 18:33:27,1993241,624
Q405,Moon,ta,stub,நிலா,7384,88689,28382,0.083,2026-07-17 20:54:59,1993241,6672
Q405,Moon,tcy,stub,ಚಂದ್ರೆ,1676,88689,8450,0.019,2026-04-14 09:29:42,1993241,280
Q405,Moon,te,stub,చంద్రుడు,3930,88689,13339,0.044,2025-05-22 12:56:13,1993241,3563
Q405,Moon,ur,stub,چاند,6252,88689,17428,0.07,2025-10-04 10:01:07,1993241,2744
Q40878,Diarrhea,as,missing,,,33235,,,,313917,0
Q40878,Diarrhea,bh,stub,डायरिया,356,33235,941,0.011,2023-11-07 05:07:49,313917,90
Q40878,Diarrhea,bn,partial,উদরাময়,6045,33235,25639,0.182,2026-04-07 14:43:19,313917,2305
Q40878,Diarrhea,gom,missing,,,33235,,,,313917,0
Q40878,Diarrhea,gu,stub,અતિસાર,3152,33235,9213,0.095,2021-07-09 19:36:28,313917,544
Q40878,Diarrhea,hi,stub,अतिसार,2879,33235,10843,0.087,2023-11-06 15:28:08,313917,1982
Q40878,Diarrhea,kn,stub,ಅತಿಸಾರ,1595,33235,5257,0.048,2026-03-21 19:28:08,313917,314
Q40878,Diarrhea,ks,stub,ڈایریا,2852,33235,10173,0.086,2026-08-12 00:40:16,313917,109
Q40878,Diarrhea,mai,missing,,,33235,,,,313917,0
Q40878,Diarrhea,ml,stub,അതിസാരം,1139,33235,4318,0.034,2024-03-11 15:57:19,313917,702
Q40878,Diarrhea,mni,missing,,,33235,,,,313917,0
Q40878,Diarrhea,mr,partial,अतिसार,10350,33235,28152,0.311,2024-11-04 08:18:20,313917,3037
Q40878,Diarrhea,ne,stub,पखाला,3247,33235,12503,0.098,2026-09-26 07:30:22,313917,201
Q40878,Diarrhea,or,stub,ତରଳ ଝାଡ଼ା,2529,33235,10117,0.076,2026-08-02 23:20:05,313917,509
Q40878,Diarrhea,pa,missing,,,33235,,,,313917,0
Q40878,Diarrhea,sa,missing,,,33235,,,,313917,0
Q40878,Diarrhea,sat,stub,ᱫᱟᱜ ᱴᱟᱺᱰᱤ,2024,33235,5802,0.061,2020-11-07 05:55:01,313917,140
Q40878,Diarrhea,sd,partial,دست جي بيماري,5493,33235,17715,0.165,2026-08-26 18:06:51,313917,4
Q40878,Diarrhea,ta,stub,வயிற்றுப்போக்கு,1403,33235,6586,0.042,2022-02-24 01:50:17,313917,593
Q40878,Diarrhea,tcy,missing,,,33235,,,,313917,0
Q40878,Diarrhea,te,stub,అతిసారం,3187,33235,9732,0.096,2026-05-15 22:40:12,313917,416
Q40878,Diarrhea,ur,stub,اسہال,2866,33235,10176,0.086,2025-02-21 14:41:33,313917,686
Q41112,Schizophrenia,as,stub,স্কিজ'ফ্ৰেনিয়া,3264,58041,17165,0.056,2026-08-26 13:04:59,1130794,407
Q41112,Schizophrenia,bh,missing,,,58041,,,,1130794,0
Q41112,Schizophrenia,bn,stub,ভগ্নমনস্কতা,4074,58041,22086,0.07,2026-07-27 13:37:14,1130794,1071
Q41112,Schizophrenia,gom,missing,,,58041,,,,1130794,0
Q41112,Schizophrenia,gu,missing,,,58041,,,,1130794,0
Q41112,Schizophrenia,hi,stub,मनोविदलता,431,58041,1162,0.007,2025-05-27 06:16:32,1130794,1911
Q41112,Schizophrenia,kn,good,ಇಚ್ಛಿತ್ತ ವಿಕಲತೆ,73900,58041,305548,1.0,2026-09-08 01:23:21,1130794,654
Q41112,Schizophrenia,ks,missing,,,58041,,,,1130794,0
Q41112,Schizophrenia,mai,missing,,,58041,,,,1130794,0
Q41112,Schizophrenia,ml,stub,സ്കിസോഫ്രീനിയ,1150,58041,4449,0.02,2019-09-16 20:10:37,1130794,1450
Q41112,Schizophrenia,mni,missing,,,58041,,,,1130794,0
Q41112,Schizophrenia,mr,stub,छिन्‍नमनस्कता,2129,58041,5737,0.037,2022-04-17 17:57:17,1130794,513
Q41112,Schizophrenia,ne,missing,,,58041,,,,1130794,0
Q41112,Schizophrenia,or,stub,ସିଜୋଫ୍ରେନିଆ,2081,58041,14757,0.036,2026-08-14 01:59:18,1130794,157
Q41112,Schizophrenia,pa,stub,ਦੁਫਾੜ ਮਾਨਸਿਕਤਾ,464,58041,2239,0.008,2025-11-27 06:21:18,1130794,126
Q41112,Schizophrenia,sa,missing,,,58041,,,,1130794,0
Q41112,Schizophrenia,sat,missing,,,58041,,,,1130794,0
Q41112,Schizophrenia,sd,stub,شيزوفرينيا,2254,58041,4666,0.039,2025-07-22 12:25:52,1130794,63
Q41112,Schizophrenia,ta,good,மனப்பித்து,73024,58041,302325,1.0,2026-07-20 15:29:36,1130794,1509
Q41112,Schizophrenia,tcy,missing,,,58041,,,,1130794,0
Q41112,Schizophrenia,te,stub,స్కిజోఫ్రీనియా,1260,58041,4571,0.022,2026-09-24 14:41:01,1130794,868
Q41112,Schizophrenia,ur,stub,شیزوفرینیا,8053,58041,16626,0.139,2025-06-22 21:16:24,1130794,1892
Q41171,Unemployment,as,missing,,,76449,,,,150362,0
Q41171,Unemployment,bh,stub,बेरोजगारी,1520,76449,5634,0.02,2025-03-09 05:20:24,150362,1141
Q41171,Unemployment,bn,stub,বেকারত্ব,345,76449,1521,0.005,2024-10-26 06:26:29,150362,1578
Q41171,Unemployment,gom,missing,,,76449,,,,150362,0
Q41171,Unemployment,gu,missing,,,76449,,,,150362,0
Q41171,Unemployment,hi,stub,बेकारी,5422,76449,16216,0.071,2025-07-18 23:06:07,150362,1721
Q41171,Unemployment,kn,good,ನಿರುದ್ಯೋಗ,45018,76449,142177,0.589,2026-08-12 00:09:11,150362,4340
Q41171,Unemployment,ks,missing,,,76449,,,,150362,0
Q41171,Unemployment,mai,missing,,,76449,,,,150362,0
Q41171,Unemployment,ml,stub,തൊഴിലില്ലായ്മ,1823,76449,5640,0.024,2023-03-03 08:39:59,150362,1022
Q41171,Unemployment,mni,missing,,,76449,,,,150362,0
Q41171,Unemployment,mr,stub,बेकारी,6566,76449,19284,0.086,2023-09-14 11:24:10,150362,1180
Q41171,Unemployment,ne,stub,बेरोजगारी,3405,76449,9690,0.045,2025-07-13 00:43:32,150362,446
Q41171,Unemployment,or,missing,,,76449,,,,150362,0
Q41171,Unemployment,pa,stub,ਬੇਰੁਜ਼ਗਾਰੀ,1360,76449,7129,0.018,2023-07-19 00:43:49,150362,527
Q41171,Unemployment,sa,missing,,,76449,,,,150362,0
Q41171,Unemployment,sat,missing,,,76449,,,,150362,0
Q41171,Unemployment,sd,stub,بيروزگاري,3424,76449,8331,0.045,2026-08-21 13:32:14,150362,126
Q41171,Unemployment,ta,good,வேலைவாய்ப்பின்மை,43718,76449,138939,0.572,2026-04-26 05:55:01,150362,814
Q41171,Unemployment,tcy,missing,,,76449,,,,150362,0
Q41171,Unemployment,te,stub,నిరుద్యోగం,3625,76449,10322,0.047,2021-12-12 17:20:39,150362,983
Q41171,Unemployment,ur,stub,بیروزگاری,2354,76449,6080,0.031,2025-01-29 14:34:39,150362,521
Q4138762,Vitamin D deficiency,as,missing,,,25743,,,,79740,0
Q4138762,Vitamin D deficiency,bh,missing,,,25743,,,,79740,0
Q4138762,Vitamin D deficiency,bn,missing,,,25743,,,,79740,0
Q4138762,Vitamin D deficiency,gom,missing,,,25743,,,,79740,0
Q4138762,Vitamin D deficiency,gu,missing,,,25743,,,,79740,0
Q4138762,Vitamin D deficiency,hi,missing,,,25743,,,,79740,0
Q4138762,Vitamin D deficiency,kn,missing,,,25743,,,,79740,0
Q4138762,Vitamin D deficiency,ks,missing,,,25743,,,,79740,0
Q4138762,Vitamin D deficiency,mai,missing,,,25743,,,,79740,0
Q4138762,Vitamin D deficiency,ml,missing,,,25743,,,,79740,0
Q4138762,Vitamin D deficiency,mni,missing,,,25743,,,,79740,0
Q4138762,Vitamin D deficiency,mr,missing,,,25743,,,,79740,0
Q4138762,Vitamin D deficiency,ne,missing,,,25743,,,,79740,0
Q4138762,Vitamin D deficiency,or,stub,ଜୀବସାର ଘ ଅଭାବ,1674,25743,9619,0.065,2026-08-03 06:19:32,79740,108
Q4138762,Vitamin D deficiency,pa,missing,,,25743,,,,79740,0
Q4138762,Vitamin D deficiency,sa,missing,,,25743,,,,79740,0
Q4138762,Vitamin D deficiency,sat,missing,,,25743,,,,79740,0
Q4138762,Vitamin D deficiency,sd,missing,,,25743,,,,79740,0
Q4138762,Vitamin D deficiency,ta,missing,,,25743,,,,79740,0
Q4138762,Vitamin D deficiency,tcy,missing,,,25743,,,,79740,0
Q4138762,Vitamin D deficiency,te,missing,,,25743,,,,79740,0
Q4138762,Vitamin D deficiency,ur,stub,وٹامن ڈی کی کمی,1622,25743,8519,0.063,2026-04-21 06:08:32,79740,933
Q41478,Hemorrhoid,as,good,অৰ্শৰোগ,15400,21826,51615,0.706,2026-08-26 09:09:30,360422,523
Q41478,Hemorrhoid,bh,stub,बवासीर,883,21826,6120,0.04,2026-05-04 23:43:53,360422,64
Q41478,Hemorrhoid,bn,good,অর্শরোগ,16229,21826,68212,0.744,2025-10-05 01:01:35,360422,5892
Q41478,Hemorrhoid,gom,missing,,,21826,,,,360422,0
Q41478,Hemorrhoid,gu,missing,,,21826,,,,360422,0
Q41478,Hemorrhoid,hi,good,बवासीर,22190,21826,74796,1.0,2026-06-15 03:28:02,360422,36117
Q41478,Hemorrhoid,kn,partial,ಮೂಲವ್ಯಾಧಿ,5956,21826,16987,0.273,2026-03-25 12:24:22,360422,954
Q41478,Hemorrhoid,ks,stub,بواسیر,322,21826,1755,0.015,2024-05-18 18:00:37,360422,69
Q41478,Hemorrhoid,mai,missing,,,21826,,,,360422,0
Q41478,Hemorrhoid,ml,stub,അർശസ്,962,21826,3657,0.044,2024-09-23 14:06:14,360422,902
Q41478,Hemorrhoid,mni,missing,,,21826,,,,360422,0
Q41478,Hemorrhoid,mr,good,मूळव्याध,13198,21826,36035,0.605,2025-05-29 03:11:30,360422,7110
Q41478,Hemorrhoid,ne,good,हर्सा,14674,21826,55350,0.672,2026-09-26 13:27:51,360422,256
Q41478,Hemorrhoid,or,stub,ଅର୍ଶ,1838,21826,10049,0.084,2026-08-14 09:44:15,360422,172
Q41478,Hemorrhoid,pa,good,ਬਵਾਸੀਰ,14771,21826,53786,0.677,2024-02-29 20:35:25,360422,718
Q41478,Hemorrhoid,sa,missing,,,21826,,,,360422,0
Q41478,Hemorrhoid,sat,stub,ᱦᱮᱢᱚᱨᱟᱭᱤᱰᱥ,643,21826,1737,0.029,2021-07-02 13:46:28,360422,38
Q41478,Hemorrhoid,sd,missing,,,21826,,,,360422,0
Q41478,Hemorrhoid,ta,stub,மூலம் (நோய்),999,21826,3769,0.046,2025-03-02 13:41:09,360422,5250
Q41478,Hemorrhoid,tcy,stub,ಮೂಲವ್ಯಾಧಿ,855,21826,2301,0.039,2025-11-08 10:42:09,360422,84
Q41478,Hemorrhoid,te,partial,మొలలు,4947,21826,14683,0.227,2025-05-25 07:43:37,360422,1185
Q41478,Hemorrhoid,ur,partial,بواسیر,5708,21826,12934,0.262,2026-06-26 16:00:29,360422,2422
Q41571,Epilepsy,as,stub,মৃগীৰোগ,7886,69577,21169,0.113,2021-10-24 03:30:40,379171,1061
Q41571,Epilepsy,bh,missing,,,69577,,,,379171,0
Q41571,Epilepsy,bn,stub,মৃগী,7835,69577,24796,0.113,2026-03-13 01:32:17,379171,1655
Q41571,Epilepsy,gom,missing,,,69577,,,,379171,0
Q41571,Epilepsy,gu,stub,વાઈ,2989,69577,14159,0.043,2022-01-16 15:53:34,379171,607
Q41571,Epilepsy,hi,partial,अपस्मार,10897,69577,46296,0.157,2024-09-08 16:07:26,379171,1761
Q41571,Epilepsy,kn,stub,ಅಪಸ್ಮಾರ,1776,69577,5957,0.026,2026-03-21 20:37:48,379171,325
Q41571,Epilepsy,ks,stub,مِرگی,391,69577,1094,0.006,2025-08-01 18:00:46,379171,100
Q41571,Epilepsy,mai,missing,,,69577,,,,379171,0
Q41571,Epilepsy,ml,stub,അപസ്മാരം,3085,69577,10547,0.044,2023-05-22 12:06:17,379171,2265
Q41571,Epilepsy,mni,missing,,,69577,,,,379171,0
Q41571,Epilepsy,mr,stub,अपस्मार,3385,69577,9849,0.049,2025-03-11 10:05:57,379171,475
Q41571,Epilepsy,ne,stub,छारे रोग,2153,69577,6071,0.031,2025-09-28 10:51:59,379171,547
Q41571,Epilepsy,or,stub,ଅପସ୍ମାର,9797,69577,43876,0.141,2026-08-14 10:36:46,379171,211
Q41571,Epilepsy,pa,stub,ਮਿਰਗੀ,2245,69577,8692,0.032,2026-07-29 22:38:37,379171,450
Q41571,Epilepsy,sa,missing,,,69577,,,,379171,0
Q41571,Epilepsy,sat,missing,,,69577,,,,379171,0
Q41571,Epilepsy,sd,stub,مرگهي,1442,69577,3405,0.021,2026-02-17 19:38:45,379171,36
Q41571,Epilepsy,ta,good,கால்-கை வலிப்பு,59021,69577,183107,0.848,2026-09-04 05:22:54,379171,662
Q41571,Epilepsy,tcy,missing,,,69577,,,,379171,0
Q41571,Epilepsy,te,stub,మూర్ఛలు (ఫిట్స్),2341,69577,6888,0.034,2025-02-15 14:09:50,379171,1566
Q41571,Epilepsy,ur,stub,مرگی,3843,69577,7431,0.055,2026-04-16 15:07:58,379171,735
Q41861,Hypertension,as,partial,উচ্চ ৰক্তচাপ,8553,40013,111745,0.214,2026-08-26 09:08:18,391032,890
Q41861,Hypertension,bh,stub,हाई ब्लड प्रेशर,542,40013,3047,0.014,2025-03-09 05:21:41,391032,108
Q41861,Hypertension,bn,stub,উচ্চ রক্তচাপ,5353,40013,18611,0.134,2025-06-27 01:10:02,391032,1516
Q41861,Hypertension,gom,missing,,,40013,,,,391032,0
Q41861,Hypertension,gu,missing,,,40013,,,,391032,0
Q41861,Hypertension,hi,good,उच्च रक्तचाप,32248,40013,128240,0.806,2026-09-24 08:12:21,391032,1833
Q41861,Hypertension,kn,missing,,,40013,,,,391032,0
Q41861,Hypertension,ks,stub,زیٛادٕ خوٗنُک دَباو,1182,40013,5674,0.03,2026-08-20 18:01:29,391032,92
Q41861,Hypertension,mai,missing,,,40013,,,,391032,0
Q41861,Hypertension,ml,good,രക്താതിമർദ്ദം,23527,40013,94527,0.588,2026-08-11 19:31:22,391032,2376
Q41861,Hypertension,mni,missing,,,40013,,,,391032,0
Q41861,Hypertension,mr,stub,उच्च रक्तदाब,3141,40013,12311,0.078,2026-01-28 22:37:53,391032,1848
Q41861,Hypertension,ne,missing,,,40013,,,,391032,0
Q41861,Hypertension,or,partial,ଉଚ୍ଚ ରକ୍ତଚାପ,16998,40013,86765,0.425,2026-08-13 22:11:15,391032,697
Q41861,Hypertension,pa,missing,,,40013,,,,391032,0
Q41861,Hypertension,sa,missing,,,40013,,,,391032,0
Q41861,Hypertension,sat,missing,,,40013,,,,391032,0
Q41861,Hypertension,sd,missing,,,40013,,,,391032,0
Q41861,Hypertension,ta,good,உயர் இரத்த அழுத்தம்,38284,40013,151103,0.957,2026-07-24 03:15:14,391032,7099
Q41861,Hypertension,tcy,missing,,,40013,,,,391032,0
Q41861,Hypertension,te,stub,హైపర్‌టెన్షన్,2218,40013,13955,0.055,2026-09-24 21:24:03,391032,0
Q41861,Hypertension,ur,stub,بلند فشار خون,133,40013,2860,0.003,2025-03-02 02:50:36,391032,163
Q42562,Turmeric,as,stub,হালধি,839,14751,5353,0.057,2026-09-24 07:17:29,394624,413
Q42562,Turmeric,bh,missing,,,14751,,,,394624,0
Q42562,Turmeric,bn,good,হলুদ (মশলা),14432,14751,41993,0.978,2026-05-15 17:00:14,394624,3093
Q42562,Turmeric,gom,stub,हळद,749,14751,2002,0.051,2022-03-08 16:16:42,394624,193
Q42562,Turmeric,gu,good,હળદર,8699,14751,35742,0.59,2026-09-08 20:10:18,394624,1141
Q42562,Turmeric,hi,partial,हल्दी,4897,14751,15550,0.332,2026-01-04 09:35:07,394624,6796
Q42562,Turmeric,kn,partial,ಅರಿಸಿನ,7285,14751,21510,0.494,2026-03-21 22:07:29,394624,1348
Q42562,Turmeric,ks,stub,لیٚدٕر,89,14751,331,0.006,2024-03-14 18:00:25,394624,71
Q42562,Turmeric,mai,missing,,,14751,,,,394624,0
Q42562,Turmeric,ml,partial,മഞ്ഞൾ,2620,14751,9251,0.178,2025-09-20 11:03:12,394624,2353
Q42562,Turmeric,mni,missing,,,14751,,,,394624,0
Q42562,Turmeric,mr,partial,हळद,3978,14751,11607,0.27,2025-04-16 04:55:41,394624,4784
Q42562,Turmeric,ne,partial,बेसार,5933,14751,17971,0.402,2025-09-28 17:09:41,394624,494
Q42562,Turmeric,or,partial,ହଳଦୀ,4111,14751,14168,0.279,2025-09-26 13:29:11,394624,298
Q42562,Turmeric,pa,partial,ਹਲਦੀ,7144,14751,21756,0.484,2026-03-09 05:49:01,394624,255
Q42562,Turmeric,sa,partial,हरिद्रा,4501,14751,13641,0.305,2017-07-12 18:35:13,394624,393
Q42562,Turmeric,sat,partial,ᱥᱟᱥᱟᱝ,2222,14751,6173,0.151,2024-12-25 16:58:09,394624,153
Q42562,Turmeric,sd,partial,ھيڊ,2815,14751,7533,0.191,2025-10-24 20:43:40,394624,99
Q42562,Turmeric,ta,partial,மஞ்சள் (மூலிகை),4464,14751,16258,0.303,2025-11-15 20:27:06,394624,2420
Q42562,Turmeric,tcy,stub,ಮಂಜಲ್,1504,14751,4913,0.102,2025-12-23 12:06:22,394624,67
Q42562,Turmeric,te,good,పసుపు,15188,14751,43653,1.0,2025-10-23 00:08:42,394624,2061
Q42562,Turmeric,ur,stub,ہلدی,1105,14751,3612,0.075,2026-08-13 16:35:05,394624,1420
Q42844,Major depressive disorder,as,partial,গুৰুতৰ অৱসাদজনিত ব্যাধি,16352,66010,70388,0.248,2026-09-07 01:25:23,588744,403
Q42844,Major depressive disorder,bh,missing,,,66010,,,,588744,0
Q42844,Major depressive disorder,bn,stub,গুরুতর বিষাদজনিত ব্যাধি,6257,66010,41353,0.095,2026-09-23 17:53:00,588744,391
Q42844,Major depressive disorder,gom,missing,,,66010,,,,588744,0
Q42844,Major depressive disorder,gu,good,મેજર ડિપ્રેસિવ ડિસઓર્ડર,67625,66010,286414,1.0,2026-09-24 05:16:35,588744,940
Q42844,Major depressive disorder,hi,stub,एकध्रुवीय अवसाद,817,66010,2256,0.012,2025-05-19 13:17:25,588744,272
Q42844,Major depressive disorder,kn,good,ಪ್ರಧಾನ ಖಿನ್ನತೆಯ ಅಸ್ವಸ್ಥತೆ,75806,66010,311154,1.0,2026-09-25 02:57:04,588744,916
Q42844,Major depressive disorder,ks,missing,,,66010,,,,588744,0
Q42844,Major depressive disorder,mai,missing,,,66010,,,,588744,0
Q42844,Major depressive disorder,ml,partial,വിഷാദരോഗം,14400,66010,53031,0.218,2026-09-27 00:01:57,588744,3339
Q42844,Major depressive disorder,mni,missing,,,66010,,,,588744,0
Q42844,Major depressive disorder,mr,stub,मुख्य नैराश्याचा विकार,3338,66010,22592,0.051,2026-08-23 19:20:11,588744,258
Q42844,Major depressive disorder,ne,stub,डिप्रेसन,3732,66010,10165,0.057,2025-08-25 14:28:48,588744,200
Q42844,Major depressive disorder,or,stub,ପ୍ରମୁଖ ଅବସାଦ ବେମାରୀ,3299,66010,17478,0.05,2026-08-02 22:50:09,588744,104
Q42844,Major depressive disorder,pa,missing,,,66010,,,,588744,0
Q42844,Major depressive disorder,sa,missing,,,66010,,,,588744,0
Q42844,Major depressive disorder,sat,missing,,,66010,,,,588744,0
Q42844,Major depressive disorder,sd,missing,,,66010,,,,588744,0
Q42844,Major depressive disorder,ta,good,பெரும் மனத் தளர்ச்சிச் சீர்குலைவு,88449,66010,337783,1.0,2026-10-01 14:11:39,588744,987
Q42844,Major depressive disorder,tcy,missing,,,66010,,,,588744,0
Q42844,Major depressive disorder,te,stub,మేజర్ డిప్రెసివ్ డిజార్డర్,3213,66010,16814,0.049,2026-09-07 02:59:46,588744,0
Q42844,Major depressive disorder,ur,stub,کبیر اكتئابی اضطراب,706,66010,5414,0.011,2026-02-14 08:21:25,588744,88
Q42967,Monsoon,as,good,মৌচুমী বায়ু,17116,21912,59879,0.781,2026-08-07 15:01:56,282288,1063
Q42967,Monsoon,bh,partial,मानसून,4215,21912,16249,0.192,2026-04-15 20:44:29,282288,320
Q42967,Monsoon,bn,stub,মৌসুমি বায়ু,2064,21912,6611,0.094,2026-06-01 23:22:52,282288,3712
Q42967,Monsoon,gom,missing,,,21912,,,,282288,0
Q42967,Monsoon,gu,stub,ચોમાસું,239,21912,1566,0.011,2023-05-09 16:26:51,282288,2310
Q42967,Monsoon,hi,partial,मानसून,5818,21912,24262,0.266,2026-02-17 17:31:05,282288,31725
Q42967,Monsoon,kn,partial,ಮಾನ್ಸೂನ್,8107,21912,22385,0.37,2026-03-25 10:10:31,282288,1093
Q42967,Monsoon,ks,missing,,,21912,,,,282288,0
Q42967,Monsoon,mai,missing,,,21912,,,,282288,0
Q42967,Monsoon,ml,stub,മൺ‌സൂൺ,2592,21912,8663,0.118,2025-05-31 13:28:19,282288,1717
Q42967,Monsoon,mni,missing,,,21912,,,,282288,0
Q42967,Monsoon,mr,stub,मोसमी पाऊस,1859,21912,6109,0.085,2025-05-18 16:53:01,282288,1770
Q42967,Monsoon,ne,partial,मनसुन,6915,21912,25914,0.316,2026-09-26 09:47:06,282288,1089
Q42967,Monsoon,or,missing,,,21912,,,,282288,0
Q42967,Monsoon,pa,stub,ਮੌਨਸੂਨ,1874,21912,6809,0.086,2023-07-19 05:34:28,282288,278
Q42967,Monsoon,sa,stub,वर्षाऋतुः,1122,21912,3363,0.051,2024-03-27 07:18:22,282288,110
Q42967,Monsoon,sat,stub,ᱢᱳᱣᱥᱩᱢᱤ ᱦᱚᱭ ᱵᱟᱹᱨᱰᱩ,461,21912,2261,0.021,2022-08-24 02:47:17,282288,80
Q42967,Monsoon,sd,stub,چوماسو,2074,21912,5015,0.095,2025-08-28 03:50:40,282288,86
Q42967,Monsoon,ta,stub,பருவப் பெயர்ச்சிக் காற்று,1000,21912,6774,0.046,2022-10-16 10:36:04,282288,1067
Q42967,Monsoon,tcy,missing,,,21912,,,,282288,0
Q42967,Monsoon,te,partial,రుతుపవనం,5039,21912,14591,0.23,2024-01-03 05:35:53,282288,4111
Q42967,Monsoon,ur,stub,مانسون,1598,21912,4195,0.073,2025-02-23 01:33:30,282288,830
Q42982,Allergy,as,stub,এলাৰ্জী,1882,46232,6568,0.041,2026-08-07 06:44:15,122681,454
Q42982,Allergy,bh,missing,,,46232,,,,122681,0
Q42982,Allergy,bn,stub,অতিপ্রতিক্রিয়া (অ্যালার্জি),2921,46232,22112,0.063,2026-07-12 23:03:29,122681,921
Q42982,Allergy,gom,missing,,,46232,,,,122681,0
Q42982,Allergy,gu,good,એલર્જી,35295,46232,135497,0.763,2026-09-08 18:55:30,122681,740
Q42982,Allergy,hi,stub,एलर्जी,2215,46232,6333,0.048,2020-03-05 00:45:19,122681,345
Q42982,Allergy,kn,good,ಅಲರ್ಜಿ,31132,46232,123160,0.673,2026-08-11 15:22:48,122681,648
Q42982,Allergy,ks,missing,,,46232,,,,122681,0
Q42982,Allergy,mai,missing,,,46232,,,,122681,0
Q42982,Allergy,ml,partial,അലർജി,14704,46232,77004,0.318,2026-07-10 05:13:39,122681,993
Q42982,Allergy,mni,missing,,,46232,,,,122681,0
Q42982,Allergy,mr,missing,,,46232,,,,122681,0
Q42982,Allergy,ne,missing,,,46232,,,,122681,0
Q42982,Allergy,or,stub,ଆଲର୍ଜି,1713,46232,15907,0.037,2026-08-03 05:12:30,122681,90
Q42982,Allergy,pa,stub,ਅਲਰਜੀ,264,46232,1344,0.006,2015-05-23 04:23:58,122681,91
Q42982,Allergy,sa,missing,,,46232,,,,122681,0
Q42982,Allergy,sat,missing,,,46232,,,,122681,0
Q42982,Allergy,sd,missing,,,46232,,,,122681,0
Q42982,Allergy,ta,stub,ஒவ்வாமை,3231,46232,9691,0.07,2020-10-20 14:21:39,122681,1019
Q42982,Allergy,tcy,missing,,,46232,,,,122681,0
Q42982,Allergy,te,stub,అలర్జీ,439,46232,4625,0.009,2024-10-22 16:23:46,122681,486
Q42982,Allergy,ur,stub,الرجی,1570,46232,4669,0.034,2026-03-22 17:31:32,122681,411
Q43059,Drought,as,missing,,,30921,,,,107969,0
Q43059,Drought,bh,stub,सूखा,1006,30921,2960,0.033,2017-11-23 09:19:36,107969,369
Q43059,Drought,bn,partial,খরা,6847,30921,20331,0.221,2023-12-10 17:50:35,107969,1837
Q43059,Drought,gom,missing,,,30921,,,,107969,0
Q43059,Drought,gu,partial,દુકાળ,11652,30921,51386,0.377,2026-09-24 02:39:43,107969,657
Q43059,Drought,hi,stub,सूखा,2532,30921,8935,0.082,2025-09-09 06:05:18,107969,2978
Q43059,Drought,kn,partial,ಬರ,15034,30921,64989,0.486,2026-09-25 04:17:43,107969,1058
Q43059,Drought,ks,missing,,,30921,,,,107969,0
Q43059,Drought,mai,missing,,,30921,,,,107969,0
Q43059,Drought,ml,stub,വരൾച്ച,1467,30921,4357,0.047,2023-09-10 13:50:04,107969,501
Q43059,Drought,mni,missing,,,30921,,,,107969,0
Q43059,Drought,mr,stub,दुष्काळ,3172,30921,9510,0.103,2025-03-16 05:27:55,107969,2615
Q43059,Drought,ne,stub,खडेरी,2680,30921,11336,0.087,2026-07-21 12:31:51,107969,171
Q43059,Drought,or,missing,,,30921,,,,107969,0
Q43059,Drought,pa,stub,ਸੋਕਾ,2369,30921,9479,0.077,2022-10-10 18:27:32,107969,189
Q43059,Drought,sa,missing,,,30921,,,,107969,0
Q43059,Drought,sat,missing,,,30921,,,,107969,0
Q43059,Drought,sd,missing,,,30921,,,,107969,0
Q43059,Drought,ta,stub,வறட்சி,2057,30921,5861,0.067,2026-07-30 23:38:38,107969,1343
Q43059,Drought,tcy,missing,,,30921,,,,107969,0
Q43059,Drought,te,stub,అనావృష్టి,2957,30921,8409,0.096,2026-10-01 16:00:11,107969,262
Q43059,Drought,ur,stub,خشک سالی,715,30921,2785,0.023,2026-07-21 13:06:39,107969,169
Q43084,Black pepper,as,missing,,,22414,,,,387635,0
Q43084,Black pepper,bh,stub,काली मरिच,810,22414,3199,0.036,2017-05-17 18:53:15,387635,110
Q43084,Black pepper,bn,stub,গোল মরিচ,1577,22414,7827,0.07,2026-09-10 21:33:03,387635,2061
Q43084,Black pepper,gom,missing,,,22414,,,,387635,0
Q43084,Black pepper,gu,good,કાળા મરી,23570,22414,81822,1.0,2026-09-08 17:59:28,387635,702
Q43084,Black pepper,hi,partial,काली मिर्च,5610,22414,15132,0.25,2026-04-07 09:08:33,387635,3811
Q43084,Black pepper,kn,good,ಕರಿಮೆಣಸು,18311,22414,58943,0.817,2026-08-11 07:36:57,387635,969
Q43084,Black pepper,ks,stub,مرٕژ,171,22414,390,0.008,2024-06-09 18:00:34,387635,61
Q43084,Black pepper,mai,stub,मरिच,1142,22414,3383,0.051,2018-10-08 10:04:47,387635,218
Q43084,Black pepper,ml,good,കുരുമുളക്,11778,22414,38515,0.525,2026-08-21 11:56:06,387635,3383
Q43084,Black pepper,mni,missing,,,22414,,,,387635,0
Q43084,Black pepper,mr,stub,मिरवेल,416,22414,1780,0.019,2024-12-16 17:09:53,387635,1112
Q43084,Black pepper,ne,partial,मरिच,10122,22414,28284,0.452,2025-01-11 23:34:15,387635,361
Q43084,Black pepper,or,stub,ଗୋଲ ମରିଚ,431,22414,1689,0.019,2022-10-25 05:23:13,387635,140
Q43084,Black pepper,pa,stub,ਕਾਲੀ ਮਿਰਚ,442,22414,1393,0.02,2019-12-06 05:32:49,387635,74
Q43084,Black pepper,sa,stub,मरीचम्,2052,22414,25080,0.092,2020-11-15 09:03:15,387635,100
Q43084,Black pepper,sat,missing,,,22414,,,,387635,0
Q43084,Black pepper,sd,stub,ڪارا مرچ,331,22414,869,0.015,2024-02-03 21:34:22,387635,54
Q43084,Black pepper,ta,good,மிளகு,12099,22414,39510,0.54,2026-09-06 07:19:53,387635,2635
Q43084,Black pepper,tcy,stub,ಎಡ್ಡೆಮುಂಚಿ,2752,22414,8968,0.123,2025-11-08 04:17:14,387635,244
Q43084,Black pepper,te,partial,నల్ల మిరియాలు,7683,22414,23513,0.343,2023-04-04 01:25:20,387635,1202
Q43084,Black pepper,ur,stub,کالی مرچ,175,22414,1137,0.008,2025-11-21 09:37:59,387635,281
Q43183,Insurance,as,stub,বীমা,5228,81292,13837,0.064,2022-03-01 07:25:42,208509,451
Q43183,Insurance,bh,missing,,,81292,,,,208509,0
Q43183,Insurance,bn,stub,বীমা,7643,81292,22900,0.094,2025-09-11 07:48:11,208509,1524
Q43183,Insurance,gom,missing,,,81292,,,,208509,0
Q43183,Insurance,gu,good,વીમો,53535,81292,155610,0.659,2026-08-06 21:08:22,208509,1673
Q43183,Insurance,hi,good,बीमा,45930,81292,120024,0.565,2025-04-20 16:06:39,208509,5571
Q43183,Insurance,kn,good,ವಿಮೆ,63899,81292,192932,0.786,2026-09-25 20:40:30,208509,2355
Q43183,Insurance,ks,missing,,,81292,,,,208509,0
Q43183,Insurance,mai,missing,,,81292,,,,208509,0
Q43183,Insurance,ml,good,ഇൻഷുറൻസ്,65062,81292,219697,0.8,2026-08-04 06:57:04,208509,1378
Q43183,Insurance,mni,missing,,,81292,,,,208509,0
Q43183,Insurance,mr,stub,विमा,5808,81292,18457,0.071,2026-03-26 19:30:02,208509,2908
Q43183,Insurance,ne,stub,बीमा,6998,81292,20573,0.086,2026-08-22 22:37:49,208509,928
Q43183,Insurance,or,missing,,,81292,,,,208509,0
Q43183,Insurance,pa,missing,,,81292,,,,208509,0
Q43183,Insurance,sa,missing,,,81292,,,,208509,0
Q43183,Insurance,sat,missing,,,81292,,,,208509,0
Q43183,Insurance,sd,stub,انشورنس,2714,81292,6580,0.033,2026-03-20 13:33:23,208509,43
Q43183,Insurance,ta,good,காப்பீடு,70301,81292,207378,0.865,2026-08-08 09:35:09,208509,2311
Q43183,Insurance,tcy,missing,,,81292,,,,208509,0
Q43183,Insurance,te,good,బీమా,58150,81292,176211,0.715,2026-08-09 03:16:01,208509,1232
Q43183,Insurance,ur,stub,بیمہ,5489,81292,10640,0.068,2026-03-30 11:52:29,208509,543
Q43987,Avian influenza,as,stub,পক্ষীজ্বৰ,2299,23920,6474,0.096,2017-07-14 08:53:01,106953,48
Q43987,Avian influenza,bh,stub,बर्ड फ्लू,415,23920,1046,0.017,2025-03-09 06:39:17,106953,45
Q43987,Avian influenza,bn,partial,পক্ষী ইনফ্লুয়েঞ্জা,4217,23920,16810,0.176,2025-07-19 08:13:12,106953,118
Q43987,Avian influenza,gom,missing,,,23920,,,,106953,0
Q43987,Avian influenza,gu,missing,,,23920,,,,106953,0
Q43987,Avian influenza,hi,stub,पक्षी इन्फ्लूएंजा,2242,23920,6317,0.094,2021-11-18 03:49:08,106953,85
Q43987,Avian influenza,kn,partial,ಹಕ್ಕಿ ಜ್ವರ,3942,23920,12587,0.165,2026-03-26 12:02:43,106953,187
Q43987,Avian influenza,ks,missing,,,23920,,,,106953,0
Q43987,Avian influenza,mai,missing,,,23920,,,,106953,0
Q43987,Avian influenza,ml,stub,പക്ഷിപ്പനി,1164,23920,5961,0.049,2024-06-13 01:32:32,106953,902
Q43987,Avian influenza,mni,missing,,,23920,,,,106953,0
Q43987,Avian influenza,mr,missing,,,23920,,,,106953,0
Q43987,Avian influenza,ne,partial,बर्ड फ्लू,6888,23920,18568,0.288,2022-09-14 19:34:58,106953,290
Q43987,Avian influenza,or,missing,,,23920,,,,106953,0
Q43987,Avian influenza,pa,missing,,,23920,,,,106953,0
Q43987,Avian influenza,sa,missing,,,23920,,,,106953,0
Q43987,Avian influenza,sat,missing,,,23920,,,,106953,0
Q43987,Avian influenza,sd,stub,برڊ فلو,1373,23920,2984,0.057,2026-05-05 01:46:17,106953,47
Q43987,Avian influenza,ta,partial,பறவைக் காய்ச்சல்,3594,23920,9382,0.15,2022-03-04 09:49:45,106953,1233
Q43987,Avian influenza,tcy,missing,,,23920,,,,106953,0
Q43987,Avian influenza,te,stub,బర్డ్ ఫ్లూ,3489,23920,10101,0.146,2023-03-10 15:44:06,106953,123
Q43987,Avian influenza,ur,partial,برڈ فلو,6298,23920,11646,0.263,2026-03-22 16:57:57,106953,119
Q44727,Chickenpox,as,partial,মাজুআই,3462,22273,14555,0.155,2023-04-20 19:54:56,410507,599
Q44727,Chickenpox,bh,missing,,,22273,,,,410507,0
Q44727,Chickenpox,bn,stub,জলবসন্ত,3208,22273,21153,0.144,2026-09-23 19:30:21,410507,2515
Q44727,Chickenpox,gom,stub,फुगांव,2761,22273,7269,0.124,2021-03-13 06:39:56,410507,61
Q44727,Chickenpox,gu,missing,,,22273,,,,410507,0
Q44727,Chickenpox,hi,partial,छोटी माता,4851,22273,13574,0.218,2022-08-13 10:59:52,410507,3817
Q44727,Chickenpox,kn,partial,ಗಣಜಿಲೆ,3798,22273,10413,0.171,2026-03-22 23:02:13,410507,993
Q44727,Chickenpox,ks,stub,واوٕ پتؠ,1303,22273,2913,0.059,2026-08-20 18:02:09,410507,75
Q44727,Chickenpox,mai,missing,,,22273,,,,410507,0
Q44727,Chickenpox,ml,partial,ചിക്കൻപോക്സ്,4231,22273,13575,0.19,2022-12-16 03:47:31,410507,6860
Q44727,Chickenpox,mni,missing,,,22273,,,,410507,0
Q44727,Chickenpox,mr,good,कांजिण्या,11921,22273,32335,0.535,2024-09-14 08:42:51,410507,5629
Q44727,Chickenpox,ne,stub,ठेउला,378,22273,2613,0.017,2026-02-02 13:23:57,410507,135
Q44727,Chickenpox,or,partial,ହାଡ଼ଫୁଟି,5008,22273,28842,0.225,2026-08-14 09:21:35,410507,1039
Q44727,Chickenpox,pa,stub,ਛੋਟੀ ਮਾਤਾ,100,22273,943,0.004,2020-09-11 05:44:31,410507,75
Q44727,Chickenpox,sa,missing,,,22273,,,,410507,0
Q44727,Chickenpox,sat,missing,,,22273,,,,410507,0
Q44727,Chickenpox,sd,stub,لاکڙو,784,22273,2413,0.035,2025-07-22 12:28:08,410507,121
Q44727,Chickenpox,ta,good,சின்னம்மை,23190,22273,79827,1.0,2026-08-08 09:31:09,410507,6586
Q44727,Chickenpox,tcy,missing,,,22273,,,,410507,0
Q44727,Chickenpox,te,stub,ఆటలమ్మ,2809,22273,7920,0.126,2024-08-23 10:15:38,410507,1414
Q44727,Chickenpox,ur,stub,لاکڑا کاکڑا,2972,22273,12405,0.133,2026-04-29 15:47:13,410507,1735
Q448310,Seborrhoeic dermatitis,as,missing,,,15362,,,,229697,0
Q448310,Seborrhoeic dermatitis,bh,missing,,,15362,,,,229697,0
Q448310,Seborrhoeic dermatitis,bn,stub,ঘর্মমেদীয় চর্মপ্রদাহ,2070,15362,10053,0.135,2024-12-16 13:19:35,229697,816
Q448310,Seborrhoeic dermatitis,gom,missing,,,15362,,,,229697,0
Q448310,Seborrhoeic dermatitis,gu,missing,,,15362,,,,229697,0
Q448310,Seborrhoeic dermatitis,hi,stub,त्वग्वसास्राव,904,15362,2550,0.059,2020-06-15 00:12:00,229697,212
Q448310,Seborrhoeic dermatitis,kn,missing,,,15362,,,,229697,0
Q448310,Seborrhoeic dermatitis,ks,missing,,,15362,,,,229697,0
Q448310,Seborrhoeic dermatitis,mai,missing,,,15362,,,,229697,0
Q448310,Seborrhoeic dermatitis,ml,missing,,,15362,,,,229697,0
Q448310,Seborrhoeic dermatitis,mni,missing,,,15362,,,,229697,0
Q448310,Seborrhoeic dermatitis,mr,missing,,,15362,,,,229697,0
Q448310,Seborrhoeic dermatitis,ne,missing,,,15362,,,,229697,0
Q448310,Seborrhoeic dermatitis,or,stub,ସେବୋରିକ ଡର୍ମାଟାଇଟିସ,1497,15362,8492,0.097,2020-07-31 08:22:57,229697,94
Q448310,Seborrhoeic dermatitis,pa,missing,,,15362,,,,229697,0
Q448310,Seborrhoeic dermatitis,sa,missing,,,15362,,,,229697,0
Q448310,Seborrhoeic dermatitis,sat,missing,,,15362,,,,229697,0
Q448310,Seborrhoeic dermatitis,sd,missing,,,15362,,,,229697,0
Q448310,Seborrhoeic dermatitis,ta,missing,,,15362,,,,229697,0
Q448310,Seborrhoeic dermatitis,tcy,missing,,,15362,,,,229697,0
Q448310,Seborrhoeic dermatitis,te,stub,సెబోర్హీక్ డెర్మటైటిస్,1835,15362,5846,0.119,2025-10-27 05:04:25,229697,219
Q448310,Seborrhoeic dermatitis,ur,missing,,,15362,,,,229697,0
Q4539,Cooperative,as,missing,,,77992,,,,175337,0
Q4539,Cooperative,bh,missing,,,77992,,,,175337,0
Q4539,Cooperative,bn,stub,সমবায়,1931,77992,8361,0.025,2025-08-13 19:36:36,175337,1491
Q4539,Cooperative,gom,missing,,,77992,,,,175337,0
Q4539,Cooperative,gu,missing,,,77992,,,,175337,0
Q4539,Cooperative,hi,stub,सहकारी समिति,6652,77992,17813,0.085,2025-03-22 09:31:15,175337,2201
Q4539,Cooperative,kn,missing,,,77992,,,,175337,0
Q4539,Cooperative,ks,missing,,,77992,,,,175337,0
Q4539,Cooperative,mai,missing,,,77992,,,,175337,0
Q4539,Cooperative,ml,stub,സഹകരണസംഘം,2906,77992,8323,0.037,2026-09-25 12:55:18,175337,1268
Q4539,Cooperative,mni,missing,,,77992,,,,175337,0
Q4539,Cooperative,mr,missing,,,77992,,,,175337,0
Q4539,Cooperative,ne,stub,सहकारी,4739,77992,15058,0.061,2026-09-26 12:40:00,175337,2500
Q4539,Cooperative,or,missing,,,77992,,,,175337,0
Q4539,Cooperative,pa,missing,,,77992,,,,175337,0
Q4539,Cooperative,sa,missing,,,77992,,,,175337,0
Q4539,Cooperative,sat,missing,,,77992,,,,175337,0
Q4539,Cooperative,sd,stub,ڪوآپريٽو,2405,77992,8133,0.031,2026-03-23 11:54:00,175337,32
Q4539,Cooperative,ta,stub,கூட்டுறவு,1226,77992,4363,0.016,2025-09-28 05:07:16,175337,1594
Q4539,Cooperative,tcy,missing,,,77992,,,,175337,0
Q4539,Cooperative,te,stub,సహకారం,1547,77992,4397,0.02,2023-08-03 17:51:15,175337,475
Q4539,Cooperative,ur,missing,,,77992,,,,175337,0
Q460591,Decompression sickness,as,missing,,,71636,,,,263046,0
Q460591,Decompression sickness,bh,missing,,,71636,,,,263046,0
Q460591,Decompression sickness,bn,missing,,,71636,,,,263046,0
Q460591,Decompression sickness,gom,missing,,,71636,,,,263046,0
Q460591,Decompression sickness,gu,missing,,,71636,,,,263046,0
Q460591,Decompression sickness,hi,missing,,,71636,,,,263046,0
Q460591,Decompression sickness,kn,missing,,,71636,,,,263046,0
Q460591,Decompression sickness,ks,missing,,,71636,,,,263046,0
Q460591,Decompression sickness,mai,missing,,,71636,,,,263046,0
Q460591,Decompression sickness,ml,missing,,,71636,,,,263046,0
Q460591,Decompression sickness,mni,missing,,,71636,,,,263046,0
Q460591,Decompression sickness,mr,missing,,,71636,,,,263046,0
Q460591,Decompression sickness,ne,missing,,,71636,,,,263046,0
Q460591,Decompression sickness,or,missing,,,71636,,,,263046,0
Q460591,Decompression sickness,pa,missing,,,71636,,,,263046,0
Q460591,Decompression sickness,sa,missing,,,71636,,,,263046,0
Q460591,Decompression sickness,sat,missing,,,71636,,,,263046,0
Q460591,Decompression sickness,sd,missing,,,71636,,,,263046,0
Q460591,Decompression sickness,ta,missing,,,71636,,,,263046,0
Q460591,Decompression sickness,tcy,missing,,,71636,,,,263046,0
Q460591,Decompression sickness,te,missing,,,71636,,,,263046,0
Q460591,Decompression sickness,ur,missing,,,71636,,,,263046,0
Q461486,Heterochromia,as,missing,,,11548,,,,251693,0
Q461486,Heterochromia,bh,missing,,,11548,,,,251693,0
Q461486,Heterochromia,bn,missing,,,11548,,,,251693,0
Q461486,Heterochromia,gom,missing,,,11548,,,,251693,0
Q461486,Heterochromia,gu,missing,,,11548,,,,251693,0
Q461486,Heterochromia,hi,missing,,,11548,,,,251693,0
Q461486,Heterochromia,kn,missing,,,11548,,,,251693,0
Q461486,Heterochromia,ks,missing,,,11548,,,,251693,0
Q461486,Heterochromia,mai,missing,,,11548,,,,251693,0
Q461486,Heterochromia,ml,missing,,,11548,,,,251693,0
Q461486,Heterochromia,mni,missing,,,11548,,,,251693,0
Q461486,Heterochromia,mr,missing,,,11548,,,,251693,0
Q461486,Heterochromia,ne,missing,,,11548,,,,251693,0
Q461486,Heterochromia,or,missing,,,11548,,,,251693,0
Q461486,Heterochromia,pa,missing,,,11548,,,,251693,0
Q461486,Heterochromia,sa,missing,,,11548,,,,251693,0
Q461486,Heterochromia,sat,missing,,,11548,,,,251693,0
Q461486,Heterochromia,sd,missing,,,11548,,,,251693,0
Q461486,Heterochromia,ta,missing,,,11548,,,,251693,0
Q461486,Heterochromia,tcy,missing,,,11548,,,,251693,0
Q461486,Heterochromia,te,missing,,,11548,,,,251693,0
Q461486,Heterochromia,ur,stub,ہیٹروکرومیا,227,11548,1705,0.02,2025-09-08 15:41:35,251693,81
Q466475,Trance,as,missing,,,28852,,,,76961,0
Q466475,Trance,bh,missing,,,28852,,,,76961,0
Q466475,Trance,bn,missing,,,28852,,,,76961,0
Q466475,Trance,gom,missing,,,28852,,,,76961,0
Q466475,Trance,gu,missing,,,28852,,,,76961,0
Q466475,Trance,hi,missing,,,28852,,,,76961,0
Q466475,Trance,kn,missing,,,28852,,,,76961,0
Q466475,Trance,ks,missing,,,28852,,,,76961,0
Q466475,Trance,mai,missing,,,28852,,,,76961,0
Q466475,Trance,ml,missing,,,28852,,,,76961,0
Q466475,Trance,mni,missing,,,28852,,,,76961,0
Q466475,Trance,mr,missing,,,28852,,,,76961,0
Q466475,Trance,ne,missing,,,28852,,,,76961,0
Q466475,Trance,or,missing,,,28852,,,,76961,0
Q466475,Trance,pa,missing,,,28852,,,,76961,0
Q466475,Trance,sa,missing,,,28852,,,,76961,0
Q466475,Trance,sat,missing,,,28852,,,,76961,0
Q466475,Trance,sd,missing,,,28852,,,,76961,0
Q466475,Trance,ta,missing,,,28852,,,,76961,0
Q466475,Trance,tcy,missing,,,28852,,,,76961,0
Q466475,Trance,te,missing,,,28852,,,,76961,0
Q466475,Trance,ur,missing,,,28852,,,,76961,0
Q468433,Anosmia,as,missing,,,11911,,,,90658,0
Q468433,Anosmia,bh,missing,,,11911,,,,90658,0
Q468433,Anosmia,bn,partial,ঘ্রাণহানি,4881,11911,27447,0.41,2025-09-29 14:41:23,90658,221
Q468433,Anosmia,gom,missing,,,11911,,,,90658,0
Q468433,Anosmia,gu,missing,,,11911,,,,90658,0
Q468433,Anosmia,hi,stub,घ्राणहानि,1083,11911,3088,0.091,2021-12-27 20:26:02,90658,42
Q468433,Anosmia,kn,missing,,,11911,,,,90658,0
Q468433,Anosmia,ks,missing,,,11911,,,,90658,0
Q468433,Anosmia,mai,missing,,,11911,,,,90658,0
Q468433,Anosmia,ml,stub,അഘ്രാണത,889,11911,3758,0.075,2024-11-14 14:02:33,90658,71
Q468433,Anosmia,mni,missing,,,11911,,,,90658,0
Q468433,Anosmia,mr,missing,,,11911,,,,90658,0
Q468433,Anosmia,ne,missing,,,11911,,,,90658,0
Q468433,Anosmia,or,stub,ଆଘ୍ରାଣହାନୀ,1338,11911,7518,0.112,2024-10-25 19:46:56,90658,55
Q468433,Anosmia,pa,missing,,,11911,,,,90658,0
Q468433,Anosmia,sa,missing,,,11911,,,,90658,0
Q468433,Anosmia,sat,missing,,,11911,,,,90658,0
Q468433,Anosmia,sd,missing,,,11911,,,,90658,0
Q468433,Anosmia,ta,missing,,,11911,,,,90658,0
Q468433,Anosmia,tcy,missing,,,11911,,,,90658,0
Q468433,Anosmia,te,missing,,,11911,,,,90658,0
Q468433,Anosmia,ur,stub,لاشامہ,123,11911,730,0.01,2024-02-14 12:16:47,90658,30
Q468787,Hematoma,as,missing,,,3368,,,,146249,0
Q468787,Hematoma,bh,missing,,,3368,,,,146249,0
Q468787,Hematoma,bn,missing,,,3368,,,,146249,0
Q468787,Hematoma,gom,missing,,,3368,,,,146249,0
Q468787,Hematoma,gu,missing,,,3368,,,,146249,0
Q468787,Hematoma,hi,partial,रक्तगुल्म,1128,3368,3971,0.335,2026-06-30 20:42:22,146249,53
Q468787,Hematoma,kn,missing,,,3368,,,,146249,0
Q468787,Hematoma,ks,missing,,,3368,,,,146249,0
Q468787,Hematoma,mai,missing,,,3368,,,,146249,0
Q468787,Hematoma,ml,missing,,,3368,,,,146249,0
Q468787,Hematoma,mni,missing,,,3368,,,,146249,0
Q468787,Hematoma,mr,missing,,,3368,,,,146249,0
Q468787,Hematoma,ne,missing,,,3368,,,,146249,0
Q468787,Hematoma,or,missing,,,3368,,,,146249,0
Q468787,Hematoma,pa,missing,,,3368,,,,146249,0
Q468787,Hematoma,sa,missing,,,3368,,,,146249,0
Q468787,Hematoma,sat,missing,,,3368,,,,146249,0
Q468787,Hematoma,sd,missing,,,3368,,,,146249,0
Q468787,Hematoma,ta,missing,,,3368,,,,146249,0
Q468787,Hematoma,tcy,missing,,,3368,,,,146249,0
Q468787,Hematoma,te,good,రక్తపుగడ్డ,4851,3368,14621,1.0,2026-09-17 10:58:10,146249,318
Q468787,Hematoma,ur,missing,,,3368,,,,146249,0
Q4698355,Air pollution in India,as,missing,,,21268,,,,59127,0
Q4698355,Air pollution in India,bh,stub,भारत में हवा प्रदूषण,1223,21268,3493,0.058,2023-10-25 08:45:28,59127,70
Q4698355,Air pollution in India,bn,missing,,,21268,,,,59127,0
Q4698355,Air pollution in India,gom,missing,,,21268,,,,59127,0
Q4698355,Air pollution in India,gu,missing,,,21268,,,,59127,0
Q4698355,Air pollution in India,hi,stub,भारत में वायु प्रदूषण,2136,21268,13146,0.1,2026-01-27 07:47:29,59127,967
Q4698355,Air pollution in India,kn,missing,,,21268,,,,59127,0
Q4698355,Air pollution in India,ks,missing,,,21268,,,,59127,0
Q4698355,Air pollution in India,mai,missing,,,21268,,,,59127,0
Q4698355,Air pollution in India,ml,missing,,,21268,,,,59127,0
Q4698355,Air pollution in India,mni,missing,,,21268,,,,59127,0
Q4698355,Air pollution in India,mr,missing,,,21268,,,,59127,0
Q4698355,Air pollution in India,ne,missing,,,21268,,,,59127,0
Q4698355,Air pollution in India,or,missing,,,21268,,,,59127,0
Q4698355,Air pollution in India,pa,missing,,,21268,,,,59127,0
Q4698355,Air pollution in India,sa,missing,,,21268,,,,59127,0
Q4698355,Air pollution in India,sat,missing,,,21268,,,,59127,0
Q4698355,Air pollution in India,sd,missing,,,21268,,,,59127,0
Q4698355,Air pollution in India,ta,missing,,,21268,,,,59127,0
Q4698355,Air pollution in India,tcy,missing,,,21268,,,,59127,0
Q4698355,Air pollution in India,te,missing,,,21268,,,,59127,0
Q4698355,Air pollution in India,ur,good,بھارت میں ہوائی آلودگی,16668,21268,62585,0.784,2026-04-07 20:11:26,59127,155
Q47041,Biodiversity,as,stub,জৈৱ বৈচিত্ৰ্য,7292,55803,20287,0.131,2024-06-01 13:32:54,174789,6933
Q47041,Biodiversity,bh,stub,बायोडायवर्सिटी,520,55803,3274,0.009,2026-08-22 22:11:16,174789,187
Q47041,Biodiversity,bn,partial,জীববৈচিত্র্য,9331,55803,27901,0.167,2026-09-12 22:36:29,174789,6651
Q47041,Biodiversity,gom,missing,,,55803,,,,174789,0
Q47041,Biodiversity,gu,missing,,,55803,,,,174789,0
Q47041,Biodiversity,hi,good,जैव विविधता,40285,55803,131184,0.722,2025-09-25 10:17:06,174789,15037
Q47041,Biodiversity,kn,good,ಜೀವವೈವಿಧ್ಯ,40501,55803,163171,0.726,2026-08-12 04:52:21,174789,5567
Q47041,Biodiversity,ks,missing,,,55803,,,,174789,0
Q47041,Biodiversity,mai,missing,,,55803,,,,174789,0
Q47041,Biodiversity,ml,stub,ജൈവവൈവിധ്യം,4563,55803,14090,0.082,2025-11-25 13:34:14,174789,3293
Q47041,Biodiversity,mni,missing,,,55803,,,,174789,0
Q47041,Biodiversity,mr,partial,जैवविविधता,20941,55803,57497,0.375,2026-09-30 12:26:38,174789,7060
Q47041,Biodiversity,ne,stub,जैविक विविधता,1469,55803,4707,0.026,2023-09-25 05:28:12,174789,1737
Q47041,Biodiversity,or,missing,,,55803,,,,174789,0
Q47041,Biodiversity,pa,stub,ਜੀਵ ਵੰਨ-ਸੁਵੰਨਤਾ,4389,55803,12068,0.079,2022-05-20 09:13:42,174789,195
Q47041,Biodiversity,sa,missing,,,55803,,,,174789,0
Q47041,Biodiversity,sat,missing,,,55803,,,,174789,0
Q47041,Biodiversity,sd,stub,حياتياتي تنوع,7115,55803,17968,0.128,2026-08-26 17:34:12,174789,219
Q47041,Biodiversity,ta,stub,உயிரியற் பல்வகைமை,8268,55803,26827,0.148,2025-06-04 00:58:50,174789,2631
Q47041,Biodiversity,tcy,missing,,,55803,,,,174789,0
Q47041,Biodiversity,te,stub,జీవవైవిధ్యం,2084,55803,8143,0.037,2026-05-24 06:25:02,174789,1252
Q47041,Biodiversity,ur,stub,حیاتیاتی تنوع,981,55803,2520,0.018,2026-03-14 04:03:26,174789,129
Q470747,Sprain,as,missing,,,11112,,,,30661,0
Q470747,Sprain,bh,missing,,,11112,,,,30661,0
Q470747,Sprain,bn,missing,,,11112,,,,30661,0
Q470747,Sprain,gom,missing,,,11112,,,,30661,0
Q470747,Sprain,gu,missing,,,11112,,,,30661,0
Q470747,Sprain,hi,stub,मोच,1134,11112,3230,0.102,2024-07-24 03:08:12,30661,810
Q470747,Sprain,kn,stub,ಉಳುಕು,1329,11112,3782,0.12,2026-03-22 06:36:10,30661,111
Q470747,Sprain,ks,missing,,,11112,,,,30661,0
Q470747,Sprain,mai,missing,,,11112,,,,30661,0
Q470747,Sprain,ml,partial,ഉളുക്ക്,4908,11112,17060,0.442,2026-09-08 11:57:08,30661,1010
Q470747,Sprain,mni,missing,,,11112,,,,30661,0
Q470747,Sprain,mr,missing,,,11112,,,,30661,0
Q470747,Sprain,ne,missing,,,11112,,,,30661,0
Q470747,Sprain,or,missing,,,11112,,,,30661,0
Q470747,Sprain,pa,stub,ਮੋਚ,1567,11112,3892,0.141,2023-11-11 10:20:07,30661,149
Q470747,Sprain,sa,missing,,,11112,,,,30661,0
Q470747,Sprain,sat,missing,,,11112,,,,30661,0
Q470747,Sprain,sd,missing,,,11112,,,,30661,0
Q470747,Sprain,ta,missing,,,11112,,,,30661,0
Q470747,Sprain,tcy,missing,,,11112,,,,30661,0
Q470747,Sprain,te,stub,బెణుకు,1282,11112,4067,0.115,2020-03-22 03:05:29,30661,175
Q470747,Sprain,ur,missing,,,11112,,,,30661,0
Q475000,Stock market,as,stub,শ্বেয়াৰ মাৰ্কেট,1012,39801,3978,0.025,2024-05-31 03:14:48,244427,368
Q475000,Stock market,bh,stub,स्टॉक मार्केट,617,39801,2833,0.016,2026-08-22 23:17:01,244427,164
Q475000,Stock market,bn,partial,শেয়ার বাজার,9515,39801,25014,0.239,2025-02-04 09:08:22,244427,4729
Q475000,Stock market,gom,missing,,,39801,,,,244427,0
Q475000,Stock market,gu,missing,,,39801,,,,244427,0
Q475000,Stock market,hi,stub,शेयर बाज़ार,4404,39801,13866,0.111,2026-09-04 12:56:08,244427,17436
Q475000,Stock market,kn,partial,ಷೇರು ಮಾರುಕಟ್ಟೆ,7562,39801,20780,0.19,2026-03-26 04:24:31,244427,8052
Q475000,Stock market,ks,missing,,,39801,,,,244427,0
Q475000,Stock market,mai,missing,,,39801,,,,244427,0
Q475000,Stock market,ml,missing,,,39801,,,,244427,0
Q475000,Stock market,mni,stub,ꯇꯨꯡꯁꯤꯟꯕ ꯀꯩꯊꯦꯜ,129,39801,1610,0.003,2024-05-28 15:49:33,244427,66
Q475000,Stock market,mr,stub,समभाग बाजार,2270,39801,8052,0.057,2024-12-24 19:08:42,244427,1293
Q475000,Stock market,ne,missing,,,39801,,,,244427,0
Q475000,Stock market,or,partial,ଶେୟାର ବଜାର,8488,39801,27756,0.213,2023-10-14 12:25:25,244427,142
Q475000,Stock market,pa,stub,ਸਰਾਫ਼ਾ ਬਾਜ਼ਾਰ,2533,39801,7401,0.064,2023-04-18 11:12:42,244427,223
Q475000,Stock market,sa,missing,,,39801,,,,244427,0
Q475000,Stock market,sat,missing,,,39801,,,,244427,0
Q475000,Stock market,sd,missing,,,39801,,,,244427,0
Q475000,Stock market,ta,good,பங்குச்சந்தை,35664,39801,109799,0.896,2026-09-10 11:55:22,244427,5306
Q475000,Stock market,tcy,missing,,,39801,,,,244427,0
Q475000,Stock market,te,partial,స్టాక్ మార్కెట్,13572,39801,47974,0.341,2026-06-16 07:33:57,244427,4364
Q475000,Stock market,ur,missing,,,39801,,,,244427,0
Q477108,Constitution of India,as,partial,ভাৰতৰ সংবিধান,13864,43298,47497,0.32,2026-08-26 11:06:26,619714,18967
Q477108,Constitution of India,bh,stub,भारतीय संविधान,4556,43298,16552,0.105,2026-06-07 23:59:10,619714,3764
Q477108,Constitution of India,bn,partial,ভারতের সংবিধান,19093,43298,85991,0.441,2026-04-27 23:52:11,619714,29146
Q477108,Constitution of India,gom,missing,,,43298,,,,619714,0
Q477108,Constitution of India,gu,partial,ભારતનું બંધારણ,20657,43298,69515,0.477,2026-05-13 11:31:50,619714,58330
Q477108,Constitution of India,hi,good,भारत का संविधान,22859,43298,69805,0.528,2026-08-22 13:31:12,619714,421767
Q477108,Constitution of India,kn,good,ಭಾರತದ ಸಂವಿಧಾನ,25898,43298,85624,0.598,2026-06-17 13:46:50,619714,81914
Q477108,Constitution of India,ks,stub,بھارتُک ٲییٖن,3829,43298,10699,0.088,2026-09-16 18:02:02,619714,75
Q477108,Constitution of India,mai,stub,भारतक संविधान,1053,43298,4888,0.024,2023-10-29 21:30:54,619714,188
Q477108,Constitution of India,ml,partial,ഇന്ത്യയുടെ ഭരണഘടന,21136,43298,65614,0.488,2026-02-09 05:51:47,619714,32845
Q477108,Constitution of India,mni,stub,ꯏꯟꯗꯤꯌꯥꯒꯤ ꯑꯁꯨꯞꯄ ꯆꯠꯅ-ꯀꯥꯡꯂꯣꯟ,253,43298,855,0.006,2021-11-26 10:22:16,619714,326
Q477108,Constitution of India,mr,partial,भारताचे संविधान,18084,43298,72676,0.418,2026-09-29 11:03:53,619714,109057
Q477108,Constitution of India,ne,stub,भारतीय संविधान,3519,43298,10201,0.081,2024-02-13 11:46:11,619714,500
Q477108,Constitution of India,or,partial,ଭାରତୀୟ ସମ୍ବିଧାନ,7599,43298,32279,0.176,2026-03-25 19:45:36,619714,8007
Q477108,Constitution of India,pa,partial,ਭਾਰਤ ਦਾ ਸੰਵਿਧਾਨ,12674,43298,46473,0.293,2026-04-03 03:36:47,619714,9279
Q477108,Constitution of India,sa,partial,भारतस्य संविधानम्,18269,43298,53211,0.422,2025-07-16 11:20:36,619714,231
Q477108,Constitution of India,sat,partial,ᱥᱤᱧᱚᱛ ᱨᱮᱭᱟᱜ ᱦᱚᱠᱤᱛ,9987,43298,27828,0.231,2025-12-03 03:55:18,619714,269
Q477108,Constitution of India,sd,missing,,,43298,,,,619714,0
Q477108,Constitution of India,ta,good,இந்திய அரசியலமைப்பு,23734,43298,79541,0.548,2026-04-04 00:37:49,619714,47827
Q477108,Constitution of India,tcy,partial,ಭಾರತ ಸಂವಿಧಾನ,11896,43298,46780,0.275,2026-07-14 19:44:11,619714,2367
Q477108,Constitution of India,te,partial,భారత రాజ్యాంగం,6648,43298,21422,0.154,2026-05-20 11:33:04,619714,45940
Q477108,Constitution of India,ur,partial,آئین ہند,12932,43298,47251,0.299,2026-05-13 12:21:55,619714,4300
Q478389,Kyphosis,as,missing,,,9600,,,,129890,0
Q478389,Kyphosis,bh,missing,,,9600,,,,129890,0
Q478389,Kyphosis,bn,missing,,,9600,,,,129890,0
Q478389,Kyphosis,gom,missing,,,9600,,,,129890,0
Q478389,Kyphosis,gu,missing,,,9600,,,,129890,0
Q478389,Kyphosis,hi,stub,कूबड़,100,9600,1772,0.01,2023-09-05 07:11:21,129890,134
Q478389,Kyphosis,kn,stub,ಗೂನು,779,9600,2684,0.081,2026-08-07 17:23:29,129890,83
Q478389,Kyphosis,ks,missing,,,9600,,,,129890,0
Q478389,Kyphosis,mai,missing,,,9600,,,,129890,0
Q478389,Kyphosis,ml,missing,,,9600,,,,129890,0
Q478389,Kyphosis,mni,missing,,,9600,,,,129890,0
Q478389,Kyphosis,mr,missing,,,9600,,,,129890,0
Q478389,Kyphosis,ne,missing,,,9600,,,,129890,0
Q478389,Kyphosis,or,missing,,,9600,,,,129890,0
Q478389,Kyphosis,pa,missing,,,9600,,,,129890,0
Q478389,Kyphosis,sa,missing,,,9600,,,,129890,0
Q478389,Kyphosis,sat,missing,,,9600,,,,129890,0
Q478389,Kyphosis,sd,missing,,,9600,,,,129890,0
Q478389,Kyphosis,ta,missing,,,9600,,,,129890,0
Q478389,Kyphosis,tcy,missing,,,9600,,,,129890,0
Q478389,Kyphosis,te,missing,,,9600,,,,129890,0
Q478389,Kyphosis,ur,missing,,,9600,,,,129890,0
Q47912,Lung cancer,as,stub,হাওঁফাওঁৰ কৰ্কট ৰোগ,3713,46624,27863,0.08,2026-09-14 21:58:25,302635,0
Q47912,Lung cancer,bh,missing,,,46624,,,,302635,0
Q47912,Lung cancer,bn,stub,ফুসফুসের ক্যান্সার,5017,46624,27302,0.108,2025-08-02 06:28:43,302635,2658
Q47912,Lung cancer,gom,missing,,,46624,,,,302635,0
Q47912,Lung cancer,gu,missing,,,46624,,,,302635,0
Q47912,Lung cancer,hi,good,फुफ्फुस कैन्सर,28878,46624,141419,0.619,2026-09-24 06:39:54,302635,722
Q47912,Lung cancer,kn,good,ಶ್ವಾಸಕೋಶದ ಕ್ಯಾನ್ಸರ್,46189,46624,210083,0.991,2026-09-25 23:23:46,302635,612
Q47912,Lung cancer,ks,stub,شِشہٕ نٲرؠ کَنسَر,1629,46624,3513,0.035,2026-05-19 18:00:46,302635,90
Q47912,Lung cancer,mai,missing,,,46624,,,,302635,0
Q47912,Lung cancer,ml,stub,ശ്വാസകോശാർബുദം,912,46624,5384,0.02,2023-09-30 04:27:34,302635,599
Q47912,Lung cancer,mni,missing,,,46624,,,,302635,0
Q47912,Lung cancer,mr,stub,फुफ्‍फुसाचा कर्करोग,1165,46624,5259,0.025,2023-11-07 04:53:15,302635,147
Q47912,Lung cancer,ne,stub,फोक्सो क्यान्सर,64,46624,350,0.001,2020-09-03 01:15:01,302635,64
Q47912,Lung cancer,or,stub,ଫୁସଫୁସ କର୍କଟ,1998,46624,12515,0.043,2026-08-13 22:34:21,302635,116
Q47912,Lung cancer,pa,stub,ਫੇਫੜੇ ਦਾ ਕੈਂਸਰ,2503,46624,7100,0.054,2020-09-16 06:42:03,302635,77
Q47912,Lung cancer,sa,missing,,,46624,,,,302635,0
Q47912,Lung cancer,sat,missing,,,46624,,,,302635,0
Q47912,Lung cancer,sd,missing,,,46624,,,,302635,0
Q47912,Lung cancer,ta,good,நுரையீரல் புற்றுநோய்,47174,46624,209181,1.0,2026-09-23 03:55:14,302635,1321
Q47912,Lung cancer,tcy,stub,ಶ್ವಾಸಕೋಸದ ಕ್ಯಾನ್ಸರ್,5349,46624,15643,0.115,2025-11-08 11:11:59,302635,270
Q47912,Lung cancer,te,stub,ఊపిరితిత్తుల కాన్సర్,855,46624,4752,0.018,2024-09-23 19:25:31,302635,179
Q47912,Lung cancer,ur,stub,سرطان ریہ,2386,46624,15813,0.051,2026-08-15 09:49:04,302635,175
Q48318,Urea,as,missing,,,29233,,,,388463,0
Q48318,Urea,bh,missing,,,29233,,,,388463,0
Q48318,Urea,bn,stub,ইউরিয়া,1246,29233,6863,0.043,2026-02-17 22:08:15,388463,2119
Q48318,Urea,gom,missing,,,29233,,,,388463,0
Q48318,Urea,gu,stub,યુરિયા,2509,29233,8117,0.086,2021-08-26 04:58:56,388463,582
Q48318,Urea,hi,stub,यूरिया,1974,29233,9411,0.068,2025-01-04 13:19:20,388463,6989
Q48318,Urea,kn,good,ಯೂರಿಯಾ,19393,29233,60421,0.663,2026-03-25 15:06:12,388463,463
Q48318,Urea,ks,missing,,,29233,,,,388463,0
Q48318,Urea,mai,missing,,,29233,,,,388463,0
Q48318,Urea,ml,stub,യൂറിയ,1295,29233,6900,0.044,2021-09-02 01:27:23,388463,601
Q48318,Urea,mni,missing,,,29233,,,,388463,0
Q48318,Urea,mr,stub,युरिया खत,774,29233,2445,0.026,2022-09-19 09:23:04,388463,384
Q48318,Urea,ne,stub,युरिया,1531,29233,10345,0.052,2026-08-09 01:15:36,388463,176
Q48318,Urea,or,missing,,,29233,,,,388463,0
Q48318,Urea,pa,stub,ਯੂਰੀਆ,708,29233,4983,0.024,2024-05-14 17:11:47,388463,139
Q48318,Urea,sa,missing,,,29233,,,,388463,0
Q48318,Urea,sat,missing,,,29233,,,,388463,0
Q48318,Urea,sd,missing,,,29233,,,,388463,0
Q48318,Urea,ta,good,யூரியா,39300,29233,133434,1.0,2026-09-23 07:03:17,388463,1418
Q48318,Urea,tcy,missing,,,29233,,,,388463,0
Q48318,Urea,te,stub,యూరియా,1802,29233,6799,0.062,2024-01-29 10:49:59,388463,1397
Q48318,Urea,ur,stub,یوریا,903,29233,7589,0.031,2026-04-21 07:13:11,388463,55
Q484447,Mung bean,as,missing,,,22792,,,,225210,0
Q484447,Mung bean,bh,missing,,,22792,,,,225210,0
Q484447,Mung bean,bn,stub,মুগ,889,22792,9497,0.039,2025-11-23 19:34:32,225210,1266
Q484447,Mung bean,gom,missing,,,22792,,,,225210,0
Q484447,Mung bean,gu,partial,મગ,5800,22792,21023,0.254,2025-05-16 05:56:59,225210,860
Q484447,Mung bean,hi,stub,मूँग,789,22792,5340,0.035,2025-01-10 09:33:19,225210,2946
Q484447,Mung bean,kn,stub,ಹೆಸರು ಕಾಳು,373,22792,3264,0.016,2026-03-26 14:48:14,225210,1247
Q484447,Mung bean,ks,missing,,,22792,,,,225210,0
Q484447,Mung bean,mai,missing,,,22792,,,,225210,0
Q484447,Mung bean,ml,partial,ചെറുപയർ,3973,22792,13121,0.174,2025-09-21 07:00:40,225210,2468
Q484447,Mung bean,mni,missing,,,22792,,,,225210,0
Q484447,Mung bean,mr,stub,मूग,1317,22792,4510,0.058,2023-05-12 06:52:01,225210,1305
Q484447,Mung bean,ne,stub,मुगी,22,22792,1093,0.001,2015-08-03 04:24:05,225210,86
Q484447,Mung bean,or,missing,,,22792,,,,225210,0
Q484447,Mung bean,pa,stub,ਮੂੰਗੀ,1005,22792,3903,0.044,2023-05-26 13:25:21,225210,134
Q484447,Mung bean,sa,stub,मुद्गः,2121,22792,8683,0.093,2023-11-09 02:20:14,225210,79
Q484447,Mung bean,sat,missing,,,22792,,,,225210,0
Q484447,Mung bean,sd,missing,,,22792,,,,225210,0
Q484447,Mung bean,ta,stub,பாசிப் பயறு,868,22792,3293,0.038,2026-10-02 03:36:25,225210,3086
Q484447,Mung bean,tcy,missing,,,22792,,,,225210,0
Q484447,Mung bean,te,stub,పెసలు,119,22792,2960,0.005,2021-11-13 17:18:57,225210,1034
Q484447,Mung bean,ur,missing,,,22792,,,,225210,0
Q492038,Human brain,as,stub,মানৱ মস্তিষ্ক,2590,77400,11871,0.033,2026-08-26 07:58:54,317658,1023
Q492038,Human brain,bh,missing,,,77400,,,,317658,0
Q492038,Human brain,bn,stub,মানব মস্তিষ্ক,8631,77400,36920,0.112,2025-06-07 13:29:50,317658,2325
Q492038,Human brain,gom,missing,,,77400,,,,317658,0
Q492038,Human brain,gu,missing,,,77400,,,,317658,0
Q492038,Human brain,hi,partial,मानव मस्तिष्क,13674,77400,37636,0.177,2023-09-20 11:25:38,317658,13624
Q492038,Human brain,kn,stub,ಮಾನವ ಮಿದುಳು,580,77400,1875,0.007,2026-03-25 10:01:21,317658,151
Q492038,Human brain,ks,missing,,,77400,,,,317658,0
Q492038,Human brain,mai,missing,,,77400,,,,317658,0
Q492038,Human brain,ml,stub,മനുഷ്യമസ്തിഷ്കം,6773,77400,21619,0.088,2023-05-24 17:19:29,317658,1086
Q492038,Human brain,mni,missing,,,77400,,,,317658,0
Q492038,Human brain,mr,missing,,,77400,,,,317658,0
Q492038,Human brain,ne,missing,,,77400,,,,317658,0
Q492038,Human brain,or,stub,ମାନବ ମସ୍ତିଷ୍କ,2674,77400,9086,0.035,2020-01-01 05:48:44,317658,220
Q492038,Human brain,pa,stub,ਮਨੁੱਖੀ ਦਿਮਾਗ,5263,77400,16242,0.068,2026-04-15 17:06:46,317658,855
Q492038,Human brain,sa,missing,,,77400,,,,317658,0
Q492038,Human brain,sat,stub,ᱢᱟᱱᱣᱟ ᱦᱟᱛᱟᱝ,4348,77400,12945,0.056,2023-09-09 22:51:40,317658,144
Q492038,Human brain,sd,missing,,,77400,,,,317658,0
Q492038,Human brain,ta,missing,,,77400,,,,317658,0
Q492038,Human brain,tcy,missing,,,77400,,,,317658,0
Q492038,Human brain,te,stub,మనిషి మెదడు,4155,77400,12309,0.054,2023-09-20 18:59:23,317658,403
Q492038,Human brain,ur,stub,انسانی دماغ,3058,77400,8590,0.04,2025-11-30 15:09:48,317658,982
Q498237,Schizoid personality disorder,as,missing,,,45443,,,,411829,0
Q498237,Schizoid personality disorder,bh,missing,,,45443,,,,411829,0
Q498237,Schizoid personality disorder,bn,missing,,,45443,,,,411829,0
Q498237,Schizoid personality disorder,gom,missing,,,45443,,,,411829,0
Q498237,Schizoid personality disorder,gu,missing,,,45443,,,,411829,0
Q498237,Schizoid personality disorder,hi,missing,,,45443,,,,411829,0
Q498237,Schizoid personality disorder,kn,missing,,,45443,,,,411829,0
Q498237,Schizoid personality disorder,ks,missing,,,45443,,,,411829,0
Q498237,Schizoid personality disorder,mai,missing,,,45443,,,,411829,0
Q498237,Schizoid personality disorder,ml,missing,,,45443,,,,411829,0
Q498237,Schizoid personality disorder,mni,missing,,,45443,,,,411829,0
Q498237,Schizoid personality disorder,mr,missing,,,45443,,,,411829,0
Q498237,Schizoid personality disorder,ne,missing,,,45443,,,,411829,0
Q498237,Schizoid personality disorder,or,stub,ସିଜଏଡ଼ ବ୍ୟକ୍ତିତ୍ୱ ବିକାର,1098,45443,5093,0.024,2023-02-13 00:19:15,411829,59
Q498237,Schizoid personality disorder,pa,missing,,,45443,,,,411829,0
Q498237,Schizoid personality disorder,sa,missing,,,45443,,,,411829,0
Q498237,Schizoid personality disorder,sat,missing,,,45443,,,,411829,0
Q498237,Schizoid personality disorder,sd,missing,,,45443,,,,411829,0
Q498237,Schizoid personality disorder,ta,missing,,,45443,,,,411829,0
Q498237,Schizoid personality disorder,tcy,missing,,,45443,,,,411829,0
Q498237,Schizoid personality disorder,te,stub,స్కిజాయిడ్ పర్సనాలిటీ డిజార్డర్,1099,45443,5467,0.024,2026-09-11 17:16:08,411829,0
Q498237,Schizoid personality disorder,ur,missing,,,45443,,,,411829,0
Q500816,Polyendocrine metabolic ovarian syndrome,as,stub,প'লিচিষ্টিক অ'ভাৰি ছিণ্ড্ৰ'ম,4510,33797,24357,0.133,2026-08-07 03:54:28,148283,763
Q500816,Polyendocrine metabolic ovarian syndrome,bh,missing,,,33797,,,,148283,0
Q500816,Polyendocrine metabolic ovarian syndrome,bn,good,পলিএন্ড্রোক্রাইন মেটাবলিক ওভারিয়ান সিনড্রোম,18182,33797,76363,0.538,2026-08-30 20:20:14,148283,752
Q500816,Polyendocrine metabolic ovarian syndrome,gom,missing,,,33797,,,,148283,0
Q500816,Polyendocrine metabolic ovarian syndrome,gu,missing,,,33797,,,,148283,0
Q500816,Polyendocrine metabolic ovarian syndrome,hi,stub,बहुपुटी डिंबग्रंथि संलक्षण,4093,33797,10782,0.121,2024-01-18 10:08:50,148283,904
Q500816,Polyendocrine metabolic ovarian syndrome,kn,missing,,,33797,,,,148283,0
Q500816,Polyendocrine metabolic ovarian syndrome,ks,missing,,,33797,,,,148283,0
Q500816,Polyendocrine metabolic ovarian syndrome,mai,missing,,,33797,,,,148283,0
Q500816,Polyendocrine metabolic ovarian syndrome,ml,partial,പോളി സിസ്റ്റിക്‌ ഓവറി ഡിസീസ്‌,6650,33797,22279,0.197,2026-09-24 14:44:51,148283,2881
Q500816,Polyendocrine metabolic ovarian syndrome,mni,missing,,,33797,,,,148283,0
Q500816,Polyendocrine metabolic ovarian syndrome,mr,missing,,,33797,,,,148283,0
Q500816,Polyendocrine metabolic ovarian syndrome,ne,missing,,,33797,,,,148283,0
Q500816,Polyendocrine metabolic ovarian syndrome,or,stub,ପଲିସିଷ୍ଟିକ ଓଭାରି ସିଣ୍ଡ୍ରୋମ,1681,33797,9319,0.05,2025-07-10 04:01:43,148283,137
Q500816,Polyendocrine metabolic ovarian syndrome,pa,missing,,,33797,,,,148283,0
Q500816,Polyendocrine metabolic ovarian syndrome,sa,missing,,,33797,,,,148283,0
Q500816,Polyendocrine metabolic ovarian syndrome,sat,missing,,,33797,,,,148283,0
Q500816,Polyendocrine metabolic ovarian syndrome,sd,missing,,,33797,,,,148283,0
Q500816,Polyendocrine metabolic ovarian syndrome,ta,stub,சினைப்பை நோய்க்குறி,3611,33797,20567,0.107,2023-03-19 13:21:20,148283,3071
Q500816,Polyendocrine metabolic ovarian syndrome,tcy,missing,,,33797,,,,148283,0
Q500816,Polyendocrine metabolic ovarian syndrome,te,stub,పాలీసిస్టిక్ అండాశయ వ్యాధి (పీసీఓడీ),2886,33797,13533,0.085,2023-02-27 09:16:34,148283,1987
Q500816,Polyendocrine metabolic ovarian syndrome,ur,stub,پولی اینڈوکرائن میٹابولک اورین سنڈروم,1878,33797,14062,0.056,2026-07-29 04:47:39,148283,10
Q501561,Pericarditis,as,missing,,,11268,,,,175963,0
Q501561,Pericarditis,bh,missing,,,11268,,,,175963,0
Q501561,Pericarditis,bn,missing,,,11268,,,,175963,0
Q501561,Pericarditis,gom,missing,,,11268,,,,175963,0
Q501561,Pericarditis,gu,missing,,,11268,,,,175963,0
Q501561,Pericarditis,hi,missing,,,11268,,,,175963,0
Q501561,Pericarditis,kn,missing,,,11268,,,,175963,0
Q501561,Pericarditis,ks,missing,,,11268,,,,175963,0
Q501561,Pericarditis,mai,missing,,,11268,,,,175963,0
Q501561,Pericarditis,ml,missing,,,11268,,,,175963,0
Q501561,Pericarditis,mni,missing,,,11268,,,,175963,0
Q501561,Pericarditis,mr,missing,,,11268,,,,175963,0
Q501561,Pericarditis,ne,missing,,,11268,,,,175963,0
Q501561,Pericarditis,or,stub,ପେରିକାର୍ଡ଼ାଇଟିସ,1639,11268,8002,0.145,2026-08-03 01:58:58,175963,54
Q501561,Pericarditis,pa,missing,,,11268,,,,175963,0
Q501561,Pericarditis,sa,missing,,,11268,,,,175963,0
Q501561,Pericarditis,sat,missing,,,11268,,,,175963,0
Q501561,Pericarditis,sd,missing,,,11268,,,,175963,0
Q501561,Pericarditis,ta,stub,இதயவுறை அழற்சி,491,11268,6627,0.044,2025-10-24 06:02:03,175963,67
Q501561,Pericarditis,tcy,missing,,,11268,,,,175963,0
Q501561,Pericarditis,te,missing,,,11268,,,,175963,0
Q501561,Pericarditis,ur,missing,,,11268,,,,175963,0
Q501829,Gigantism,as,missing,,,7937,,,,218237,0
Q501829,Gigantism,bh,missing,,,7937,,,,218237,0
Q501829,Gigantism,bn,partial,অতিকায়ত্ব,1701,7937,13298,0.214,2026-09-11 17:23:07,218237,0
Q501829,Gigantism,gom,missing,,,7937,,,,218237,0
Q501829,Gigantism,gu,missing,,,7937,,,,218237,0
Q501829,Gigantism,hi,missing,,,7937,,,,218237,0
Q501829,Gigantism,kn,missing,,,7937,,,,218237,0
Q501829,Gigantism,ks,missing,,,7937,,,,218237,0
Q501829,Gigantism,mai,missing,,,7937,,,,218237,0
Q501829,Gigantism,ml,missing,,,7937,,,,218237,0
Q501829,Gigantism,mni,missing,,,7937,,,,218237,0
Q501829,Gigantism,mr,missing,,,7937,,,,218237,0
Q501829,Gigantism,ne,missing,,,7937,,,,218237,0
Q501829,Gigantism,or,missing,,,7937,,,,218237,0
Q501829,Gigantism,pa,missing,,,7937,,,,218237,0
Q501829,Gigantism,sa,missing,,,7937,,,,218237,0
Q501829,Gigantism,sat,missing,,,7937,,,,218237,0
Q501829,Gigantism,sd,missing,,,7937,,,,218237,0
Q501829,Gigantism,ta,partial,பெருந்தோற்றம்,1519,7937,4421,0.191,2026-05-06 15:58:40,218237,423
Q501829,Gigantism,tcy,missing,,,7937,,,,218237,0
Q501829,Gigantism,te,missing,,,7937,,,,218237,0
Q501829,Gigantism,ur,missing,,,7937,,,,218237,0
Q503,Banana,as,stub,কল,3346,46424,11161,0.072,2025-07-15 11:49:05,773812,904
Q503,Banana,bh,stub,केरा,148,46424,1219,0.003,2024-09-29 09:57:43,773812,120
Q503,Banana,bn,partial,কলা,7821,46424,33542,0.168,2026-06-22 08:40:35,773812,5035
Q503,Banana,gom,missing,,,46424,,,,773812,0
Q503,Banana,gu,stub,કેળાં,2889,46424,9023,0.062,2026-08-31 00:14:06,773812,616
Q503,Banana,hi,stub,केला,4002,46424,18733,0.086,2026-05-19 09:05:54,773812,7200
Q503,Banana,kn,partial,ಬಾಳೆ ಹಣ್ಣು,7817,46424,25236,0.168,2026-03-25 01:16:09,773812,1390
Q503,Banana,ks,stub,کیلہٕ,237,46424,811,0.005,2024-08-17 11:31:13,773812,111
Q503,Banana,mai,stub,केरा,281,46424,1478,0.006,2018-10-08 04:04:44,773812,183
Q503,Banana,ml,partial,വാഴ,10725,46424,36703,0.231,2025-10-04 01:16:23,773812,7395
Q503,Banana,mni,missing,,,46424,,,,773812,0
Q503,Banana,mr,partial,केळ,11369,46424,31760,0.245,2024-10-14 20:36:01,773812,3348
Q503,Banana,ne,stub,केरा,1498,46424,5907,0.032,2026-07-28 07:14:19,773812,409
Q503,Banana,or,stub,କଦଳୀ,744,46424,4249,0.016,2020-11-06 19:11:03,773812,362
Q503,Banana,pa,stub,ਕੇਲਾ,813,46424,4641,0.018,2024-05-16 12:46:31,773812,178
Q503,Banana,sa,stub,कदलीफलम्,6584,46424,20051,0.142,2023-09-30 19:53:31,773812,459
Q503,Banana,sat,stub,ᱠᱟᱭᱨᱟ,1247,46424,4667,0.027,2025-07-10 19:19:30,773812,142
Q503,Banana,sd,stub,ڪيلو,1947,46424,4533,0.042,2026-01-28 17:19:03,773812,88
Q503,Banana,ta,partial,வாழைப்பழம்,13896,46424,40317,0.299,2026-06-03 16:58:42,773812,4631
Q503,Banana,tcy,stub,ಬಾರೆತ ಪರ್ಂದ್,1559,46424,4724,0.034,2025-02-21 12:06:38,773812,111
Q503,Banana,te,partial,అరటి,19543,46424,60938,0.421,2026-07-28 10:02:54,773812,2957
Q503,Banana,ur,stub,کیلا,6599,46424,16583,0.142,2025-02-23 12:36:19,773812,930
Q504781,Brassica juncea,as,missing,,,6002,,,,90563,0
Q504781,Brassica juncea,bh,missing,,,6002,,,,90563,0
Q504781,Brassica juncea,bn,partial,লাই শাক,1208,6002,6354,0.201,2023-07-06 16:37:11,90563,437
Q504781,Brassica juncea,gom,missing,,,6002,,,,90563,0
Q504781,Brassica juncea,gu,stub,રાયડો,709,6002,2839,0.118,2013-07-22 21:26:59,90563,624
Q504781,Brassica juncea,hi,stub,राई,553,6002,2201,0.092,2022-08-22 05:36:56,90563,334
Q504781,Brassica juncea,kn,missing,,,6002,,,,90563,0
Q504781,Brassica juncea,ks,missing,,,6002,,,,90563,0
Q504781,Brassica juncea,mai,missing,,,6002,,,,90563,0
Q504781,Brassica juncea,ml,missing,,,6002,,,,90563,0
Q504781,Brassica juncea,mni,missing,,,6002,,,,90563,0
Q504781,Brassica juncea,mr,missing,,,6002,,,,90563,0
Q504781,Brassica juncea,ne,good,रायो,6061,6002,17281,1.0,2025-08-25 14:22:20,90563,300
Q504781,Brassica juncea,or,missing,,,6002,,,,90563,0
Q504781,Brassica juncea,pa,good,ਰਾਈ,4641,6002,17769,0.773,2026-05-19 12:20:10,90563,257
Q504781,Brassica juncea,sa,missing,,,6002,,,,90563,0
Q504781,Brassica juncea,sat,missing,,,6002,,,,90563,0
Q504781,Brassica juncea,sd,missing,,,6002,,,,90563,0
Q504781,Brassica juncea,ta,stub,கடுகுக் கீரை,630,6002,3306,0.105,2025-11-15 19:15:01,90563,407
Q504781,Brassica juncea,tcy,missing,,,6002,,,,90563,0
Q504781,Brassica juncea,te,partial,భారతీయ ఆవాలు,1674,6002,5156,0.279,2026-03-09 01:03:30,90563,97
Q504781,Brassica juncea,ur,missing,,,6002,,,,90563,0
Q506616,Drowning,as,missing,,,58447,,,,191073,0
Q506616,Drowning,bh,missing,,,58447,,,,191073,0
Q506616,Drowning,bn,missing,,,58447,,,,191073,0
Q506616,Drowning,gom,missing,,,58447,,,,191073,0
Q506616,Drowning,gu,missing,,,58447,,,,191073,0
Q506616,Drowning,hi,stub,पानी में डूबना,8607,58447,24097,0.147,2024-08-14 12:29:40,191073,491
Q506616,Drowning,kn,missing,,,58447,,,,191073,0
Q506616,Drowning,ks,missing,,,58447,,,,191073,0
Q506616,Drowning,mai,missing,,,58447,,,,191073,0
Q506616,Drowning,ml,missing,,,58447,,,,191073,0
Q506616,Drowning,mni,missing,,,58447,,,,191073,0
Q506616,Drowning,mr,missing,,,58447,,,,191073,0
Q506616,Drowning,ne,missing,,,58447,,,,191073,0
Q506616,Drowning,or,stub,ବୁଡ଼ିଯିବା,2162,58447,12405,0.037,2023-10-09 02:27:51,191073,59
Q506616,Drowning,pa,missing,,,58447,,,,191073,0
Q506616,Drowning,sa,missing,,,58447,,,,191073,0
Q506616,Drowning,sat,missing,,,58447,,,,191073,0
Q506616,Drowning,sd,missing,,,58447,,,,191073,0
Q506616,Drowning,ta,missing,,,58447,,,,191073,0
Q506616,Drowning,tcy,missing,,,58447,,,,191073,0
Q506616,Drowning,te,stub,డ్రౌనింగ్,2053,58447,13574,0.035,2026-10-01 03:33:12,191073,0
Q506616,Drowning,ur,stub,غرق,2791,58447,6935,0.048,2025-08-12 05:32:14,191073,147
Q506659,Benign prostatic hyperplasia,as,missing,,,27542,,,,115531,0
Q506659,Benign prostatic hyperplasia,bh,missing,,,27542,,,,115531,0
Q506659,Benign prostatic hyperplasia,bn,missing,,,27542,,,,115531,0
Q506659,Benign prostatic hyperplasia,gom,missing,,,27542,,,,115531,0
Q506659,Benign prostatic hyperplasia,gu,missing,,,27542,,,,115531,0
Q506659,Benign prostatic hyperplasia,hi,stub,सुदम्य पुरस्थ ग्रंथि अतिवृद्धि,2434,27542,20576,0.088,2026-09-14 10:28:23,115531,10
Q506659,Benign prostatic hyperplasia,kn,missing,,,27542,,,,115531,0
Q506659,Benign prostatic hyperplasia,ks,missing,,,27542,,,,115531,0
Q506659,Benign prostatic hyperplasia,mai,missing,,,27542,,,,115531,0
Q506659,Benign prostatic hyperplasia,ml,missing,,,27542,,,,115531,0
Q506659,Benign prostatic hyperplasia,mni,missing,,,27542,,,,115531,0
Q506659,Benign prostatic hyperplasia,mr,missing,,,27542,,,,115531,0
Q506659,Benign prostatic hyperplasia,ne,missing,,,27542,,,,115531,0
Q506659,Benign prostatic hyperplasia,or,stub,ବିନାଇନ ପ୍ରୋସ୍ଟାଟିକ ହାଇପରପ୍ଲାସିଆ,1888,27542,10823,0.069,2024-07-29 00:03:05,115531,89
Q506659,Benign prostatic hyperplasia,pa,missing,,,27542,,,,115531,0
Q506659,Benign prostatic hyperplasia,sa,missing,,,27542,,,,115531,0
Q506659,Benign prostatic hyperplasia,sat,missing,,,27542,,,,115531,0
Q506659,Benign prostatic hyperplasia,sd,missing,,,27542,,,,115531,0
Q506659,Benign prostatic hyperplasia,ta,stub,தீதிலி முன்னிற்குஞ்சுரப்பி மிகைப்பெருக்கம்,2245,27542,7646,0.082,2023-12-25 18:02:34,115531,522
Q506659,Benign prostatic hyperplasia,tcy,missing,,,27542,,,,115531,0
Q506659,Benign prostatic hyperplasia,te,missing,,,27542,,,,115531,0
Q506659,Benign prostatic hyperplasia,ur,missing,,,27542,,,,115531,0
Q50840653,Pearl millet,as,missing,,,11130,,,,96067,0
Q50840653,Pearl millet,bh,stub,बजड़ी,150,11130,926,0.013,2018-05-08 06:00:03,96067,81
Q50840653,Pearl millet,bn,missing,,,11130,,,,96067,0
Q50840653,Pearl millet,gom,missing,,,11130,,,,96067,0
Q50840653,Pearl millet,gu,partial,બાજરી,4542,11130,13602,0.408,2023-06-09 09:35:08,96067,1382
Q50840653,Pearl millet,hi,partial,बजड़ी,2897,11130,8835,0.26,2026-06-26 02:26:08,96067,9089
Q50840653,Pearl millet,kn,good,ಸಜ್ಜೆ,6301,11130,28680,0.566,2026-03-26 05:24:31,96067,2067
Q50840653,Pearl millet,ks,missing,,,11130,,,,96067,0
Q50840653,Pearl millet,mai,missing,,,11130,,,,96067,0
Q50840653,Pearl millet,ml,stub,ബജ്റ,1031,11130,3963,0.093,2025-09-20 06:47:20,96067,5498
Q50840653,Pearl millet,mni,missing,,,11130,,,,96067,0
Q50840653,Pearl millet,mr,stub,बाजरी,1328,11130,5770,0.119,2025-03-12 08:36:15,96067,1858
Q50840653,Pearl millet,ne,missing,,,11130,,,,96067,0
Q50840653,Pearl millet,or,missing,,,11130,,,,96067,0
Q50840653,Pearl millet,pa,partial,ਬਾਜਰਾ,3793,11130,12025,0.341,2023-06-13 04:18:20,96067,252
Q50840653,Pearl millet,sa,missing,,,11130,,,,96067,0
Q50840653,Pearl millet,sat,missing,,,11130,,,,96067,0
Q50840653,Pearl millet,sd,missing,,,11130,,,,96067,0
Q50840653,Pearl millet,ta,partial,கம்பு,3765,11130,19962,0.338,2026-04-14 00:55:42,96067,3111
Q50840653,Pearl millet,tcy,missing,,,11130,,,,96067,0
Q50840653,Pearl millet,te,stub,సజ్జలు,392,11130,2138,0.035,2024-07-14 14:27:17,96067,1811
Q50840653,Pearl millet,ur,stub,موتی باجرا,1139,11130,3886,0.102,2024-01-14 08:16:35,96067,77
Q5090,Rice,as,stub,চাউল,2414,29473,9076,0.082,2023-12-02 13:44:28,431082,467
Q5090,Rice,bh,stub,चाउर,1192,29473,4009,0.04,2026-09-11 02:39:52,431082,142
Q5090,Rice,bn,stub,চাল,1677,29473,6992,0.057,2025-07-18 20:36:12,431082,2232
Q5090,Rice,gom,missing,,,29473,,,,431082,0
Q5090,Rice,gu,missing,,,29473,,,,431082,0
Q5090,Rice,hi,stub,चावल,2754,29473,11509,0.093,2026-08-07 00:53:29,431082,5665
Q5090,Rice,kn,stub,ಅಕ್ಕಿ,3412,29473,11722,0.116,2026-09-02 05:17:12,431082,1902
Q5090,Rice,ks,stub,تۆمُل,809,29473,1892,0.027,2025-05-13 14:11:00,431082,88
Q5090,Rice,mai,stub,चाउर,564,29473,2176,0.019,2020-04-18 09:47:19,431082,83
Q5090,Rice,ml,partial,അരി,6598,29473,22873,0.224,2026-06-14 21:36:57,431082,1620
Q5090,Rice,mni,missing,,,29473,,,,431082,0
Q5090,Rice,mr,stub,तांदूळ,4306,29473,14647,0.146,2025-04-27 11:59:32,431082,3430
Q5090,Rice,ne,stub,चामल,1726,29473,6207,0.059,2024-03-13 08:45:57,431082,237
Q5090,Rice,or,stub,ଚାଉଳ,1231,29473,3846,0.042,2023-10-08 03:10:11,431082,213
Q5090,Rice,pa,stub,ਚਾਵਲ,662,29473,1985,0.022,2024-03-16 09:05:28,431082,281
Q5090,Rice,sa,stub,तण्डुलाः,4412,29473,13661,0.15,2016-04-30 06:34:54,431082,229
Q5090,Rice,sat,stub,ᱫᱟᱠᱟ,1205,29473,3339,0.041,2025-11-11 13:12:55,431082,169
Q5090,Rice,sd,stub,چانور,1042,29473,2282,0.035,2026-02-07 11:40:12,431082,106
Q5090,Rice,ta,good,நெல்,17792,29473,53273,0.604,2026-03-10 04:28:47,431082,4959
Q5090,Rice,tcy,missing,,,29473,,,,431082,0
Q5090,Rice,te,stub,బియ్యం,2994,29473,8574,0.102,2026-07-17 16:18:55,431082,941
Q5090,Rice,ur,stub,چاول,1769,29473,5559,0.06,2026-09-28 15:06:53,431082,806
Q5142470,Raynaud syndrome,as,missing,,,12750,,,,614484,0
Q5142470,Raynaud syndrome,bh,missing,,,12750,,,,614484,0
Q5142470,Raynaud syndrome,bn,missing,,,12750,,,,614484,0
Q5142470,Raynaud syndrome,gom,missing,,,12750,,,,614484,0
Q5142470,Raynaud syndrome,gu,missing,,,12750,,,,614484,0
Q5142470,Raynaud syndrome,hi,missing,,,12750,,,,614484,0
Q5142470,Raynaud syndrome,kn,partial,ರೇನಾಡ್ ರೋಗ,1953,12750,7418,0.153,2026-08-07 08:03:21,614484,73
Q5142470,Raynaud syndrome,ks,missing,,,12750,,,,614484,0
Q5142470,Raynaud syndrome,mai,missing,,,12750,,,,614484,0
Q5142470,Raynaud syndrome,ml,missing,,,12750,,,,614484,0
Q5142470,Raynaud syndrome,mni,missing,,,12750,,,,614484,0
Q5142470,Raynaud syndrome,mr,missing,,,12750,,,,614484,0
Q5142470,Raynaud syndrome,ne,missing,,,12750,,,,614484,0
Q5142470,Raynaud syndrome,or,stub,ରେନ‌ଡ ସିଣ୍ଡ୍ରୋମ,1635,12750,7020,0.128,2026-08-03 00:49:49,614484,56
Q5142470,Raynaud syndrome,pa,missing,,,12750,,,,614484,0
Q5142470,Raynaud syndrome,sa,missing,,,12750,,,,614484,0
Q5142470,Raynaud syndrome,sat,missing,,,12750,,,,614484,0
Q5142470,Raynaud syndrome,sd,missing,,,12750,,,,614484,0
Q5142470,Raynaud syndrome,ta,missing,,,12750,,,,614484,0
Q5142470,Raynaud syndrome,tcy,missing,,,12750,,,,614484,0
Q5142470,Raynaud syndrome,te,partial,రేనాడ్ సిండ్రోమ్,2665,12750,12968,0.209,2026-09-14 17:30:24,614484,0
Q5142470,Raynaud syndrome,ur,missing,,,12750,,,,614484,0
Q51993,Ebola,as,stub,ইব'লা ভাইৰাছ ৰোগ,2004,62347,15788,0.032,2026-08-26 02:43:34,1119567,159
Q51993,Ebola,bh,missing,,,62347,,,,1119567,0
Q51993,Ebola,bn,stub,ইবোলা,7258,62347,42312,0.116,2026-10-01 03:35:08,1119567,319
Q51993,Ebola,gom,missing,,,62347,,,,1119567,0
Q51993,Ebola,gu,missing,,,62347,,,,1119567,0
Q51993,Ebola,hi,stub,इबोला वायरस रोग,2634,62347,15765,0.042,2026-07-15 22:31:54,1119567,1384
Q51993,Ebola,kn,missing,,,62347,,,,1119567,0
Q51993,Ebola,ks,stub,ایبولا,3118,62347,13832,0.05,2026-08-20 18:01:34,1119567,69
Q51993,Ebola,mai,stub,इबोला,1157,62347,4453,0.019,2016-12-29 06:09:31,1119567,69
Q51993,Ebola,ml,stub,എബോള,2560,62347,8600,0.041,2021-08-11 13:12:30,1119567,1245
Q51993,Ebola,mni,missing,,,62347,,,,1119567,0
Q51993,Ebola,mr,stub,इबोला,2403,62347,8963,0.039,2023-08-14 03:50:55,1119567,363
Q51993,Ebola,ne,stub,इबोला,3473,62347,14251,0.056,2026-08-22 22:45:46,1119567,145
Q51993,Ebola,or,stub,ଇବୋଲା ଭୂତାଣୁ ରୋଗ,2293,62347,12186,0.037,2026-08-14 08:25:31,1119567,214
Q51993,Ebola,pa,stub,ਇਬੋਲਾ ਵਿਸ਼ਾਣੂ ਰੋਗ,2575,62347,13502,0.041,2026-07-29 20:01:52,1119567,104
Q51993,Ebola,sa,missing,,,62347,,,,1119567,0
Q51993,Ebola,sat,missing,,,62347,,,,1119567,0
Q51993,Ebola,sd,missing,,,62347,,,,1119567,0
Q51993,Ebola,ta,stub,இபோலா தீநுண்ம நோய்,5735,62347,25066,0.092,2026-07-19 23:18:50,1119567,737
Q51993,Ebola,tcy,missing,,,62347,,,,1119567,0
Q51993,Ebola,te,partial,ఎబోలా,9571,62347,28228,0.154,2026-05-27 13:18:07,1119567,65
Q51993,Ebola,ur,stub,ایبولا وائرس بیماری,3133,62347,7887,0.05,2025-02-25 21:25:52,1119567,323
Q520127,Periodontal disease,as,missing,,,35814,,,,101499,0
Q520127,Periodontal disease,bh,missing,,,35814,,,,101499,0
Q520127,Periodontal disease,bn,partial,পায়োরিয়া,8654,35814,46773,0.242,2026-09-23 15:55:54,101499,1106
Q520127,Periodontal disease,gom,missing,,,35814,,,,101499,0
Q520127,Periodontal disease,gu,missing,,,35814,,,,101499,0
Q520127,Periodontal disease,hi,stub,पेरियोडोंटल रोग,1255,35814,4345,0.035,2026-06-22 19:26:32,101499,60
Q520127,Periodontal disease,kn,stub,ಒಸಡಿನ ರೋಗಗಳು,3453,35814,9866,0.096,2026-03-22 10:52:11,101499,149
Q520127,Periodontal disease,ks,missing,,,35814,,,,101499,0
Q520127,Periodontal disease,mai,missing,,,35814,,,,101499,0
Q520127,Periodontal disease,ml,missing,,,35814,,,,101499,0
Q520127,Periodontal disease,mni,missing,,,35814,,,,101499,0
Q520127,Periodontal disease,mr,stub,मुखदुर्गंधी,517,35814,3065,0.014,2026-09-13 15:33:27,101499,57
Q520127,Periodontal disease,ne,missing,,,35814,,,,101499,0
Q520127,Periodontal disease,or,stub,ପେରିଓଡୋଣ୍ଟାଲ ରୋଗ,1051,35814,6447,0.029,2023-02-13 00:10:27,101499,78
Q520127,Periodontal disease,pa,stub,ਮਸੂੜਿਆਂ ਦੀ ਸੋਜ,436,35814,1486,0.012,2023-04-08 03:59:37,101499,54
Q520127,Periodontal disease,sa,missing,,,35814,,,,101499,0
Q520127,Periodontal disease,sat,missing,,,35814,,,,101499,0
Q520127,Periodontal disease,sd,missing,,,35814,,,,101499,0
Q520127,Periodontal disease,ta,missing,,,35814,,,,101499,0
Q520127,Periodontal disease,tcy,missing,,,35814,,,,101499,0
Q520127,Periodontal disease,te,stub,చిగుళ్ల వ్యాధి,1494,35814,8219,0.042,2024-10-09 13:10:52,101499,249
Q520127,Periodontal disease,ur,missing,,,35814,,,,101499,0
Q525309,Integrated pest management,as,missing,,,29516,,,,19007,0
Q525309,Integrated pest management,bh,missing,,,29516,,,,19007,0
Q525309,Integrated pest management,bn,partial,সমন্বিত বালাই দমন ব্যবস্থা,6345,29516,19005,0.215,2026-09-26 06:52:48,19007,1426
Q525309,Integrated pest management,gom,missing,,,29516,,,,19007,0
Q525309,Integrated pest management,gu,missing,,,29516,,,,19007,0
Q525309,Integrated pest management,hi,partial,एकीकृत नाशीजीव प्रबंधन,9784,29516,26160,0.331,2024-01-08 21:34:18,19007,1800
Q525309,Integrated pest management,kn,missing,,,29516,,,,19007,0
Q525309,Integrated pest management,ks,missing,,,29516,,,,19007,0
Q525309,Integrated pest management,mai,missing,,,29516,,,,19007,0
Q525309,Integrated pest management,ml,missing,,,29516,,,,19007,0
Q525309,Integrated pest management,mni,missing,,,29516,,,,19007,0
Q525309,Integrated pest management,mr,missing,,,29516,,,,19007,0
Q525309,Integrated pest management,ne,stub,एकीकृत शत्रु जीव व्यवस्थापन,620,29516,1782,0.021,2023-04-13 12:54:47,19007,333
Q525309,Integrated pest management,or,missing,,,29516,,,,19007,0
Q525309,Integrated pest management,pa,missing,,,29516,,,,19007,0
Q525309,Integrated pest management,sa,missing,,,29516,,,,19007,0
Q525309,Integrated pest management,sat,missing,,,29516,,,,19007,0
Q525309,Integrated pest management,sd,missing,,,29516,,,,19007,0
Q525309,Integrated pest management,ta,stub,ஒருங்கிணைந்த தீங்குயிர் மேலாண்மை,1154,29516,4601,0.039,2024-12-13 07:09:03,19007,62
Q525309,Integrated pest management,tcy,missing,,,29516,,,,19007,0
Q525309,Integrated pest management,te,missing,,,29516,,,,19007,0
Q525309,Integrated pest management,ur,missing,,,29516,,,,19007,0
Q537297,Heartburn,as,missing,,,16120,,,,90171,0
Q537297,Heartburn,bh,missing,,,16120,,,,90171,0
Q537297,Heartburn,bn,partial,বুকজ্বালা,5054,16120,24095,0.314,2026-07-28 05:02:47,90171,675
Q537297,Heartburn,gom,missing,,,16120,,,,90171,0
Q537297,Heartburn,gu,missing,,,16120,,,,90171,0
Q537297,Heartburn,hi,missing,,,16120,,,,90171,0
Q537297,Heartburn,kn,missing,,,16120,,,,90171,0
Q537297,Heartburn,ks,missing,,,16120,,,,90171,0
Q537297,Heartburn,mai,missing,,,16120,,,,90171,0
Q537297,Heartburn,ml,missing,,,16120,,,,90171,0
Q537297,Heartburn,mni,missing,,,16120,,,,90171,0
Q537297,Heartburn,mr,missing,,,16120,,,,90171,0
Q537297,Heartburn,ne,missing,,,16120,,,,90171,0
Q537297,Heartburn,or,stub,ବୁକୁଜ୍ୱାଳା,1049,16120,5828,0.065,2024-10-25 19:46:07,90171,56
Q537297,Heartburn,pa,stub,ਛਾਤੀ ਵਿੱਚ ਜਲਨ,1050,16120,3079,0.065,2019-05-04 16:56:32,90171,70
Q537297,Heartburn,sa,missing,,,16120,,,,90171,0
Q537297,Heartburn,sat,missing,,,16120,,,,90171,0
Q537297,Heartburn,sd,missing,,,16120,,,,90171,0
Q537297,Heartburn,ta,partial,நெஞ்செரிவு,3257,16120,12150,0.202,2023-06-07 17:30:01,90171,276
Q537297,Heartburn,tcy,missing,,,16120,,,,90171,0
Q537297,Heartburn,te,missing,,,16120,,,,90171,0
Q537297,Heartburn,ur,missing,,,16120,,,,90171,0
Q544,Solar System,as,stub,সৌৰজগত,4435,61428,15674,0.072,2026-06-20 12:59:09,1445654,4352
Q544,Solar System,bh,partial,सौर मंडल,9727,61428,40406,0.158,2026-08-22 23:10:32,1445654,3925
Q544,Solar System,bn,partial,সৌরজগৎ,28979,61428,214154,0.472,2026-08-25 18:18:47,1445654,16447
Q544,Solar System,gom,missing,,,61428,,,,1445654,0
Q544,Solar System,gu,good,સૂર્યમંડળ,44033,61428,165127,0.717,2026-09-08 19:12:03,1445654,5657
Q544,Solar System,hi,partial,सौर मण्डल,12129,61428,47171,0.197,2026-09-26 17:23:43,1445654,7085
Q544,Solar System,kn,good,ಸೌರಮಂಡಲ,45795,61428,146166,0.746,2026-08-07 08:00:20,1445654,5096
Q544,Solar System,ks,stub,سِرؠ‌یہِ مَنٛڈُل,205,61428,538,0.003,2026-07-24 21:22:16,1445654,45
Q544,Solar System,mai,stub,सौर्य परिवार,104,61428,414,0.002,2023-05-23 17:17:29,1445654,193
Q544,Solar System,ml,partial,സൗരയൂഥം,27059,61428,105426,0.44,2026-09-25 20:09:52,1445654,8966
Q544,Solar System,mni,missing,,,61428,,,,1445654,0
Q544,Solar System,mr,partial,सूर्यमाला,12820,61428,43500,0.209,2026-09-29 11:33:31,1445654,14066
Q544,Solar System,ne,stub,सूर्यमण्डल,5917,61428,24296,0.096,2026-09-26 13:08:25,1445654,963
Q544,Solar System,or,stub,ସୌର ଜଗତ,4039,61428,20700,0.066,2026-06-04 03:57:40,1445654,1080
Q544,Solar System,pa,stub,ਸੂਰਜ ਮੰਡਲ,5166,61428,19529,0.084,2026-05-17 04:24:56,1445654,1086
Q544,Solar System,sa,stub,सूर्यमण्डलम्,58,61428,573,0.001,2023-04-16 08:58:12,1445654,183
Q544,Solar System,sat,stub,ᱥᱤᱧ ᱪᱟᱸᱫᱚ ᱢᱟᱱᱰᱮᱨ,787,61428,5569,0.013,2026-08-12 03:21:38,1445654,316
Q544,Solar System,sd,good,آڪاش منڊل,32881,61428,57459,0.535,2026-05-09 12:52:02,1445654,287
Q544,Solar System,ta,partial,சூரியக் குடும்பம்,16145,61428,61866,0.263,2025-10-24 06:16:43,1445654,12561
Q544,Solar System,tcy,stub,ಸೌರಮಂಡಲೊ,701,61428,2219,0.011,2026-03-14 09:43:56,1445654,247
Q544,Solar System,te,partial,సౌర కుటుంబం,18973,61428,93635,0.309,2026-09-27 07:10:13,1445654,4403
Q544,Solar System,ur,partial,نظام شمسی,29757,61428,69807,0.484,2026-03-22 03:46:16,1445654,4336
Q544006,Anxiety disorder,as,stub,উদ্বেগজনিত বিকাৰ,1300,28487,9669,0.046,2025-09-09 07:42:04,189468,333
Q544006,Anxiety disorder,bh,missing,,,28487,,,,189468,0
Q544006,Anxiety disorder,bn,stub,উদ্বেগমূলক ব্যাধি,2600,28487,14664,0.091,2025-08-01 21:18:59,189468,246
Q544006,Anxiety disorder,gom,missing,,,28487,,,,189468,0
Q544006,Anxiety disorder,gu,missing,,,28487,,,,189468,0
Q544006,Anxiety disorder,hi,stub,दुश्चिंता,3873,28487,11704,0.136,2025-07-01 18:06:28,189468,1007
Q544006,Anxiety disorder,kn,stub,ಆತಂಕ ಕಾಯಿಲೆ,598,28487,1868,0.021,2026-03-22 01:07:29,189468,104
Q544006,Anxiety disorder,ks,missing,,,28487,,,,189468,0
Q544006,Anxiety disorder,mai,missing,,,28487,,,,189468,0
Q544006,Anxiety disorder,ml,partial,ഉത്കണ്ഠ വൈകല്യം,7083,28487,21142,0.249,2026-09-27 00:23:28,189468,1396
Q544006,Anxiety disorder,mni,missing,,,28487,,,,189468,0
Q544006,Anxiety disorder,mr,stub,चिंता विकार,2492,28487,12206,0.087,2025-02-22 14:51:51,189468,246
Q544006,Anxiety disorder,ne,missing,,,28487,,,,189468,0
Q544006,Anxiety disorder,or,stub,ଉଦ୍‌ବେଗ ଅବ୍ୟବସ୍ଥା,2112,28487,7951,0.074,2016-09-07 09:52:20,189468,75
Q544006,Anxiety disorder,pa,missing,,,28487,,,,189468,0
Q544006,Anxiety disorder,sa,missing,,,28487,,,,189468,0
Q544006,Anxiety disorder,sat,missing,,,28487,,,,189468,0
Q544006,Anxiety disorder,sd,missing,,,28487,,,,189468,0
Q544006,Anxiety disorder,ta,stub,பதகளிப்புக் கோளாறு,779,28487,3849,0.027,2017-06-29 03:17:11,189468,348
Q544006,Anxiety disorder,tcy,missing,,,28487,,,,189468,0
Q544006,Anxiety disorder,te,stub,ఆందోళన రుగ్మత,2158,28487,8976,0.076,2026-08-10 13:53:41,189468,8
Q544006,Anxiety disorder,ur,stub,اضطراب کا عارضہ,2202,28487,9528,0.077,2025-02-21 21:22:37,189468,227
Q5445,Anemia,as,missing,,,26212,,,,282419,0
Q5445,Anemia,bh,missing,,,26212,,,,282419,0
Q5445,Anemia,bn,good,রক্তশূন্যতা,33988,26212,147156,1.0,2026-08-22 17:13:36,282419,4647
Q5445,Anemia,gom,missing,,,26212,,,,282419,0
Q5445,Anemia,gu,missing,,,26212,,,,282419,0
Q5445,Anemia,hi,stub,रक्ताल्पता,2944,26212,8745,0.112,2024-11-25 02:14:41,282419,1366
Q5445,Anemia,kn,partial,ರಕ್ತಹೀನತೆ,10263,26212,32848,0.392,2026-03-25 15:32:08,282419,777
Q5445,Anemia,ks,stub,اینیٖمِیا,174,26212,1599,0.007,2022-04-28 15:09:02,282419,54
Q5445,Anemia,mai,missing,,,26212,,,,282419,0
Q5445,Anemia,ml,partial,അനീമിയ,4178,26212,13402,0.159,2026-10-01 22:57:49,282419,1521
Q5445,Anemia,mni,missing,,,26212,,,,282419,0
Q5445,Anemia,mr,stub,पंडुरोग,2478,26212,7268,0.095,2024-10-02 15:27:10,282419,767
Q5445,Anemia,ne,stub,रक्त अल्पता,1967,26212,6946,0.075,2026-08-10 07:53:42,282419,166
Q5445,Anemia,or,good,ରକ୍ତହୀନତା,19899,26212,75374,0.759,2026-08-14 01:43:45,282419,616
Q5445,Anemia,pa,stub,ਅਨੀਮੀਆ,1627,26212,6569,0.062,2023-06-03 20:35:00,282419,487
Q5445,Anemia,sa,missing,,,26212,,,,282419,0
Q5445,Anemia,sat,missing,,,26212,,,,282419,0
Q5445,Anemia,sd,missing,,,26212,,,,282419,0
Q5445,Anemia,ta,partial,குருதிச்சோகை,7883,26212,24703,0.301,2026-05-26 08:38:23,282419,2062
Q5445,Anemia,tcy,missing,,,26212,,,,282419,0
Q5445,Anemia,te,stub,రక్తహీనత,2167,26212,6248,0.083,2023-04-21 14:57:52,282419,365
Q5445,Anemia,ur,stub,نقص الدم,1051,26212,6107,0.04,2026-05-08 08:15:12,282419,74
Q5453097,First information report,as,missing,,,1899,,,,30062,0
Q5453097,First information report,bh,missing,,,1899,,,,30062,0
Q5453097,First information report,bn,good,এজাহার,1682,1899,6685,0.886,2025-04-03 10:31:13,30062,789
Q5453097,First information report,gom,missing,,,1899,,,,30062,0
Q5453097,First information report,gu,missing,,,1899,,,,30062,0
Q5453097,First information report,hi,good,प्राथमिकी,6818,1899,18332,1.0,2025-09-21 21:20:00,30062,5202
Q5453097,First information report,kn,missing,,,1899,,,,30062,0
Q5453097,First information report,ks,missing,,,1899,,,,30062,0
Q5453097,First information report,mai,missing,,,1899,,,,30062,0
Q5453097,First information report,ml,good,പ്രഥമവിവരറിപ്പോർട്ട്,6673,1899,18224,1.0,2025-07-08 06:08:37,30062,432
Q5453097,First information report,mni,missing,,,1899,,,,30062,0
Q5453097,First information report,mr,good,प्रथम माहिती अहवाल,1482,1899,4047,0.78,2022-07-22 09:11:15,30062,658
Q5453097,First information report,ne,missing,,,1899,,,,30062,0
Q5453097,First information report,or,good,ଏତଲା,1910,1899,5719,1.0,2022-02-13 12:10:11,30062,72
Q5453097,First information report,pa,good,ਐਫ.ਆਈ.ਆਰ.,1255,1899,3828,0.661,2026-09-25 20:10:15,30062,106
Q5453097,First information report,sa,missing,,,1899,,,,30062,0
Q5453097,First information report,sat,missing,,,1899,,,,30062,0
Q5453097,First information report,sd,missing,,,1899,,,,30062,0
Q5453097,First information report,ta,good,முதல் தகவல் அறிக்கை,1987,1899,6717,1.0,2023-01-18 15:19:45,30062,1548
Q5453097,First information report,tcy,missing,,,1899,,,,30062,0
Q5453097,First information report,te,good,ప్రాథమిక సమాచార నివేదిక,2009,1899,6560,1.0,2022-02-06 02:25:36,30062,655
Q5453097,First information report,ur,good,ایف آئی آر,1043,1899,3084,0.549,2026-04-13 18:15:04,30062,1749
Q552348,Eclampsia,as,missing,,,19676,,,,113901,0
Q552348,Eclampsia,bh,missing,,,19676,,,,113901,0
Q552348,Eclampsia,bn,partial,এক্লাম্পসিয়া,5051,19676,32760,0.257,2026-07-13 16:26:59,113901,1301
Q552348,Eclampsia,gom,missing,,,19676,,,,113901,0
Q552348,Eclampsia,gu,missing,,,19676,,,,113901,0
Q552348,Eclampsia,hi,missing,,,19676,,,,113901,0
Q552348,Eclampsia,kn,missing,,,19676,,,,113901,0
Q552348,Eclampsia,ks,missing,,,19676,,,,113901,0
Q552348,Eclampsia,mai,missing,,,19676,,,,113901,0
Q552348,Eclampsia,ml,stub,എക്ലാംപ്സിയ,949,19676,6435,0.048,2023-01-15 00:02:25,113901,116
Q552348,Eclampsia,mni,missing,,,19676,,,,113901,0
Q552348,Eclampsia,mr,missing,,,19676,,,,113901,0
Q552348,Eclampsia,ne,missing,,,19676,,,,113901,0
Q552348,Eclampsia,or,stub,ଏକ୍ଲାମ୍ପସିଆ,1621,19676,9613,0.082,2026-08-14 07:48:09,113901,65
Q552348,Eclampsia,pa,missing,,,19676,,,,113901,0
Q552348,Eclampsia,sa,missing,,,19676,,,,113901,0
Q552348,Eclampsia,sat,missing,,,19676,,,,113901,0
Q552348,Eclampsia,sd,missing,,,19676,,,,113901,0
Q552348,Eclampsia,ta,stub,சூல்வலிப்பு,2860,19676,16896,0.145,2024-05-23 22:08:26,113901,170
Q552348,Eclampsia,tcy,missing,,,19676,,,,113901,0
Q552348,Eclampsia,te,stub,ఎక్లాంప్సియా,1884,19676,8223,0.096,2026-09-02 03:12:51,113901,4
Q552348,Eclampsia,ur,stub,حمل کے جھٹکے,2163,19676,6479,0.11,2025-03-19 00:18:29,113901,341
Q552461,Hand washing,as,missing,,,29645,,,,48181,0
Q552461,Hand washing,bh,stub,हाथ धोवल,916,29645,3433,0.031,2026-07-29 16:21:26,48181,44
Q552461,Hand washing,bn,stub,হাত ধোয়া,2272,29645,10375,0.077,2025-03-20 11:47:34,48181,988
Q552461,Hand washing,gom,missing,,,29645,,,,48181,0
Q552461,Hand washing,gu,missing,,,29645,,,,48181,0
Q552461,Hand washing,hi,stub,हाथ धोना,2196,29645,8284,0.074,2022-08-14 08:39:57,48181,1033
Q552461,Hand washing,kn,missing,,,29645,,,,48181,0
Q552461,Hand washing,ks,missing,,,29645,,,,48181,0
Q552461,Hand washing,mai,missing,,,29645,,,,48181,0
Q552461,Hand washing,ml,stub,കൈകഴുകൽ,2884,29645,9619,0.097,2021-06-03 07:42:25,48181,850
Q552461,Hand washing,mni,missing,,,29645,,,,48181,0
Q552461,Hand washing,mr,missing,,,29645,,,,48181,0
Q552461,Hand washing,ne,missing,,,29645,,,,48181,0
Q552461,Hand washing,or,missing,,,29645,,,,48181,0
Q552461,Hand washing,pa,missing,,,29645,,,,48181,0
Q552461,Hand washing,sa,missing,,,29645,,,,48181,0
Q552461,Hand washing,sat,missing,,,29645,,,,48181,0
Q552461,Hand washing,sd,stub,ھٿ ڌوئڻ,177,29645,370,0.006,2020-06-27 08:06:09,48181,44
Q552461,Hand washing,ta,stub,கை கழுவுதல்,4203,29645,18018,0.142,2026-03-08 14:17:49,48181,706
Q552461,Hand washing,tcy,missing,,,29645,,,,48181,0
Q552461,Hand washing,te,partial,చేతులు కడుక్కోవడం,5972,29645,24044,0.201,2026-09-10 11:20:41,48181,88
Q552461,Hand washing,ur,stub,ہاتھ دھونا,153,29645,658,0.005,2025-02-02 19:26:28,48181,73
Q55379706,Minimum support price (India),as,missing,,,12144,,,,20554,0
Q55379706,Minimum support price (India),bh,stub,एमएसपी,800,12144,2725,0.066,2025-03-09 05:49:00,20554,252
Q55379706,Minimum support price (India),bn,missing,,,12144,,,,20554,0
Q55379706,Minimum support price (India),gom,missing,,,12144,,,,20554,0
Q55379706,Minimum support price (India),gu,missing,,,12144,,,,20554,0
Q55379706,Minimum support price (India),hi,partial,न्यूनतम समर्थन मूल्य,2043,12144,6299,0.168,2025-08-14 03:15:53,20554,1353
Q55379706,Minimum support price (India),kn,missing,,,12144,,,,20554,0
Q55379706,Minimum support price (India),ks,missing,,,12144,,,,20554,0
Q55379706,Minimum support price (India),mai,missing,,,12144,,,,20554,0
Q55379706,Minimum support price (India),ml,missing,,,12144,,,,20554,0
Q55379706,Minimum support price (India),mni,missing,,,12144,,,,20554,0
Q55379706,Minimum support price (India),mr,stub,किमान आधारभूत किंमत,634,12144,1896,0.052,2018-10-04 12:22:05,20554,530
Q55379706,Minimum support price (India),ne,missing,,,12144,,,,20554,0
Q55379706,Minimum support price (India),or,missing,,,12144,,,,20554,0
Q55379706,Minimum support price (India),pa,partial,ਘੱਟੋ ਘੱਟ ਸਮਰਥਨ ਮੁੱਲ (ਭਾਰਤ),2586,12144,9757,0.213,2023-07-18 10:13:28,20554,134
Q55379706,Minimum support price (India),sa,missing,,,12144,,,,20554,0
Q55379706,Minimum support price (India),sat,missing,,,12144,,,,20554,0
Q55379706,Minimum support price (India),sd,missing,,,12144,,,,20554,0
Q55379706,Minimum support price (India),ta,stub,குறைந்தபட்ச ஆதரவு விலை (இந்தியா),1004,12144,4148,0.083,2025-01-15 09:00:49,20554,364
Q55379706,Minimum support price (India),tcy,missing,,,12144,,,,20554,0
Q55379706,Minimum support price (India),te,missing,,,12144,,,,20554,0
Q55379706,Minimum support price (India),ur,missing,,,12144,,,,20554,0
Q55604588,Ayushman Bharat Yojana,as,good,আয়ুষ্মান ভাৰত যোজনা,10560,10562,50847,1.0,2026-10-01 22:24:14,148605,0
Q55604588,Ayushman Bharat Yojana,bh,missing,,,10562,,,,148605,0
Q55604588,Ayushman Bharat Yojana,bn,good,আয়ুষ্মান ভারত - প্রধানমন্ত্রী জন আরোগ্য যোজনা,9188,10562,26868,0.87,2026-08-13 17:43:06,148605,1218
Q55604588,Ayushman Bharat Yojana,gom,missing,,,10562,,,,148605,0
Q55604588,Ayushman Bharat Yojana,gu,missing,,,10562,,,,148605,0
Q55604588,Ayushman Bharat Yojana,hi,partial,आयुष्मान भारत योजना,2352,10562,8888,0.223,2026-09-10 07:37:33,148605,61178
Q55604588,Ayushman Bharat Yojana,kn,good,ಆಯುಷ್ಮಾನ್ ಭಾರತ್ ಯೋಜನೆ,5334,10562,17597,0.505,2026-03-22 01:58:29,148605,1724
Q55604588,Ayushman Bharat Yojana,ks,missing,,,10562,,,,148605,0
Q55604588,Ayushman Bharat Yojana,mai,missing,,,10562,,,,148605,0
Q55604588,Ayushman Bharat Yojana,ml,missing,,,10562,,,,148605,0
Q55604588,Ayushman Bharat Yojana,mni,missing,,,10562,,,,148605,0
Q55604588,Ayushman Bharat Yojana,mr,partial,आयुष्मान भारत योजना,3005,10562,10008,0.285,2025-04-03 10:02:01,148605,5477
Q55604588,Ayushman Bharat Yojana,ne,missing,,,10562,,,,148605,0
Q55604588,Ayushman Bharat Yojana,or,good,ଆୟୁଷ୍ମାନ ଭାରତ ଯୋଜନା,12677,10562,66703,1.0,2026-09-05 08:43:45,148605,11
Q55604588,Ayushman Bharat Yojana,pa,missing,,,10562,,,,148605,0
Q55604588,Ayushman Bharat Yojana,sa,missing,,,10562,,,,148605,0
Q55604588,Ayushman Bharat Yojana,sat,missing,,,10562,,,,148605,0
Q55604588,Ayushman Bharat Yojana,sd,missing,,,10562,,,,148605,0
Q55604588,Ayushman Bharat Yojana,ta,good,ஆயுஸ்மான் பாரத் மருத்துவக் காப்பீட்டுத் திட்டம்,6456,10562,23101,0.611,2026-06-14 00:20:42,148605,11972
Q55604588,Ayushman Bharat Yojana,tcy,missing,,,10562,,,,148605,0
Q55604588,Ayushman Bharat Yojana,te,partial,ఆయుష్మాన్ భారత్,1967,10562,7745,0.186,2026-05-24 06:42:31,148605,2945
Q55604588,Ayushman Bharat Yojana,ur,missing,,,10562,,,,148605,0
Q558077,Williams syndrome,as,missing,,,23482,,,,452509,0
Q558077,Williams syndrome,bh,missing,,,23482,,,,452509,0
Q558077,Williams syndrome,bn,missing,,,23482,,,,452509,0
Q558077,Williams syndrome,gom,missing,,,23482,,,,452509,0
Q558077,Williams syndrome,gu,missing,,,23482,,,,452509,0
Q558077,Williams syndrome,hi,missing,,,23482,,,,452509,0
Q558077,Williams syndrome,kn,missing,,,23482,,,,452509,0
Q558077,Williams syndrome,ks,missing,,,23482,,,,452509,0
Q558077,Williams syndrome,mai,missing,,,23482,,,,452509,0
Q558077,Williams syndrome,ml,missing,,,23482,,,,452509,0
Q558077,Williams syndrome,mni,missing,,,23482,,,,452509,0
Q558077,Williams syndrome,mr,missing,,,23482,,,,452509,0
Q558077,Williams syndrome,ne,missing,,,23482,,,,452509,0
Q558077,Williams syndrome,or,stub,ଉଇଲିଅମସ ସିଣ୍ଡ୍ରୋମ,1720,23482,9732,0.073,2026-08-02 18:52:44,452509,68
Q558077,Williams syndrome,pa,missing,,,23482,,,,452509,0
Q558077,Williams syndrome,sa,missing,,,23482,,,,452509,0
Q558077,Williams syndrome,sat,missing,,,23482,,,,452509,0
Q558077,Williams syndrome,sd,missing,,,23482,,,,452509,0
Q558077,Williams syndrome,ta,stub,வில்லியம்ஸ் நோய்க்கூட்டறிகுறி,3465,23482,20293,0.148,2026-06-23 22:13:00,452509,83
Q558077,Williams syndrome,tcy,missing,,,23482,,,,452509,0
Q558077,Williams syndrome,te,stub,విలియమ్స్ సిండ్రోమ్,1667,23482,9403,0.071,2026-09-24 17:58:14,452509,0
Q558077,Williams syndrome,ur,missing,,,23482,,,,452509,0
Q55998,Pleurisy,as,missing,,,15456,,,,505395,0
Q55998,Pleurisy,bh,missing,,,15456,,,,505395,0
Q55998,Pleurisy,bn,missing,,,15456,,,,505395,0
Q55998,Pleurisy,gom,missing,,,15456,,,,505395,0
Q55998,Pleurisy,gu,missing,,,15456,,,,505395,0
Q55998,Pleurisy,hi,stub,प्लूरिसी,143,15456,406,0.009,2020-10-15 18:53:51,505395,78
Q55998,Pleurisy,kn,missing,,,15456,,,,505395,0
Q55998,Pleurisy,ks,missing,,,15456,,,,505395,0
Q55998,Pleurisy,mai,missing,,,15456,,,,505395,0
Q55998,Pleurisy,ml,stub,പ്ലൂറസി,483,15456,2705,0.031,2023-07-14 02:01:37,505395,102
Q55998,Pleurisy,mni,missing,,,15456,,,,505395,0
Q55998,Pleurisy,mr,missing,,,15456,,,,505395,0
Q55998,Pleurisy,ne,missing,,,15456,,,,505395,0
Q55998,Pleurisy,or,stub,ପ୍ଲୁରିସି,1387,15456,7782,0.09,2026-08-02 18:15:27,505395,54
Q55998,Pleurisy,pa,missing,,,15456,,,,505395,0
Q55998,Pleurisy,sa,missing,,,15456,,,,505395,0
Q55998,Pleurisy,sat,missing,,,15456,,,,505395,0
Q55998,Pleurisy,sd,missing,,,15456,,,,505395,0
Q55998,Pleurisy,ta,missing,,,15456,,,,505395,0
Q55998,Pleurisy,tcy,missing,,,15456,,,,505395,0
Q55998,Pleurisy,te,stub,ప్లూరసి,1315,15456,8910,0.085,2026-09-14 02:05:28,505395,51
Q55998,Pleurisy,ur,partial,ذات الجنب,2677,15456,5255,0.173,2025-06-08 10:01:17,505395,416
Q565276,Sciatica,as,missing,,,18504,,,,287502,0
Q565276,Sciatica,bh,missing,,,18504,,,,287502,0
Q565276,Sciatica,bn,missing,,,18504,,,,287502,0
Q565276,Sciatica,gom,missing,,,18504,,,,287502,0
Q565276,Sciatica,gu,missing,,,18504,,,,287502,0
Q565276,Sciatica,hi,partial,सायटिका,4818,18504,15197,0.26,2026-04-13 13:44:51,287502,1828
Q565276,Sciatica,kn,missing,,,18504,,,,287502,0
Q565276,Sciatica,ks,missing,,,18504,,,,287502,0
Q565276,Sciatica,mai,missing,,,18504,,,,287502,0
Q565276,Sciatica,ml,missing,,,18504,,,,287502,0
Q565276,Sciatica,mni,missing,,,18504,,,,287502,0
Q565276,Sciatica,mr,missing,,,18504,,,,287502,0
Q565276,Sciatica,ne,missing,,,18504,,,,287502,0
Q565276,Sciatica,or,stub,ସିଆଟିକା,2030,18504,8008,0.11,2026-08-02 19:33:38,287502,192
Q565276,Sciatica,pa,stub,ਰੀਹ ਦਾ ਦਰਦ,732,18504,2199,0.04,2024-09-27 10:48:39,287502,185
Q565276,Sciatica,sa,missing,,,18504,,,,287502,0
Q565276,Sciatica,sat,missing,,,18504,,,,287502,0
Q565276,Sciatica,sd,missing,,,18504,,,,287502,0
Q565276,Sciatica,ta,missing,,,18504,,,,287502,0
Q565276,Sciatica,tcy,missing,,,18504,,,,287502,0
Q565276,Sciatica,te,partial,సయాటికా,3345,18504,9629,0.181,2025-05-25 07:39:16,287502,369
Q565276,Sciatica,ur,missing,,,18504,,,,287502,0
Q574360,Spasm,as,missing,,,2110,,,,50830,0
Q574360,Spasm,bh,missing,,,2110,,,,50830,0
Q574360,Spasm,bn,missing,,,2110,,,,50830,0
Q574360,Spasm,gom,missing,,,2110,,,,50830,0
Q574360,Spasm,gu,missing,,,2110,,,,50830,0
Q574360,Spasm,hi,missing,,,2110,,,,50830,0
Q574360,Spasm,kn,good,ಸೆಳೆತ,2907,2110,8250,1.0,2026-03-26 10:00:52,50830,421
Q574360,Spasm,ks,missing,,,2110,,,,50830,0
Q574360,Spasm,mai,missing,,,2110,,,,50830,0
Q574360,Spasm,ml,missing,,,2110,,,,50830,0
Q574360,Spasm,mni,missing,,,2110,,,,50830,0
Q574360,Spasm,mr,missing,,,2110,,,,50830,0
Q574360,Spasm,ne,missing,,,2110,,,,50830,0
Q574360,Spasm,or,missing,,,2110,,,,50830,0
Q574360,Spasm,pa,missing,,,2110,,,,50830,0
Q574360,Spasm,sa,missing,,,2110,,,,50830,0
Q574360,Spasm,sat,missing,,,2110,,,,50830,0
Q574360,Spasm,sd,missing,,,2110,,,,50830,0
Q574360,Spasm,ta,missing,,,2110,,,,50830,0
Q574360,Spasm,tcy,missing,,,2110,,,,50830,0
Q574360,Spasm,te,missing,,,2110,,,,50830,0
Q574360,Spasm,ur,missing,,,2110,,,,50830,0
Q574491,Bruise,as,missing,,,13121,,,,93726,0
Q574491,Bruise,bh,missing,,,13121,,,,93726,0
Q574491,Bruise,bn,missing,,,13121,,,,93726,0
Q574491,Bruise,gom,missing,,,13121,,,,93726,0
Q574491,Bruise,gu,missing,,,13121,,,,93726,0
Q574491,Bruise,hi,stub,कुचलन,1268,13121,3800,0.097,2022-08-12 13:44:14,93726,72
Q574491,Bruise,kn,stub,ಮೂಗೇಟು,603,13121,2249,0.046,2026-03-25 12:15:21,93726,189
Q574491,Bruise,ks,missing,,,13121,,,,93726,0
Q574491,Bruise,mai,missing,,,13121,,,,93726,0
Q574491,Bruise,ml,missing,,,13121,,,,93726,0
Q574491,Bruise,mni,missing,,,13121,,,,93726,0
Q574491,Bruise,mr,missing,,,13121,,,,93726,0
Q574491,Bruise,ne,missing,,,13121,,,,93726,0
Q574491,Bruise,or,missing,,,13121,,,,93726,0
Q574491,Bruise,pa,partial,ਨੀਲ (ਸੱਟ),2792,13121,9369,0.213,2020-09-16 05:07:11,93726,153
Q574491,Bruise,sa,missing,,,13121,,,,93726,0
Q574491,Bruise,sat,missing,,,13121,,,,93726,0
Q574491,Bruise,sd,missing,,,13121,,,,93726,0
Q574491,Bruise,ta,stub,சிராய்ப்பு,820,13121,3466,0.062,2026-07-01 09:03:26,93726,454
Q574491,Bruise,tcy,missing,,,13121,,,,93726,0
Q574491,Bruise,te,missing,,,13121,,,,93726,0
Q574491,Bruise,ur,missing,,,13121,,,,93726,0
Q57751738,Coronavirus,as,missing,,,32826,,,,232309,0
Q57751738,Coronavirus,bh,stub,कोरोनावायरस,765,32826,4892,0.023,2025-03-09 05:39:20,232309,61
Q57751738,Coronavirus,bn,partial,করোনাভাইরাস,14814,32826,72925,0.451,2026-09-24 04:44:10,232309,3093
Q57751738,Coronavirus,gom,missing,,,32826,,,,232309,0
Q57751738,Coronavirus,gu,stub,કોરોનાવાયરસ,658,32826,6511,0.02,2024-11-14 13:37:09,232309,501
Q57751738,Coronavirus,hi,stub,कोरोनावायरस,3725,32826,21173,0.113,2024-02-18 18:10:30,232309,6506
Q57751738,Coronavirus,kn,good,ಕೊರೋನಾವೈರಸ್,18661,32826,68957,0.568,2026-08-07 07:03:08,232309,1432
Q57751738,Coronavirus,ks,stub,کورونا وایرس,1085,32826,3716,0.033,2026-04-24 18:01:27,232309,23
Q57751738,Coronavirus,mai,stub,कोरोना भाइरस,4544,32826,14843,0.138,2024-11-13 18:20:10,232309,82
Q57751738,Coronavirus,ml,partial,കൊറോണ വൈറസ്,5166,32826,20586,0.157,2026-06-09 16:16:36,232309,974
Q57751738,Coronavirus,mni,stub,ꯀꯣꯔꯣꯅꯥꯚꯥꯢꯔꯁ,120,32826,553,0.004,2025-12-13 00:05:42,232309,278
Q57751738,Coronavirus,mr,partial,कोरोनाव्हायरस,7290,32826,32128,0.222,2024-12-18 14:30:02,232309,2206
Q57751738,Coronavirus,ne,stub,कोरोना भाइरस,1506,32826,6727,0.046,2026-01-06 18:42:11,232309,262
Q57751738,Coronavirus,or,stub,କରୋନାଭୂତାଣୁ,2849,32826,15297,0.087,2024-11-12 22:25:46,232309,124
Q57751738,Coronavirus,pa,partial,ਕੋਰੋਨਾਵਾਇਰਸ,14366,32826,60076,0.438,2026-08-11 22:26:14,232309,118
Q57751738,Coronavirus,sa,stub,कोरोना-विषाणुः,3034,32826,9132,0.092,2020-04-10 16:54:42,232309,68
Q57751738,Coronavirus,sat,stub,ᱠᱚᱨᱳᱱᱟ ᱵᱷᱟᱭᱨᱟᱥ,2061,32826,7868,0.063,2024-11-13 20:48:59,232309,91
Q57751738,Coronavirus,sd,partial,ڪورونا وائرس,7047,32826,19526,0.215,2024-10-31 11:05:58,232309,108
Q57751738,Coronavirus,ta,stub,கொரோனா வைரசு,4190,32826,18708,0.128,2026-06-28 11:45:18,232309,1689
Q57751738,Coronavirus,tcy,partial,ಕೊರೋನಾ ವೈರಸ್‍,15953,32826,60345,0.486,2026-09-24 01:43:50,232309,315
Q57751738,Coronavirus,te,good,కరోనా వైరస్,32416,32826,132169,0.988,2026-05-24 08:36:53,232309,120
Q57751738,Coronavirus,ur,partial,کورونا وائرس,5140,32826,12747,0.157,2025-10-23 16:33:11,232309,631
Q58952,Hiccup,as,missing,,,10397,,,,127092,0
Q58952,Hiccup,bh,missing,,,10397,,,,127092,0
Q58952,Hiccup,bn,partial,হেঁচকি,2328,10397,15091,0.224,2024-12-12 20:24:37,127092,616
Q58952,Hiccup,gom,missing,,,10397,,,,127092,0
Q58952,Hiccup,gu,missing,,,10397,,,,127092,0
Q58952,Hiccup,hi,stub,हिचकी,609,10397,1719,0.059,2021-12-24 16:57:46,127092,190
Q58952,Hiccup,kn,partial,ಬಿಕ್ಕಳಿಕೆ,5122,10397,14615,0.493,2026-08-07 08:16:33,127092,324
Q58952,Hiccup,ks,missing,,,10397,,,,127092,0
Q58952,Hiccup,mai,missing,,,10397,,,,127092,0
Q58952,Hiccup,ml,stub,ഇക്കിൾ,1174,10397,4472,0.113,2023-08-09 22:05:20,127092,421
Q58952,Hiccup,mni,missing,,,10397,,,,127092,0
Q58952,Hiccup,mr,partial,उचकी,1722,10397,5562,0.166,2025-02-07 13:44:20,127092,2298
Q58952,Hiccup,ne,missing,,,10397,,,,127092,0
Q58952,Hiccup,or,partial,ହିକ୍କା,1644,10397,7787,0.158,2023-05-15 09:17:09,127092,65
Q58952,Hiccup,pa,missing,,,10397,,,,127092,0
Q58952,Hiccup,sa,stub,हिक्का,66,10397,522,0.006,2017-02-28 08:11:43,127092,65
Q58952,Hiccup,sat,missing,,,10397,,,,127092,0
Q58952,Hiccup,sd,good,هڏڪي,7008,10397,12271,0.674,2024-02-01 17:48:46,127092,203
Q58952,Hiccup,ta,partial,விக்கல்,4163,10397,17991,0.4,2022-10-22 19:51:50,127092,724
Q58952,Hiccup,tcy,missing,,,10397,,,,127092,0
Q58952,Hiccup,te,partial,ఎక్కిళ్ళు,2193,10397,6121,0.211,2021-07-11 16:21:10,127092,658
Q58952,Hiccup,ur,stub,ہچکی,239,10397,654,0.023,2025-05-14 10:35:07,127092,126
Q591305,Indian elephant,as,missing,,,19357,,,,108677,0
Q591305,Indian elephant,bh,missing,,,19357,,,,108677,0
Q591305,Indian elephant,bn,stub,ভারতীয় হাতি,1212,19357,8554,0.063,2026-09-22 16:53:36,108677,622
Q591305,Indian elephant,gom,missing,,,19357,,,,108677,0
Q591305,Indian elephant,gu,missing,,,19357,,,,108677,0
Q591305,Indian elephant,hi,stub,भारतीय हाथी,2637,19357,11544,0.136,2021-07-15 13:59:41,108677,427
Q591305,Indian elephant,kn,good,ಭಾರತದ ಆನೆ,12458,19357,45670,0.644,2026-09-16 16:57:27,108677,537
Q591305,Indian elephant,ks,missing,,,19357,,,,108677,0
Q591305,Indian elephant,mai,missing,,,19357,,,,108677,0
Q591305,Indian elephant,ml,stub,ഇന്ത്യൻ ആന,689,19357,3818,0.036,2021-09-05 01:40:49,108677,375
Q591305,Indian elephant,mni,missing,,,19357,,,,108677,0
Q591305,Indian elephant,mr,missing,,,19357,,,,108677,0
Q591305,Indian elephant,ne,partial,भारतीय हात्ती,4555,19357,20985,0.235,2026-09-26 09:22:22,108677,106
Q591305,Indian elephant,or,missing,,,19357,,,,108677,0
Q591305,Indian elephant,pa,missing,,,19357,,,,108677,0
Q591305,Indian elephant,sa,missing,,,19357,,,,108677,0
Q591305,Indian elephant,sat,missing,,,19357,,,,108677,0
Q591305,Indian elephant,sd,missing,,,19357,,,,108677,0
Q591305,Indian elephant,ta,partial,இந்திய யானை,6270,19357,26193,0.324,2026-06-15 00:08:46,108677,798
Q591305,Indian elephant,tcy,missing,,,19357,,,,108677,0
Q591305,Indian elephant,te,good,భారతీయ ఏనుగు,18101,19357,70446,0.935,2026-08-01 11:02:49,108677,105
Q591305,Indian elephant,ur,stub,ہندوستانی ہاتھی,267,19357,2119,0.014,2026-01-02 10:50:55,108677,69
Q608259,Trichotillomania,as,stub,ট্ৰিকোটিলোমেনিয়া,1045,17644,6159,0.059,2025-03-22 22:21:56,234468,46
Q608259,Trichotillomania,bh,missing,,,17644,,,,234468,0
Q608259,Trichotillomania,bn,good,চুল উপড়ানোর বাতিক,17024,17644,76124,0.965,2026-09-24 01:46:38,234468,201
Q608259,Trichotillomania,gom,missing,,,17644,,,,234468,0
Q608259,Trichotillomania,gu,missing,,,17644,,,,234468,0
Q608259,Trichotillomania,hi,missing,,,17644,,,,234468,0
Q608259,Trichotillomania,kn,missing,,,17644,,,,234468,0
Q608259,Trichotillomania,ks,missing,,,17644,,,,234468,0
Q608259,Trichotillomania,mai,missing,,,17644,,,,234468,0
Q608259,Trichotillomania,ml,missing,,,17644,,,,234468,0
Q608259,Trichotillomania,mni,missing,,,17644,,,,234468,0
Q608259,Trichotillomania,mr,missing,,,17644,,,,234468,0
Q608259,Trichotillomania,ne,missing,,,17644,,,,234468,0
Q608259,Trichotillomania,or,stub,ଟ୍ରିକୋଟିଲୋମାନିଆ,1387,17644,6267,0.079,2016-11-18 13:40:08,234468,64
Q608259,Trichotillomania,pa,missing,,,17644,,,,234468,0
Q608259,Trichotillomania,sa,missing,,,17644,,,,234468,0
Q608259,Trichotillomania,sat,missing,,,17644,,,,234468,0
Q608259,Trichotillomania,sd,missing,,,17644,,,,234468,0
Q608259,Trichotillomania,ta,missing,,,17644,,,,234468,0
Q608259,Trichotillomania,tcy,missing,,,17644,,,,234468,0
Q608259,Trichotillomania,te,stub,ట్రైకోటిల్లోమానియా,1422,17644,8405,0.081,2026-09-25 11:48:24,234468,0
Q608259,Trichotillomania,ur,missing,,,17644,,,,234468,0
Q60901,Public Distribution System (India),as,missing,,,37421,,,,27305,0
Q60901,Public Distribution System (India),bh,missing,,,37421,,,,27305,0
Q60901,Public Distribution System (India),bn,missing,,,37421,,,,27305,0
Q60901,Public Distribution System (India),gom,missing,,,37421,,,,27305,0
Q60901,Public Distribution System (India),gu,missing,,,37421,,,,27305,0
Q60901,Public Distribution System (India),hi,partial,सार्वजनिक वितरण प्रणाली,10954,37421,34551,0.293,2025-04-14 11:06:20,27305,5562
Q60901,Public Distribution System (India),kn,missing,,,37421,,,,27305,0
Q60901,Public Distribution System (India),ks,missing,,,37421,,,,27305,0
Q60901,Public Distribution System (India),mai,missing,,,37421,,,,27305,0
Q60901,Public Distribution System (India),ml,stub,ഇന്ത്യയിലെ പൊതുവിതരണസമ്പ്രദായം,958,37421,3153,0.026,2021-08-27 17:27:48,27305,230
Q60901,Public Distribution System (India),mni,missing,,,37421,,,,27305,0
Q60901,Public Distribution System (India),mr,missing,,,37421,,,,27305,0
Q60901,Public Distribution System (India),ne,missing,,,37421,,,,27305,0
Q60901,Public Distribution System (India),or,stub,ସାଧାରଣ ବଣ୍ଟନ ବ୍ୟବସ୍ଥା,1538,37421,5230,0.041,2023-10-09 07:35:39,27305,76
Q60901,Public Distribution System (India),pa,stub,ਜਨਤਕ ਵੰਡ ਪ੍ਰਣਾਲੀ,4998,37421,15729,0.134,2022-10-07 01:51:48,27305,312
Q60901,Public Distribution System (India),sa,missing,,,37421,,,,27305,0
Q60901,Public Distribution System (India),sat,missing,,,37421,,,,27305,0
Q60901,Public Distribution System (India),sd,missing,,,37421,,,,27305,0
Q60901,Public Distribution System (India),ta,stub,பொது விநியோக முறை,959,37421,2914,0.026,2026-03-07 09:48:31,27305,789
Q60901,Public Distribution System (India),tcy,missing,,,37421,,,,27305,0
Q60901,Public Distribution System (India),te,missing,,,37421,,,,27305,0
Q60901,Public Distribution System (India),ur,missing,,,37421,,,,27305,0
Q6097,Tea,as,stub,চাহ,4932,40799,18228,0.121,2026-08-26 01:05:38,387535,1040
Q6097,Tea,bh,partial,चाय,18842,40799,50717,0.462,2026-07-29 16:24:03,387535,453
Q6097,Tea,bn,partial,চা,9525,40799,43787,0.233,2026-07-12 19:00:37,387535,3806
Q6097,Tea,gom,missing,,,40799,,,,387535,0
Q6097,Tea,gu,good,ચા,54784,40799,187083,1.0,2026-09-24 01:24:31,387535,1212
Q6097,Tea,hi,stub,चाय,3501,40799,20682,0.086,2026-08-28 17:30:10,387535,5976
Q6097,Tea,kn,good,ಚಹಾ,72166,40799,247222,1.0,2026-09-24 13:51:49,387535,1427
Q6097,Tea,ks,stub,چاے,61,40799,256,0.001,2022-10-12 10:34:05,387535,119
Q6097,Tea,mai,stub,चाय,235,40799,1501,0.006,2025-11-16 11:01:29,387535,336
Q6097,Tea,ml,partial,ചായ,12819,40799,42195,0.314,2023-09-16 22:07:01,387535,1624
Q6097,Tea,mni,stub,ꯆꯥ (ꯃꯍꯤ),425,40799,1205,0.01,2025-06-13 02:03:31,387535,177
Q6097,Tea,mr,partial,चहा,9327,40799,27089,0.229,2026-03-15 07:46:58,387535,1368
Q6097,Tea,ne,stub,चिया,715,40799,3525,0.018,2026-09-26 03:28:16,387535,216
Q6097,Tea,or,partial,ଚା’,8202,40799,27365,0.201,2026-08-14 01:58:16,387535,196
Q6097,Tea,pa,stub,ਚਾਹ,348,40799,1579,0.009,2025-10-27 19:37:57,387535,248
Q6097,Tea,sa,stub,चायम्,1745,40799,6663,0.043,2023-09-30 20:31:06,387535,130
Q6097,Tea,sat,stub,ᱪᱟ,2159,40799,6855,0.053,2024-03-15 07:51:35,387535,91
Q6097,Tea,sd,partial,چانهہ,7702,40799,14795,0.189,2025-02-16 16:03:23,387535,80
Q6097,Tea,ta,partial,தேநீர்,9936,40799,29873,0.244,2026-07-10 08:07:46,387535,1124
Q6097,Tea,tcy,missing,,,40799,,,,387535,0
Q6097,Tea,te,partial,తేనీరు,6910,40799,20350,0.169,2026-09-08 03:39:29,387535,1319
Q6097,Tea,ur,stub,چائے,1356,40799,7229,0.033,2026-09-28 13:26:23,387535,973
Q61357997,Startup India,as,missing,,,3508,,,,20404,0
Q61357997,Startup India,bh,missing,,,3508,,,,20404,0
Q61357997,Startup India,bn,missing,,,3508,,,,20404,0
Q61357997,Startup India,gom,missing,,,3508,,,,20404,0
Q61357997,Startup India,gu,missing,,,3508,,,,20404,0
Q61357997,Startup India,hi,stub,स्टार्टप इण्डिया,205,3508,812,0.058,2025-07-08 08:47:12,20404,214
Q61357997,Startup India,kn,missing,,,3508,,,,20404,0
Q61357997,Startup India,ks,missing,,,3508,,,,20404,0
Q61357997,Startup India,mai,missing,,,3508,,,,20404,0
Q61357997,Startup India,ml,missing,,,3508,,,,20404,0
Q61357997,Startup India,mni,missing,,,3508,,,,20404,0
Q61357997,Startup India,mr,missing,,,3508,,,,20404,0
Q61357997,Startup India,ne,missing,,,3508,,,,20404,0
Q61357997,Startup India,or,missing,,,3508,,,,20404,0
Q61357997,Startup India,pa,missing,,,3508,,,,20404,0
Q61357997,Startup India,sa,missing,,,3508,,,,20404,0
Q61357997,Startup India,sat,missing,,,3508,,,,20404,0
Q61357997,Startup India,sd,missing,,,3508,,,,20404,0
Q61357997,Startup India,ta,missing,,,3508,,,,20404,0
Q61357997,Startup India,tcy,missing,,,3508,,,,20404,0
Q61357997,Startup India,te,missing,,,3508,,,,20404,0
Q61357997,Startup India,ur,missing,,,3508,,,,20404,0
Q61866751,Pradhan Mantri Kisan Samman Nidhi,as,good,প্ৰধানমন্ত্ৰী কিষাণ সন্মান নিধি,1760,1880,9664,0.936,2026-06-22 05:10:28,225087,71
Q61866751,Pradhan Mantri Kisan Samman Nidhi,bh,partial,पीएम किसान,818,1880,5027,0.435,2026-07-06 14:58:01,225087,224
Q61866751,Pradhan Mantri Kisan Samman Nidhi,bn,good,প্রধানমন্ত্রী কিষান সম্মান নিধি যোজনা,2538,1880,10759,1.0,2026-07-05 16:18:57,225087,5955
Q61866751,Pradhan Mantri Kisan Samman Nidhi,gom,missing,,,1880,,,,225087,0
Q61866751,Pradhan Mantri Kisan Samman Nidhi,gu,missing,,,1880,,,,225087,0
Q61866751,Pradhan Mantri Kisan Samman Nidhi,hi,good,प्रधानमंत्री किसान सम्मान निधि,1667,1880,10002,0.887,2025-08-10 05:26:19,225087,96352
Q61866751,Pradhan Mantri Kisan Samman Nidhi,kn,good,ಪ್ರಧಾನ ಮಂತ್ರಿ ಕಿಸಾನ್ ಸಮ್ಮಾನ್ ನಿಧಿ,1608,1880,13997,0.855,2026-03-24 21:30:29,225087,3419
Q61866751,Pradhan Mantri Kisan Samman Nidhi,ks,missing,,,1880,,,,225087,0
Q61866751,Pradhan Mantri Kisan Samman Nidhi,mai,missing,,,1880,,,,225087,0
Q61866751,Pradhan Mantri Kisan Samman Nidhi,ml,partial,പ്രധാനമന്ത്രി കിസാൻ സമ്മാൻ നിധി,516,1880,3025,0.274,2025-11-15 03:54:34,225087,2076
Q61866751,Pradhan Mantri Kisan Samman Nidhi,mni,missing,,,1880,,,,225087,0
Q61866751,Pradhan Mantri Kisan Samman Nidhi,mr,good,प्रधानमंत्री किसान सन्मान निधी योजना,2104,1880,6685,1.0,2026-02-18 19:28:10,225087,7938
Q61866751,Pradhan Mantri Kisan Samman Nidhi,ne,missing,,,1880,,,,225087,0
Q61866751,Pradhan Mantri Kisan Samman Nidhi,or,missing,,,1880,,,,225087,0
Q61866751,Pradhan Mantri Kisan Samman Nidhi,pa,missing,,,1880,,,,225087,0
Q61866751,Pradhan Mantri Kisan Samman Nidhi,sa,missing,,,1880,,,,225087,0
Q61866751,Pradhan Mantri Kisan Samman Nidhi,sat,missing,,,1880,,,,225087,0
Q61866751,Pradhan Mantri Kisan Samman Nidhi,sd,missing,,,1880,,,,225087,0
Q61866751,Pradhan Mantri Kisan Samman Nidhi,ta,good,பிரதான் மந்திரி கிசான் சம்மான் நிதி,1870,1880,9407,0.995,2026-06-18 15:48:05,225087,7904
Q61866751,Pradhan Mantri Kisan Samman Nidhi,tcy,missing,,,1880,,,,225087,0
Q61866751,Pradhan Mantri Kisan Samman Nidhi,te,good,ప్రధాన మంత్రి కిసాన్ సమ్మాన్ నిధి,1789,1880,11332,0.952,2026-03-03 15:57:50,225087,9859
Q61866751,Pradhan Mantri Kisan Samman Nidhi,ur,missing,,,1880,,,,225087,0
Q622527,Self-harm,as,missing,,,35180,,,,348132,0
Q622527,Self-harm,bh,missing,,,35180,,,,348132,0
Q622527,Self-harm,bn,missing,,,35180,,,,348132,0
Q622527,Self-harm,gom,missing,,,35180,,,,348132,0
Q622527,Self-harm,gu,missing,,,35180,,,,348132,0
Q622527,Self-harm,hi,stub,आत्मक्षति,3369,35180,19007,0.096,2026-07-03 11:33:58,348132,221
Q622527,Self-harm,kn,missing,,,35180,,,,348132,0
Q622527,Self-harm,ks,missing,,,35180,,,,348132,0
Q622527,Self-harm,mai,missing,,,35180,,,,348132,0
Q622527,Self-harm,ml,missing,,,35180,,,,348132,0
Q622527,Self-harm,mni,missing,,,35180,,,,348132,0
Q622527,Self-harm,mr,missing,,,35180,,,,348132,0
Q622527,Self-harm,ne,missing,,,35180,,,,348132,0
Q622527,Self-harm,or,stub,ଆତ୍ମହାନୀ,1805,35180,10010,0.051,2026-08-03 06:35:11,348132,54
Q622527,Self-harm,pa,stub,ਸਵੈ-ਹਾਨੀ,404,35180,1528,0.011,2016-10-14 05:29:26,348132,80
Q622527,Self-harm,sa,missing,,,35180,,,,348132,0
Q622527,Self-harm,sat,missing,,,35180,,,,348132,0
Q622527,Self-harm,sd,missing,,,35180,,,,348132,0
Q622527,Self-harm,ta,missing,,,35180,,,,348132,0
Q622527,Self-harm,tcy,missing,,,35180,,,,348132,0
Q622527,Self-harm,te,stub,స్వీయ నష్టం,1825,35180,9522,0.052,2026-09-24 20:42:20,348132,0
Q622527,Self-harm,ur,stub,خود زخم خوردگی,345,35180,3311,0.01,2026-07-18 03:58:17,348132,82
Q622604,Pyromania,as,missing,,,11465,,,,75698,0
Q622604,Pyromania,bh,missing,,,11465,,,,75698,0
Q622604,Pyromania,bn,missing,,,11465,,,,75698,0
Q622604,Pyromania,gom,missing,,,11465,,,,75698,0
Q622604,Pyromania,gu,missing,,,11465,,,,75698,0
Q622604,Pyromania,hi,missing,,,11465,,,,75698,0
Q622604,Pyromania,kn,missing,,,11465,,,,75698,0
Q622604,Pyromania,ks,missing,,,11465,,,,75698,0
Q622604,Pyromania,mai,missing,,,11465,,,,75698,0
Q622604,Pyromania,ml,missing,,,11465,,,,75698,0
Q622604,Pyromania,mni,missing,,,11465,,,,75698,0
Q622604,Pyromania,mr,missing,,,11465,,,,75698,0
Q622604,Pyromania,ne,missing,,,11465,,,,75698,0
Q622604,Pyromania,or,missing,,,11465,,,,75698,0
Q622604,Pyromania,pa,missing,,,11465,,,,75698,0
Q622604,Pyromania,sa,missing,,,11465,,,,75698,0
Q622604,Pyromania,sat,missing,,,11465,,,,75698,0
Q622604,Pyromania,sd,missing,,,11465,,,,75698,0
Q622604,Pyromania,ta,missing,,,11465,,,,75698,0
Q622604,Pyromania,tcy,missing,,,11465,,,,75698,0
Q622604,Pyromania,te,missing,,,11465,,,,75698,0
Q622604,Pyromania,ur,missing,,,11465,,,,75698,0
Q624497,Altitude sickness,as,missing,,,22109,,,,160859,0
Q624497,Altitude sickness,bh,missing,,,22109,,,,160859,0
Q624497,Altitude sickness,bn,good,উচ্চতাজনিত অসুস্থতা,20753,22109,86290,0.939,2025-10-13 19:20:18,160859,166
Q624497,Altitude sickness,gom,missing,,,22109,,,,160859,0
Q624497,Altitude sickness,gu,missing,,,22109,,,,160859,0
Q624497,Altitude sickness,hi,missing,,,22109,,,,160859,0
Q624497,Altitude sickness,kn,missing,,,22109,,,,160859,0
Q624497,Altitude sickness,ks,missing,,,22109,,,,160859,0
Q624497,Altitude sickness,mai,missing,,,22109,,,,160859,0
Q624497,Altitude sickness,ml,missing,,,22109,,,,160859,0
Q624497,Altitude sickness,mni,missing,,,22109,,,,160859,0
Q624497,Altitude sickness,mr,missing,,,22109,,,,160859,0
Q624497,Altitude sickness,ne,missing,,,22109,,,,160859,0
Q624497,Altitude sickness,or,stub,ଉଚ୍ଚତା ବେମାରୀ,2320,22109,13008,0.105,2026-09-02 17:16:53,160859,97
Q624497,Altitude sickness,pa,missing,,,22109,,,,160859,0
Q624497,Altitude sickness,sa,missing,,,22109,,,,160859,0
Q624497,Altitude sickness,sat,missing,,,22109,,,,160859,0
Q624497,Altitude sickness,sd,missing,,,22109,,,,160859,0
Q624497,Altitude sickness,ta,missing,,,22109,,,,160859,0
Q624497,Altitude sickness,tcy,missing,,,22109,,,,160859,0
Q624497,Altitude sickness,te,missing,,,22109,,,,160859,0
Q624497,Altitude sickness,ur,missing,,,22109,,,,160859,0
Q626608,Life insurance,as,missing,,,36275,,,,117925,0
Q626608,Life insurance,bh,missing,,,36275,,,,117925,0
Q626608,Life insurance,bn,stub,জীবন বীমা,1227,36275,3847,0.034,2024-11-27 06:53:09,117925,652
Q626608,Life insurance,gom,missing,,,36275,,,,117925,0
Q626608,Life insurance,gu,missing,,,36275,,,,117925,0
Q626608,Life insurance,hi,stub,जीवन बीमा,2667,36275,7539,0.074,2026-04-28 02:28:17,117925,1993
Q626608,Life insurance,kn,stub,ಜೀವ ವಿಮೆ,4685,36275,12909,0.129,2026-03-23 08:14:55,117925,842
Q626608,Life insurance,ks,missing,,,36275,,,,117925,0
Q626608,Life insurance,mai,missing,,,36275,,,,117925,0
Q626608,Life insurance,ml,missing,,,36275,,,,117925,0
Q626608,Life insurance,mni,missing,,,36275,,,,117925,0
Q626608,Life insurance,mr,partial,आयुर्विमा,6542,36275,18329,0.18,2024-09-14 08:37:12,117925,684
Q626608,Life insurance,ne,stub,जीवन बीमा,2243,36275,6459,0.062,2024-05-09 10:51:09,117925,366
Q626608,Life insurance,or,missing,,,36275,,,,117925,0
Q626608,Life insurance,pa,missing,,,36275,,,,117925,0
Q626608,Life insurance,sa,missing,,,36275,,,,117925,0
Q626608,Life insurance,sat,missing,,,36275,,,,117925,0
Q626608,Life insurance,sd,missing,,,36275,,,,117925,0
Q626608,Life insurance,ta,missing,,,36275,,,,117925,0
Q626608,Life insurance,tcy,missing,,,36275,,,,117925,0
Q626608,Life insurance,te,stub,జీవిత బీమా,1688,36275,7377,0.047,2026-01-22 06:58:48,117925,1065
Q626608,Life insurance,ur,missing,,,36275,,,,117925,0
Q62736,Osteoarthritis,as,missing,,,35201,,,,323643,0
Q62736,Osteoarthritis,bh,missing,,,35201,,,,323643,0
Q62736,Osteoarthritis,bn,stub,অস্টিওআর্থ্রাইটিস,2196,35201,13143,0.062,2025-08-11 19:45:19,323643,1458
Q62736,Osteoarthritis,gom,missing,,,35201,,,,323643,0
Q62736,Osteoarthritis,gu,missing,,,35201,,,,323643,0
Q62736,Osteoarthritis,hi,stub,अस्थिसंध्यार्ति,1521,35201,4612,0.043,2021-01-19 07:18:07,323643,135
Q62736,Osteoarthritis,kn,good,ಅಸ್ಥಿ ಸಂಧಿವಾತ,24464,35201,93025,0.695,2026-08-07 16:27:40,323643,321
Q62736,Osteoarthritis,ks,missing,,,35201,,,,323643,0
Q62736,Osteoarthritis,mai,missing,,,35201,,,,323643,0
Q62736,Osteoarthritis,ml,missing,,,35201,,,,323643,0
Q62736,Osteoarthritis,mni,missing,,,35201,,,,323643,0
Q62736,Osteoarthritis,mr,missing,,,35201,,,,323643,0
Q62736,Osteoarthritis,ne,missing,,,35201,,,,323643,0
Q62736,Osteoarthritis,or,partial,ଓଷ୍ଟିଓଆର୍ଥ୍ରାଇଟିସ,8821,35201,46109,0.251,2026-08-02 18:23:43,323643,127
Q62736,Osteoarthritis,pa,missing,,,35201,,,,323643,0
Q62736,Osteoarthritis,sa,missing,,,35201,,,,323643,0
Q62736,Osteoarthritis,sat,missing,,,35201,,,,323643,0
Q62736,Osteoarthritis,sd,missing,,,35201,,,,323643,0
Q62736,Osteoarthritis,ta,stub,முதுமை மூட்டழற்சி,2290,35201,10782,0.065,2022-10-16 12:06:36,323643,597
Q62736,Osteoarthritis,tcy,missing,,,35201,,,,323643,0
Q62736,Osteoarthritis,te,stub,ఆస్టియో ఆర్థరైటిస్,2607,35201,19056,0.074,2026-09-24 12:36:11,323643,0
Q62736,Osteoarthritis,ur,stub,اوسٹیوآرتھرائٹس,133,35201,684,0.004,2026-07-13 19:18:27,323643,84
Q632559,Pigeon pea,as,missing,,,20937,,,,120781,0
Q632559,Pigeon pea,bh,missing,,,20937,,,,120781,0
Q632559,Pigeon pea,bn,stub,অড়হর,1821,20937,12065,0.087,2025-11-23 19:21:26,120781,2386
Q632559,Pigeon pea,gom,missing,,,20937,,,,120781,0
Q632559,Pigeon pea,gu,partial,તુવેર,3865,20937,12272,0.185,2025-08-13 10:18:28,120781,658
Q632559,Pigeon pea,hi,partial,अरहर दाल,3909,20937,13315,0.187,2026-01-11 11:44:40,120781,6854
Q632559,Pigeon pea,kn,stub,ತೊಗರಿ ಕಾಳು,298,20937,1061,0.014,2026-03-23 22:11:29,120781,987
Q632559,Pigeon pea,ks,missing,,,20937,,,,120781,0
Q632559,Pigeon pea,mai,stub,अरहर दाल,84,20937,480,0.004,2016-12-15 07:40:22,120781,36
Q632559,Pigeon pea,ml,stub,തുവര,1423,20937,6368,0.068,2025-09-20 04:26:03,120781,1102
Q632559,Pigeon pea,mni,missing,,,20937,,,,120781,0
Q632559,Pigeon pea,mr,stub,तूर,1666,20937,4604,0.08,2023-02-04 15:35:58,120781,1700
Q632559,Pigeon pea,ne,stub,रहर (दाल),21,20937,988,0.001,2026-07-31 11:02:19,120781,7
Q632559,Pigeon pea,or,missing,,,20937,,,,120781,0
Q632559,Pigeon pea,pa,partial,ਅਰਹਰ,5791,20937,18268,0.277,2024-07-25 11:11:52,120781,212
Q632559,Pigeon pea,sa,stub,तुवरी,1852,20937,6980,0.088,2024-02-22 20:51:10,120781,73
Q632559,Pigeon pea,sat,missing,,,20937,,,,120781,0
Q632559,Pigeon pea,sd,missing,,,20937,,,,120781,0
Q632559,Pigeon pea,ta,stub,துவரை,378,20937,2272,0.018,2025-11-15 20:05:40,120781,1140
Q632559,Pigeon pea,tcy,missing,,,20937,,,,120781,0
Q632559,Pigeon pea,te,stub,కందులు,2020,20937,8301,0.096,2024-07-05 18:42:43,120781,954
Q632559,Pigeon pea,ur,stub,ارہر,131,20937,409,0.006,2022-09-03 17:36:33,120781,98
Q640285,Time deposit,as,missing,,,2378,,,,13794,0
Q640285,Time deposit,bh,missing,,,2378,,,,13794,0
Q640285,Time deposit,bn,missing,,,2378,,,,13794,0
Q640285,Time deposit,gom,missing,,,2378,,,,13794,0
Q640285,Time deposit,gu,missing,,,2378,,,,13794,0
Q640285,Time deposit,hi,partial,सावधि जमा,871,2378,2783,0.366,2025-04-02 18:08:13,13794,2845
Q640285,Time deposit,kn,missing,,,2378,,,,13794,0
Q640285,Time deposit,ks,missing,,,2378,,,,13794,0
Q640285,Time deposit,mai,missing,,,2378,,,,13794,0
Q640285,Time deposit,ml,missing,,,2378,,,,13794,0
Q640285,Time deposit,mni,missing,,,2378,,,,13794,0
Q640285,Time deposit,mr,good,मुदत ठेव,3286,2378,8940,1.0,2024-09-09 23:12:48,13794,615
Q640285,Time deposit,ne,good,मुद्दती खाता,1538,2378,4296,0.647,2025-04-25 21:23:30,13794,232
Q640285,Time deposit,or,missing,,,2378,,,,13794,0
Q640285,Time deposit,pa,missing,,,2378,,,,13794,0
Q640285,Time deposit,sa,missing,,,2378,,,,13794,0
Q640285,Time deposit,sat,missing,,,2378,,,,13794,0
Q640285,Time deposit,sd,missing,,,2378,,,,13794,0
Q640285,Time deposit,ta,partial,வங்கி நிலை வைப்புக் கணக்கு,987,2378,2854,0.415,2024-09-30 16:12:22,13794,411
Q640285,Time deposit,tcy,missing,,,2378,,,,13794,0
Q640285,Time deposit,te,missing,,,2378,,,,13794,0
Q640285,Time deposit,ur,missing,,,2378,,,,13794,0
Q6416396,Kisan Credit Card,as,missing,,,1307,,,,7440,0
Q6416396,Kisan Credit Card,bh,missing,,,1307,,,,7440,0
Q6416396,Kisan Credit Card,bn,missing,,,1307,,,,7440,0
Q6416396,Kisan Credit Card,gom,missing,,,1307,,,,7440,0
Q6416396,Kisan Credit Card,gu,missing,,,1307,,,,7440,0
Q6416396,Kisan Credit Card,hi,good,किसान क्रेडिट कार्ड,1648,1307,6518,1.0,2026-02-22 03:24:17,7440,10987
Q6416396,Kisan Credit Card,kn,missing,,,1307,,,,7440,0
Q6416396,Kisan Credit Card,ks,missing,,,1307,,,,7440,0
Q6416396,Kisan Credit Card,mai,missing,,,1307,,,,7440,0
Q6416396,Kisan Credit Card,ml,good,കിസാൻ ക്രെഡിറ്റ് കാർഡ് പദ്ധതി,1322,1307,3847,1.0,2015-12-02 17:19:04,7440,370
Q6416396,Kisan Credit Card,mni,missing,,,1307,,,,7440,0
Q6416396,Kisan Credit Card,mr,partial,किसान क्रेडिट कार्ड,436,1307,1820,0.334,2023-02-07 05:01:56,7440,768
Q6416396,Kisan Credit Card,ne,missing,,,1307,,,,7440,0
Q6416396,Kisan Credit Card,or,missing,,,1307,,,,7440,0
Q6416396,Kisan Credit Card,pa,good,ਕਿਸਾਨ ਕ੍ਰੈਡਿਟ ਕਾਰਡ,1179,1307,3212,0.902,2026-02-08 09:57:06,7440,68
Q6416396,Kisan Credit Card,sa,missing,,,1307,,,,7440,0
Q6416396,Kisan Credit Card,sat,missing,,,1307,,,,7440,0
Q6416396,Kisan Credit Card,sd,missing,,,1307,,,,7440,0
Q6416396,Kisan Credit Card,ta,good,கிசான் கடன் அட்டை,1532,1307,4609,1.0,2025-03-17 06:00:19,7440,1949
Q6416396,Kisan Credit Card,tcy,missing,,,1307,,,,7440,0
Q6416396,Kisan Credit Card,te,missing,,,1307,,,,7440,0
Q6416396,Kisan Credit Card,ur,missing,,,1307,,,,7440,0
Q644318,Vasculitis,as,missing,,,7740,,,,320021,0
Q644318,Vasculitis,bh,missing,,,7740,,,,320021,0
Q644318,Vasculitis,bn,partial,ভ্যাসকুলাইটিস,1428,7740,5885,0.184,2023-11-22 05:05:37,320021,144
Q644318,Vasculitis,gom,missing,,,7740,,,,320021,0
Q644318,Vasculitis,gu,missing,,,7740,,,,320021,0
Q644318,Vasculitis,hi,missing,,,7740,,,,320021,0
Q644318,Vasculitis,kn,missing,,,7740,,,,320021,0
Q644318,Vasculitis,ks,missing,,,7740,,,,320021,0
Q644318,Vasculitis,mai,missing,,,7740,,,,320021,0
Q644318,Vasculitis,ml,missing,,,7740,,,,320021,0
Q644318,Vasculitis,mni,missing,,,7740,,,,320021,0
Q644318,Vasculitis,mr,missing,,,7740,,,,320021,0
Q644318,Vasculitis,ne,missing,,,7740,,,,320021,0
Q644318,Vasculitis,or,partial,ଭାସ୍କୁଲାଇଟିସ,1649,7740,8754,0.213,2024-10-25 19:46:19,320021,39
Q644318,Vasculitis,pa,missing,,,7740,,,,320021,0
Q644318,Vasculitis,sa,missing,,,7740,,,,320021,0
Q644318,Vasculitis,sat,missing,,,7740,,,,320021,0
Q644318,Vasculitis,sd,missing,,,7740,,,,320021,0
Q644318,Vasculitis,ta,stub,நாள அழற்சி,500,7740,2500,0.065,2013-08-18 11:22:53,320021,85
Q644318,Vasculitis,tcy,missing,,,7740,,,,320021,0
Q644318,Vasculitis,te,partial,వాస్కులైటిస్,1605,7740,10029,0.207,2026-09-24 18:03:08,320021,0
Q644318,Vasculitis,ur,missing,,,7740,,,,320021,0
Q64513386,Bulimia,as,missing,,,31071,,,,90835,0
Q64513386,Bulimia,bh,missing,,,31071,,,,90835,0
Q64513386,Bulimia,bn,missing,,,31071,,,,90835,0
Q64513386,Bulimia,gom,missing,,,31071,,,,90835,0
Q64513386,Bulimia,gu,missing,,,31071,,,,90835,0
Q64513386,Bulimia,hi,stub,बुलिमिया नर्वोसा,2762,31071,16126,0.089,2026-09-24 08:30:21,90835,35
Q64513386,Bulimia,kn,missing,,,31071,,,,90835,0
Q64513386,Bulimia,ks,missing,,,31071,,,,90835,0
Q64513386,Bulimia,mai,missing,,,31071,,,,90835,0
Q64513386,Bulimia,ml,missing,,,31071,,,,90835,0
Q64513386,Bulimia,mni,missing,,,31071,,,,90835,0
Q64513386,Bulimia,mr,missing,,,31071,,,,90835,0
Q64513386,Bulimia,ne,missing,,,31071,,,,90835,0
Q64513386,Bulimia,or,stub,ବୁଲିମିଆ ନର୍ଭୋସା,2173,31071,10406,0.07,2026-08-02 19:22:51,90835,67
Q64513386,Bulimia,pa,missing,,,31071,,,,90835,0
Q64513386,Bulimia,sa,missing,,,31071,,,,90835,0
Q64513386,Bulimia,sat,missing,,,31071,,,,90835,0
Q64513386,Bulimia,sd,missing,,,31071,,,,90835,0
Q64513386,Bulimia,ta,missing,,,31071,,,,90835,0
Q64513386,Bulimia,tcy,missing,,,31071,,,,90835,0
Q64513386,Bulimia,te,stub,బులిమియా నెర్వోసా,4422,31071,17468,0.142,2026-02-24 08:59:31,90835,69
Q64513386,Bulimia,ur,missing,,,31071,,,,90835,0
Q6452285,Ulcer (dermatology),as,missing,,,7391,,,,85456,0
Q6452285,Ulcer (dermatology),bh,missing,,,7391,,,,85456,0
Q6452285,Ulcer (dermatology),bn,missing,,,7391,,,,85456,0
Q6452285,Ulcer (dermatology),gom,missing,,,7391,,,,85456,0
Q6452285,Ulcer (dermatology),gu,missing,,,7391,,,,85456,0
Q6452285,Ulcer (dermatology),hi,good,व्रण,5892,7391,13665,0.797,2020-08-05 23:12:04,85456,580
Q6452285,Ulcer (dermatology),kn,missing,,,7391,,,,85456,0
Q6452285,Ulcer (dermatology),ks,missing,,,7391,,,,85456,0
Q6452285,Ulcer (dermatology),mai,missing,,,7391,,,,85456,0
Q6452285,Ulcer (dermatology),ml,stub,തൊലിയിലെ അൾസർ,728,7391,2954,0.098,2014-03-19 16:38:52,85456,62
Q6452285,Ulcer (dermatology),mni,missing,,,7391,,,,85456,0
Q6452285,Ulcer (dermatology),mr,missing,,,7391,,,,85456,0
Q6452285,Ulcer (dermatology),ne,missing,,,7391,,,,85456,0
Q6452285,Ulcer (dermatology),or,missing,,,7391,,,,85456,0
Q6452285,Ulcer (dermatology),pa,missing,,,7391,,,,85456,0
Q6452285,Ulcer (dermatology),sa,missing,,,7391,,,,85456,0
Q6452285,Ulcer (dermatology),sat,missing,,,7391,,,,85456,0
Q6452285,Ulcer (dermatology),sd,missing,,,7391,,,,85456,0
Q6452285,Ulcer (dermatology),ta,missing,,,7391,,,,85456,0
Q6452285,Ulcer (dermatology),tcy,missing,,,7391,,,,85456,0
Q6452285,Ulcer (dermatology),te,missing,,,7391,,,,85456,0
Q6452285,Ulcer (dermatology),ur,missing,,,7391,,,,85456,0
Q647099,Hemoptysis,as,missing,,,5094,,,,113990,0
Q647099,Hemoptysis,bh,missing,,,5094,,,,113990,0
Q647099,Hemoptysis,bn,good,রক্তকাশি,2584,5094,10163,0.507,2024-02-27 02:43:53,113990,2007
Q647099,Hemoptysis,gom,missing,,,5094,,,,113990,0
Q647099,Hemoptysis,gu,missing,,,5094,,,,113990,0
Q647099,Hemoptysis,hi,missing,,,5094,,,,113990,0
Q647099,Hemoptysis,kn,missing,,,5094,,,,113990,0
Q647099,Hemoptysis,ks,missing,,,5094,,,,113990,0
Q647099,Hemoptysis,mai,missing,,,5094,,,,113990,0
Q647099,Hemoptysis,ml,missing,,,5094,,,,113990,0
Q647099,Hemoptysis,mni,missing,,,5094,,,,113990,0
Q647099,Hemoptysis,mr,missing,,,5094,,,,113990,0
Q647099,Hemoptysis,ne,missing,,,5094,,,,113990,0
Q647099,Hemoptysis,or,partial,ହେମୋପ୍ଟିସିସ,1131,5094,6449,0.222,2023-02-13 00:14:48,113990,57
Q647099,Hemoptysis,pa,missing,,,5094,,,,113990,0
Q647099,Hemoptysis,sa,missing,,,5094,,,,113990,0
Q647099,Hemoptysis,sat,missing,,,5094,,,,113990,0
Q647099,Hemoptysis,sd,missing,,,5094,,,,113990,0
Q647099,Hemoptysis,ta,missing,,,5094,,,,113990,0
Q647099,Hemoptysis,tcy,missing,,,5094,,,,113990,0
Q647099,Hemoptysis,te,missing,,,5094,,,,113990,0
Q647099,Hemoptysis,ur,stub,نفث الدم,564,5094,2157,0.111,2025-05-04 12:05:52,113990,100
Q649717,Sunburn,as,missing,,,22809,,,,74071,0
Q649717,Sunburn,bh,missing,,,22809,,,,74071,0
Q649717,Sunburn,bn,missing,,,22809,,,,74071,0
Q649717,Sunburn,gom,missing,,,22809,,,,74071,0
Q649717,Sunburn,gu,missing,,,22809,,,,74071,0
Q649717,Sunburn,hi,stub,सनबर्न,1354,22809,4899,0.059,2026-07-09 20:45:20,74071,72
Q649717,Sunburn,kn,missing,,,22809,,,,74071,0
Q649717,Sunburn,ks,missing,,,22809,,,,74071,0
Q649717,Sunburn,mai,missing,,,22809,,,,74071,0
Q649717,Sunburn,ml,stub,സൂര്യാഘാതം,1639,22809,5481,0.072,2022-10-07 08:23:54,74071,983
Q649717,Sunburn,mni,missing,,,22809,,,,74071,0
Q649717,Sunburn,mr,missing,,,22809,,,,74071,0
Q649717,Sunburn,ne,missing,,,22809,,,,74071,0
Q649717,Sunburn,or,stub,ଆତପଦାହ,1346,22809,6682,0.059,2023-02-13 00:19:29,74071,68
Q649717,Sunburn,pa,missing,,,22809,,,,74071,0
Q649717,Sunburn,sa,missing,,,22809,,,,74071,0
Q649717,Sunburn,sat,missing,,,22809,,,,74071,0
Q649717,Sunburn,sd,missing,,,22809,,,,74071,0
Q649717,Sunburn,ta,partial,சதிர்க்குரு,5227,22809,18885,0.229,2025-12-03 04:44:49,74071,138
Q649717,Sunburn,tcy,missing,,,22809,,,,74071,0
Q649717,Sunburn,te,missing,,,22809,,,,74071,0
Q649717,Sunburn,ur,missing,,,22809,,,,74071,0
Q65049774,Chandrayaan-3,as,partial,চন্দ্ৰযান-৩,5680,29450,30110,0.193,2025-09-05 19:49:00,305560,873
Q65049774,Chandrayaan-3,bh,partial,चंद्रयान-3,5399,29450,32247,0.183,2026-03-25 03:11:03,305560,1937
Q65049774,Chandrayaan-3,bn,partial,চন্দ্রযান-৩,10841,29450,63325,0.368,2025-10-30 02:33:54,305560,3539
Q65049774,Chandrayaan-3,gom,stub,चंद्रयान-३,847,29450,5390,0.029,2025-09-01 07:26:12,305560,112
Q65049774,Chandrayaan-3,gu,partial,ચંદ્રયાન-૩,6782,29450,43612,0.23,2024-03-11 05:10:02,305560,1569
Q65049774,Chandrayaan-3,hi,partial,चंद्रयान-3,5753,29450,44312,0.195,2026-07-10 06:28:33,305560,27704
Q65049774,Chandrayaan-3,kn,stub,ಚಂದ್ರಯಾನ-೩,2324,29450,17031,0.079,2026-03-23 03:21:04,305560,2869
Q65049774,Chandrayaan-3,ks,stub,چنٛدریان-۳,1040,29450,8318,0.035,2026-07-18 18:00:56,305560,101
Q65049774,Chandrayaan-3,mai,stub,चन्द्रयान-३,942,29450,8717,0.032,2023-12-04 18:10:13,305560,162
Q65049774,Chandrayaan-3,ml,stub,ചന്ദ്രയാൻ-3,1822,29450,12120,0.062,2025-12-04 09:35:09,305560,4553
Q65049774,Chandrayaan-3,mni,missing,,,29450,,,,305560,0
Q65049774,Chandrayaan-3,mr,stub,चंद्रयान ३,4258,29450,24607,0.145,2026-01-05 17:52:29,305560,5362
Q65049774,Chandrayaan-3,ne,stub,चन्द्रयान-३,3521,29450,26907,0.12,2026-09-26 03:16:44,305560,171
Q65049774,Chandrayaan-3,or,stub,ଚନ୍ଦ୍ରଯାନ-୩,2777,29450,14216,0.094,2025-09-02 12:05:01,305560,794
Q65049774,Chandrayaan-3,pa,stub,ਚੰਦ੍ਰਯਾਨ-3,650,29450,11141,0.022,2025-06-17 11:45:53,305560,237
Q65049774,Chandrayaan-3,sa,partial,चन्द्रयानम् ३,13383,29450,68516,0.454,2026-01-17 15:13:04,305560,125
Q65049774,Chandrayaan-3,sat,partial,ᱪᱚᱱᱫᱽᱨᱚᱭᱟᱱ-᱓,5649,29450,28081,0.192,2025-09-04 05:45:22,305560,160
Q65049774,Chandrayaan-3,sd,missing,,,29450,,,,305560,0
Q65049774,Chandrayaan-3,ta,good,சந்திரயான்-3,24792,29450,119345,0.842,2026-09-20 14:27:39,305560,4293
Q65049774,Chandrayaan-3,tcy,stub,ಚಂದ್ರಯಾನ ೩,3183,29450,15049,0.108,2025-11-08 05:09:51,305560,353
Q65049774,Chandrayaan-3,te,partial,చంద్రయాన్-3,13924,29450,72449,0.473,2026-06-16 07:12:26,305560,3223
Q65049774,Chandrayaan-3,ur,stub,چندریان-3,3482,29450,26076,0.118,2026-07-03 17:26:34,305560,861
Q65090154,Pradhan Mantri Fasal Bima Yojana,as,missing,,,9923,,,,79473,0
Q65090154,Pradhan Mantri Fasal Bima Yojana,bh,missing,,,9923,,,,79473,0
Q65090154,Pradhan Mantri Fasal Bima Yojana,bn,good,প্রধানমন্ত্রী ফসল বীমা যোজনা,5373,9923,16164,0.541,2026-07-05 16:21:14,79473,1518
Q65090154,Pradhan Mantri Fasal Bima Yojana,gom,missing,,,9923,,,,79473,0
Q65090154,Pradhan Mantri Fasal Bima Yojana,gu,missing,,,9923,,,,79473,0
Q65090154,Pradhan Mantri Fasal Bima Yojana,hi,missing,,,9923,,,,79473,0
Q65090154,Pradhan Mantri Fasal Bima Yojana,kn,missing,,,9923,,,,79473,0
Q65090154,Pradhan Mantri Fasal Bima Yojana,ks,missing,,,9923,,,,79473,0
Q65090154,Pradhan Mantri Fasal Bima Yojana,mai,missing,,,9923,,,,79473,0
Q65090154,Pradhan Mantri Fasal Bima Yojana,ml,missing,,,9923,,,,79473,0
Q65090154,Pradhan Mantri Fasal Bima Yojana,mni,missing,,,9923,,,,79473,0
Q65090154,Pradhan Mantri Fasal Bima Yojana,mr,missing,,,9923,,,,79473,0
Q65090154,Pradhan Mantri Fasal Bima Yojana,ne,missing,,,9923,,,,79473,0
Q65090154,Pradhan Mantri Fasal Bima Yojana,or,missing,,,9923,,,,79473,0
Q65090154,Pradhan Mantri Fasal Bima Yojana,pa,missing,,,9923,,,,79473,0
Q65090154,Pradhan Mantri Fasal Bima Yojana,sa,missing,,,9923,,,,79473,0
Q65090154,Pradhan Mantri Fasal Bima Yojana,sat,missing,,,9923,,,,79473,0
Q65090154,Pradhan Mantri Fasal Bima Yojana,sd,missing,,,9923,,,,79473,0
Q65090154,Pradhan Mantri Fasal Bima Yojana,ta,missing,,,9923,,,,79473,0
Q65090154,Pradhan Mantri Fasal Bima Yojana,tcy,missing,,,9923,,,,79473,0
Q65090154,Pradhan Mantri Fasal Bima Yojana,te,missing,,,9923,,,,79473,0
Q65090154,Pradhan Mantri Fasal Bima Yojana,ur,missing,,,9923,,,,79473,0
Q653197,Rash,as,missing,,,3772,,,,56523,0
Q653197,Rash,bh,missing,,,3772,,,,56523,0
Q653197,Rash,bn,missing,,,3772,,,,56523,0
Q653197,Rash,gom,missing,,,3772,,,,56523,0
Q653197,Rash,gu,missing,,,3772,,,,56523,0
Q653197,Rash,hi,missing,,,3772,,,,56523,0
Q653197,Rash,kn,good,ದದ್ದು,1915,3772,5605,0.508,2026-03-23 23:03:29,56523,223
Q653197,Rash,ks,missing,,,3772,,,,56523,0
Q653197,Rash,mai,missing,,,3772,,,,56523,0
Q653197,Rash,ml,missing,,,3772,,,,56523,0
Q653197,Rash,mni,missing,,,3772,,,,56523,0
Q653197,Rash,mr,missing,,,3772,,,,56523,0
Q653197,Rash,ne,missing,,,3772,,,,56523,0
Q653197,Rash,or,missing,,,3772,,,,56523,0
Q653197,Rash,pa,missing,,,3772,,,,56523,0
Q653197,Rash,sa,missing,,,3772,,,,56523,0
Q653197,Rash,sat,missing,,,3772,,,,56523,0
Q653197,Rash,sd,missing,,,3772,,,,56523,0
Q653197,Rash,ta,missing,,,3772,,,,56523,0
Q653197,Rash,tcy,missing,,,3772,,,,56523,0
Q653197,Rash,te,missing,,,3772,,,,56523,0
Q653197,Rash,ur,missing,,,3772,,,,56523,0
Q653200,Flat feet,as,missing,,,12845,,,,74154,0
Q653200,Flat feet,bh,missing,,,12845,,,,74154,0
Q653200,Flat feet,bn,missing,,,12845,,,,74154,0
Q653200,Flat feet,gom,missing,,,12845,,,,74154,0
Q653200,Flat feet,gu,missing,,,12845,,,,74154,0
Q653200,Flat feet,hi,missing,,,12845,,,,74154,0
Q653200,Flat feet,kn,missing,,,12845,,,,74154,0
Q653200,Flat feet,ks,missing,,,12845,,,,74154,0
Q653200,Flat feet,mai,missing,,,12845,,,,74154,0
Q653200,Flat feet,ml,missing,,,12845,,,,74154,0
Q653200,Flat feet,mni,missing,,,12845,,,,74154,0
Q653200,Flat feet,mr,missing,,,12845,,,,74154,0
Q653200,Flat feet,ne,missing,,,12845,,,,74154,0
Q653200,Flat feet,or,missing,,,12845,,,,74154,0
Q653200,Flat feet,pa,missing,,,12845,,,,74154,0
Q653200,Flat feet,sa,missing,,,12845,,,,74154,0
Q653200,Flat feet,sat,missing,,,12845,,,,74154,0
Q653200,Flat feet,sd,missing,,,12845,,,,74154,0
Q653200,Flat feet,ta,partial,தட்டைப் பாதங்கள்,2042,12845,7233,0.159,2025-07-22 14:13:04,74154,145
Q653200,Flat feet,tcy,missing,,,12845,,,,74154,0
Q653200,Flat feet,te,missing,,,12845,,,,74154,0
Q653200,Flat feet,ur,missing,,,12845,,,,74154,0
Q66055,Fraction,as,partial,ভগ্নাংশ (গণিত),23745,50754,49307,0.468,2026-08-25 22:58:39,106441,1912
Q66055,Fraction,bh,missing,,,50754,,,,106441,0
Q66055,Fraction,bn,stub,ভগ্নাংশ,1764,50754,4906,0.035,2023-08-16 10:42:25,106441,694
Q66055,Fraction,gom,missing,,,50754,,,,106441,0
Q66055,Fraction,gu,missing,,,50754,,,,106441,0
Q66055,Fraction,hi,stub,भिन्न,4794,50754,13878,0.094,2024-10-20 03:17:57,106441,2688
Q66055,Fraction,kn,stub,ಭಿನ್ನಾಂಕ,1034,50754,2874,0.02,2026-03-25 06:24:31,106441,263
Q66055,Fraction,ks,missing,,,50754,,,,106441,0
Q66055,Fraction,mai,missing,,,50754,,,,106441,0
Q66055,Fraction,ml,stub,ഭിന്നസംഖ്യ,1286,50754,3469,0.025,2024-02-09 07:23:42,106441,1540
Q66055,Fraction,mni,missing,,,50754,,,,106441,0
Q66055,Fraction,mr,missing,,,50754,,,,106441,0
Q66055,Fraction,ne,missing,,,50754,,,,106441,0
Q66055,Fraction,or,missing,,,50754,,,,106441,0
Q66055,Fraction,pa,missing,,,50754,,,,106441,0
Q66055,Fraction,sa,missing,,,50754,,,,106441,0
Q66055,Fraction,sat,missing,,,50754,,,,106441,0
Q66055,Fraction,sd,missing,,,50754,,,,106441,0
Q66055,Fraction,ta,good,பின்னம்,28405,50754,63441,0.56,2026-09-11 07:53:42,106441,3040
Q66055,Fraction,tcy,missing,,,50754,,,,106441,0
Q66055,Fraction,te,partial,భిన్నం,17663,50754,50771,0.348,2026-06-22 23:11:28,106441,579
Q66055,Fraction,ur,stub,کسر (ریاضی),265,50754,859,0.005,2022-09-12 11:17:09,106441,382
Q66809767,"Consumer Protection Act, 2019",as,missing,,,3380,,,,26754,0
Q66809767,"Consumer Protection Act, 2019",bh,missing,,,3380,,,,26754,0
Q66809767,"Consumer Protection Act, 2019",bn,missing,,,3380,,,,26754,0
Q66809767,"Consumer Protection Act, 2019",gom,missing,,,3380,,,,26754,0
Q66809767,"Consumer Protection Act, 2019",gu,missing,,,3380,,,,26754,0
Q66809767,"Consumer Protection Act, 2019",hi,good,उपभोक्ता संरक्षण अधिनियम 2019,4467,3380,11335,1.0,2026-02-18 12:19:44,26754,7111
Q66809767,"Consumer Protection Act, 2019",kn,missing,,,3380,,,,26754,0
Q66809767,"Consumer Protection Act, 2019",ks,missing,,,3380,,,,26754,0
Q66809767,"Consumer Protection Act, 2019",mai,missing,,,3380,,,,26754,0
Q66809767,"Consumer Protection Act, 2019",ml,missing,,,3380,,,,26754,0
Q66809767,"Consumer Protection Act, 2019",mni,missing,,,3380,,,,26754,0
Q66809767,"Consumer Protection Act, 2019",mr,missing,,,3380,,,,26754,0
Q66809767,"Consumer Protection Act, 2019",ne,missing,,,3380,,,,26754,0
Q66809767,"Consumer Protection Act, 2019",or,missing,,,3380,,,,26754,0
Q66809767,"Consumer Protection Act, 2019",pa,missing,,,3380,,,,26754,0
Q66809767,"Consumer Protection Act, 2019",sa,missing,,,3380,,,,26754,0
Q66809767,"Consumer Protection Act, 2019",sat,missing,,,3380,,,,26754,0
Q66809767,"Consumer Protection Act, 2019",sd,missing,,,3380,,,,26754,0
Q66809767,"Consumer Protection Act, 2019",ta,partial,"நுகர்வோர் பாதுகாப்புச் சட்டம், 2019",670,3380,4701,0.198,2023-08-18 16:25:57,26754,1253
Q66809767,"Consumer Protection Act, 2019",tcy,missing,,,3380,,,,26754,0
Q66809767,"Consumer Protection Act, 2019",te,missing,,,3380,,,,26754,0
Q66809767,"Consumer Protection Act, 2019",ur,missing,,,3380,,,,26754,0
Q676191,Vaginitis,as,missing,,,12729,,,,39130,0
Q676191,Vaginitis,bh,missing,,,12729,,,,39130,0
Q676191,Vaginitis,bn,stub,ভ্যাজিনাইটিস,1270,12729,7095,0.1,2025-01-06 19:06:39,39130,171
Q676191,Vaginitis,gom,missing,,,12729,,,,39130,0
Q676191,Vaginitis,gu,missing,,,12729,,,,39130,0
Q676191,Vaginitis,hi,good,योनिशोथ,6954,12729,20618,0.546,2026-08-01 03:35:43,39130,650
Q676191,Vaginitis,kn,missing,,,12729,,,,39130,0
Q676191,Vaginitis,ks,missing,,,12729,,,,39130,0
Q676191,Vaginitis,mai,missing,,,12729,,,,39130,0
Q676191,Vaginitis,ml,stub,വൾവോവജൈനൈറ്റിസ്,1131,12729,6796,0.089,2023-08-07 11:39:30,39130,233
Q676191,Vaginitis,mni,missing,,,12729,,,,39130,0
Q676191,Vaginitis,mr,missing,,,12729,,,,39130,0
Q676191,Vaginitis,ne,missing,,,12729,,,,39130,0
Q676191,Vaginitis,or,stub,ଯୋନୀପଥ ପ୍ରଦାହ,1409,12729,7692,0.111,2026-08-01 03:39:42,39130,56
Q676191,Vaginitis,pa,missing,,,12729,,,,39130,0
Q676191,Vaginitis,sa,missing,,,12729,,,,39130,0
Q676191,Vaginitis,sat,missing,,,12729,,,,39130,0
Q676191,Vaginitis,sd,missing,,,12729,,,,39130,0
Q676191,Vaginitis,ta,stub,யோனியழற்சி,762,12729,3511,0.06,2026-08-01 03:34:36,39130,165
Q676191,Vaginitis,tcy,missing,,,12729,,,,39130,0
Q676191,Vaginitis,te,stub,యోని శోథ,1144,12729,7039,0.09,2026-08-27 15:43:07,39130,5
Q676191,Vaginitis,ur,missing,,,12729,,,,39130,0
Q676459,Bank account,as,missing,,,4198,,,,66017,0
Q676459,Bank account,bh,missing,,,4198,,,,66017,0
Q676459,Bank account,bn,good,ব্যাংক হিসাব,3858,4198,14254,0.919,2024-09-16 10:22:37,66017,949
Q676459,Bank account,gom,missing,,,4198,,,,66017,0
Q676459,Bank account,gu,missing,,,4198,,,,66017,0
Q676459,Bank account,hi,good,बैंक खाता,2853,4198,8056,0.68,2024-09-02 10:42:14,66017,1010
Q676459,Bank account,kn,good,ಬ್ಯಾಂಕ್ ಖಾತೆಗಳು,12371,4198,33977,1.0,2026-03-25 04:02:40,66017,3203
Q676459,Bank account,ks,missing,,,4198,,,,66017,0
Q676459,Bank account,mai,missing,,,4198,,,,66017,0
Q676459,Bank account,ml,missing,,,4198,,,,66017,0
Q676459,Bank account,mni,missing,,,4198,,,,66017,0
Q676459,Bank account,mr,missing,,,4198,,,,66017,0
Q676459,Bank account,ne,missing,,,4198,,,,66017,0
Q676459,Bank account,or,missing,,,4198,,,,66017,0
Q676459,Bank account,pa,missing,,,4198,,,,66017,0
Q676459,Bank account,sa,missing,,,4198,,,,66017,0
Q676459,Bank account,sat,missing,,,4198,,,,66017,0
Q676459,Bank account,sd,missing,,,4198,,,,66017,0
Q676459,Bank account,ta,missing,,,4198,,,,66017,0
Q676459,Bank account,tcy,missing,,,4198,,,,66017,0
Q676459,Bank account,te,partial,బ్యాంకు ఖాతా,1228,4198,4354,0.293,2026-05-24 07:20:56,66017,334
Q676459,Bank account,ur,partial,بینک کھاتہ,1117,4198,2143,0.266,2019-03-16 18:00:48,66017,126
Q68,Computer,as,stub,কম্পিউটাৰ,2614,55253,8444,0.047,2026-03-30 21:34:25,1114151,3380
Q68,Computer,bh,stub,कंप्यूटर,1174,55253,4523,0.021,2026-03-01 01:08:25,1114151,992
Q68,Computer,bn,partial,কম্পিউটার,14010,55253,49127,0.254,2026-10-01 22:45:36,1114151,16677
Q68,Computer,gom,missing,,,55253,,,,1114151,0
Q68,Computer,gu,good,સંગણક,33725,55253,135971,0.61,2026-08-17 23:55:43,1114151,1506
Q68,Computer,hi,partial,संगणक,13621,55253,43960,0.247,2026-03-14 00:29:12,1114151,11992
Q68,Computer,kn,partial,ಕಂಪ್ಯೂಟರ್,10449,55253,30611,0.189,2026-03-22 11:26:01,1114151,10969
Q68,Computer,ks,stub,کَمپیوٗٹَر,1881,55253,4200,0.034,2022-09-18 18:20:39,1114151,405
Q68,Computer,mai,stub,कम्प्युटर,477,55253,2330,0.009,2026-04-11 19:28:09,1114151,392
Q68,Computer,ml,stub,കമ്പ്യൂട്ടർ,5726,55253,18933,0.104,2026-09-02 05:11:45,1114151,2600
Q68,Computer,mni,missing,,,55253,,,,1114151,0
Q68,Computer,mr,partial,संगणक विज्ञान,19639,55253,52511,0.355,2026-05-25 06:21:55,1114151,6571
Q68,Computer,ne,partial,कम्प्युटर,14467,55253,51461,0.262,2026-09-26 01:30:11,1114151,2447
Q68,Computer,or,partial,କମ୍ପ୍ୟୁଟର,24012,55253,70492,0.435,2026-07-23 02:16:12,1114151,1080
Q68,Computer,pa,partial,ਕੰਪਿਊਟਰ,25030,55253,65777,0.453,2026-05-06 10:03:51,1114151,2489
Q68,Computer,sa,partial,सङ्गणकम्,10082,55253,28408,0.182,2026-04-01 14:33:51,1114151,470
Q68,Computer,sat,stub,ᱠᱚᱢᱯᱩᱴᱚᱨ,2123,55253,6250,0.038,2022-08-12 15:02:35,1114151,229
Q68,Computer,sd,good,ڪمپيوٽر,51098,55253,90643,0.925,2025-11-12 15:49:02,1114151,514
Q68,Computer,ta,partial,கணினி,13871,55253,40853,0.251,2026-09-10 11:44:09,1114151,6352
Q68,Computer,tcy,stub,ಕಂಪ್ಯೂಟರ್,2442,55253,7398,0.044,2025-11-08 04:24:20,1114151,460
Q68,Computer,te,good,కంప్యూటరు,44173,55253,120696,0.799,2026-05-25 10:28:42,1114151,2407
Q68,Computer,ur,partial,کمپیوٹر,13905,55253,31072,0.252,2026-02-06 21:55:05,1114151,4739
Q68104,Reservation in India,as,good,ভাৰতৰ সংৰক্ষণ ব্যৱস্থা,40305,34753,165946,1.0,2026-01-25 16:31:19,157314,5934
Q68104,Reservation in India,bh,stub,आरक्षण,1138,34753,4479,0.033,2025-12-25 17:30:09,157314,242
Q68104,Reservation in India,bn,missing,,,34753,,,,157314,0
Q68104,Reservation in India,gom,missing,,,34753,,,,157314,0
Q68104,Reservation in India,gu,missing,,,34753,,,,157314,0
Q68104,Reservation in India,hi,good,भारत में आरक्षण,40467,34753,126796,1.0,2026-08-23 13:18:32,157314,60199
Q68104,Reservation in India,kn,good,ಭಾರತದಲ್ಲಿ ಮೀಸಲಾತಿ,42347,34753,154463,1.0,2026-09-25 08:44:42,157314,4943
Q68104,Reservation in India,ks,missing,,,34753,,,,157314,0
Q68104,Reservation in India,mai,missing,,,34753,,,,157314,0
Q68104,Reservation in India,ml,stub,സംവരണം ഇന്ത്യയിൽ,3026,34753,10354,0.087,2025-05-01 19:05:14,157314,705
Q68104,Reservation in India,mni,missing,,,34753,,,,157314,0
Q68104,Reservation in India,mr,missing,,,34753,,,,157314,0
Q68104,Reservation in India,ne,missing,,,34753,,,,157314,0
Q68104,Reservation in India,or,missing,,,34753,,,,157314,0
Q68104,Reservation in India,pa,stub,ਰਾਖਵਾਂਕਰਨ,1322,34753,4333,0.038,2021-10-13 08:03:49,157314,140
Q68104,Reservation in India,sa,missing,,,34753,,,,157314,0
Q68104,Reservation in India,sat,missing,,,34753,,,,157314,0
Q68104,Reservation in India,sd,missing,,,34753,,,,157314,0
Q68104,Reservation in India,ta,partial,இந்தியாவில் இட ஒதுக்கீடு,7251,34753,26216,0.209,2026-09-02 07:31:15,157314,7776
Q68104,Reservation in India,tcy,missing,,,34753,,,,157314,0
Q68104,Reservation in India,te,stub,భారతదేశంలో రిజర్వేషన్,1338,34753,5410,0.039,2026-07-17 14:11:11,157314,1043
Q68104,Reservation in India,ur,missing,,,34753,,,,157314,0
Q684924,Rheumatism,as,good,বাত বিষ,3701,4252,9562,0.87,2021-03-01 06:39:56,144230,941
Q684924,Rheumatism,bh,missing,,,4252,,,,144230,0
Q684924,Rheumatism,bn,good,বাতজনিত রোগ,5091,4252,21112,1.0,2026-05-26 11:11:08,144230,632
Q684924,Rheumatism,gom,missing,,,4252,,,,144230,0
Q684924,Rheumatism,gu,missing,,,4252,,,,144230,0
Q684924,Rheumatism,hi,stub,आमवात,427,4252,1335,0.1,2025-05-10 13:17:29,144230,323
Q684924,Rheumatism,kn,missing,,,4252,,,,144230,0
Q684924,Rheumatism,ks,missing,,,4252,,,,144230,0
Q684924,Rheumatism,mai,missing,,,4252,,,,144230,0
Q684924,Rheumatism,ml,missing,,,4252,,,,144230,0
Q684924,Rheumatism,mni,missing,,,4252,,,,144230,0
Q684924,Rheumatism,mr,missing,,,4252,,,,144230,0
Q684924,Rheumatism,ne,missing,,,4252,,,,144230,0
Q684924,Rheumatism,or,missing,,,4252,,,,144230,0
Q684924,Rheumatism,pa,missing,,,4252,,,,144230,0
Q684924,Rheumatism,sa,missing,,,4252,,,,144230,0
Q684924,Rheumatism,sat,missing,,,4252,,,,144230,0
Q684924,Rheumatism,sd,missing,,,4252,,,,144230,0
Q684924,Rheumatism,ta,missing,,,4252,,,,144230,0
Q684924,Rheumatism,tcy,missing,,,4252,,,,144230,0
Q684924,Rheumatism,te,missing,,,4252,,,,144230,0
Q684924,Rheumatism,ur,stub,وجع المفاصل,636,4252,1383,0.15,2026-05-26 19:38:36,144230,37
Q6853,Hepatitis B,as,good,হেপাটাইটিছ বি,21774,33596,80478,0.648,2026-09-24 07:46:47,205190,908
Q6853,Hepatitis B,bh,missing,,,33596,,,,205190,0
Q6853,Hepatitis B,bn,partial,হেপাটাইটিস বি,7224,33596,30882,0.215,2026-09-23 18:03:00,205190,7383
Q6853,Hepatitis B,gom,missing,,,33596,,,,205190,0
Q6853,Hepatitis B,gu,missing,,,33596,,,,205190,0
Q6853,Hepatitis B,hi,good,हेपेटाइटिस बी,22456,33596,73227,0.668,2026-09-05 07:01:56,205190,1540
Q6853,Hepatitis B,kn,missing,,,33596,,,,205190,0
Q6853,Hepatitis B,ks,stub,ہیپاٹایٹس B,3088,33596,6172,0.092,2026-08-12 00:56:43,205190,26
Q6853,Hepatitis B,mai,missing,,,33596,,,,205190,0
Q6853,Hepatitis B,ml,stub,ഹെപ്പറ്റൈറ്റിസ്-ബി,4512,33596,14225,0.134,2022-09-15 01:14:25,205190,1953
Q6853,Hepatitis B,mni,missing,,,33596,,,,205190,0
Q6853,Hepatitis B,mr,stub,कावीळ-ब,776,33596,4076,0.023,2022-11-22 04:24:07,205190,328
Q6853,Hepatitis B,ne,stub,हेपाटाइटिस बी,1077,33596,3726,0.032,2026-08-19 13:17:25,205190,371
Q6853,Hepatitis B,or,partial,ହେପାଟାଇଟିସ ବି,6982,33596,37374,0.208,2026-08-14 05:09:27,205190,470
Q6853,Hepatitis B,pa,stub,ਹੈਪੇਟਾਈਟਿਸ ਬੀ,3351,33596,11941,0.1,2023-12-29 21:13:54,205190,588
Q6853,Hepatitis B,sa,missing,,,33596,,,,205190,0
Q6853,Hepatitis B,sat,missing,,,33596,,,,205190,0
Q6853,Hepatitis B,sd,missing,,,33596,,,,205190,0
Q6853,Hepatitis B,ta,stub,ஈரல் அழற்சி பி,3910,33596,16176,0.116,2026-05-23 17:17:38,205190,667
Q6853,Hepatitis B,tcy,missing,,,33596,,,,205190,0
Q6853,Hepatitis B,te,partial,హెపటైటిస్‌-బి,10682,33596,29551,0.318,2025-01-31 17:17:09,205190,2324
Q6853,Hepatitis B,ur,partial,ہیپاٹائٹس بی,6931,33596,15359,0.206,2026-09-30 02:26:42,205190,263
Q68833,Bone fracture,as,missing,,,22403,,,,62348,0
Q68833,Bone fracture,bh,missing,,,22403,,,,62348,0
Q68833,Bone fracture,bn,missing,,,22403,,,,62348,0
Q68833,Bone fracture,gom,missing,,,22403,,,,62348,0
Q68833,Bone fracture,gu,good,અસ્થિભંગ,13109,22403,41655,0.585,2026-09-08 22:14:39,62348,152
Q68833,Bone fracture,hi,stub,अस्थिभंग,195,22403,853,0.009,2024-07-23 20:07:10,62348,431
Q68833,Bone fracture,kn,good,ಮೂಳೆ ಮುರಿತ(Bone fracture),14311,22403,45589,0.639,2026-08-07 15:59:58,62348,666
Q68833,Bone fracture,ks,missing,,,22403,,,,62348,0
Q68833,Bone fracture,mai,missing,,,22403,,,,62348,0
Q68833,Bone fracture,ml,missing,,,22403,,,,62348,0
Q68833,Bone fracture,mni,missing,,,22403,,,,62348,0
Q68833,Bone fracture,mr,stub,अस्थिभंग,277,22403,1581,0.012,2022-09-09 09:07:08,62348,280
Q68833,Bone fracture,ne,missing,,,22403,,,,62348,0
Q68833,Bone fracture,or,good,ଅସ୍ଥି ଭଗ୍ନ,11604,22403,34453,0.518,2026-01-12 15:53:12,62348,240
Q68833,Bone fracture,pa,missing,,,22403,,,,62348,0
Q68833,Bone fracture,sa,missing,,,22403,,,,62348,0
Q68833,Bone fracture,sat,missing,,,22403,,,,62348,0
Q68833,Bone fracture,sd,missing,,,22403,,,,62348,0
Q68833,Bone fracture,ta,stub,எலும்பு முறிவு,2492,22403,7907,0.111,2023-02-12 09:23:40,62348,782
Q68833,Bone fracture,tcy,missing,,,22403,,,,62348,0
Q68833,Bone fracture,te,stub,ఎముక విరుపు,2664,22403,7811,0.119,2024-10-06 17:59:50,62348,406
Q68833,Bone fracture,ur,missing,,,22403,,,,62348,0
Q68854,Snakebite,as,partial,সৰ্পদংশন,19424,39587,90084,0.491,2026-08-26 16:34:43,72301,353
Q68854,Snakebite,bh,missing,,,39587,,,,72301,0
Q68854,Snakebite,bn,stub,সর্পদংশন,2987,39587,15473,0.075,2026-05-05 22:54:31,72301,408
Q68854,Snakebite,gom,missing,,,39587,,,,72301,0
Q68854,Snakebite,gu,missing,,,39587,,,,72301,0
Q68854,Snakebite,hi,stub,सर्पदंश,5000,39587,13722,0.126,2026-01-22 06:36:50,72301,2954
Q68854,Snakebite,kn,good,ಹಾವು ಕಡಿತ,33049,39587,132565,0.835,2026-09-26 04:38:35,72301,895
Q68854,Snakebite,ks,missing,,,39587,,,,72301,0
Q68854,Snakebite,mai,missing,,,39587,,,,72301,0
Q68854,Snakebite,ml,missing,,,39587,,,,72301,0
Q68854,Snakebite,mni,missing,,,39587,,,,72301,0
Q68854,Snakebite,mr,stub,सर्पदंश,3602,39587,10232,0.091,2023-11-26 07:38:24,72301,1451
Q68854,Snakebite,ne,stub,सर्पदंश,4653,39587,15355,0.118,2026-09-26 12:37:39,72301,177
Q68854,Snakebite,or,stub,ସର୍ପ ଦଂଶ,1100,39587,3599,0.028,2023-10-09 07:21:15,72301,111
Q68854,Snakebite,pa,stub,ਸੱਪ ਦਾ ਡੱਸਣਾ,2922,39587,11174,0.074,2026-07-10 21:17:00,72301,130
Q68854,Snakebite,sa,missing,,,39587,,,,72301,0
Q68854,Snakebite,sat,stub,ᱵᱤᱧᱜᱮᱨ,2082,39587,6930,0.053,2020-01-02 09:05:59,72301,45
Q68854,Snakebite,sd,missing,,,39587,,,,72301,0
Q68854,Snakebite,ta,stub,பாம்புக் கடி,4970,39587,18502,0.126,2026-07-19 01:02:58,72301,457
Q68854,Snakebite,tcy,missing,,,39587,,,,72301,0
Q68854,Snakebite,te,stub,పాముకాటు,3923,39587,12547,0.099,2023-03-26 00:10:23,72301,1167
Q68854,Snakebite,ur,stub,مار گزیدگی,1708,39587,7507,0.043,2026-08-06 00:45:09,72301,163
Q689985,Lipoma,as,good,লাইপোমা,8569,8905,47300,0.962,2026-08-26 04:00:11,88843,256
Q689985,Lipoma,bh,missing,,,8905,,,,88843,0
Q689985,Lipoma,bn,partial,লাইপোমা,1958,8905,7447,0.22,2024-02-12 09:30:27,88843,1860
Q689985,Lipoma,gom,missing,,,8905,,,,88843,0
Q689985,Lipoma,gu,missing,,,8905,,,,88843,0
Q689985,Lipoma,hi,stub,लिपोमा,1113,8905,4246,0.125,2026-07-07 15:23:35,88843,64
Q689985,Lipoma,kn,missing,,,8905,,,,88843,0
Q689985,Lipoma,ks,missing,,,8905,,,,88843,0
Q689985,Lipoma,mai,missing,,,8905,,,,88843,0
Q689985,Lipoma,ml,missing,,,8905,,,,88843,0
Q689985,Lipoma,mni,missing,,,8905,,,,88843,0
Q689985,Lipoma,mr,missing,,,8905,,,,88843,0
Q689985,Lipoma,ne,missing,,,8905,,,,88843,0
Q689985,Lipoma,or,stub,ଲାଇପୋମା,1239,8905,8127,0.139,2026-08-03 06:18:40,88843,237
Q689985,Lipoma,pa,good,ਲਿਪੋਮਾ,8247,8905,31687,0.926,2026-06-29 21:28:51,88843,177
Q689985,Lipoma,sa,missing,,,8905,,,,88843,0
Q689985,Lipoma,sat,missing,,,8905,,,,88843,0
Q689985,Lipoma,sd,missing,,,8905,,,,88843,0
Q689985,Lipoma,ta,good,கொழுப்புத் திசுக்கட்டி,9345,8905,38427,1.0,2026-08-18 10:01:24,88843,2614
Q689985,Lipoma,tcy,missing,,,8905,,,,88843,0
Q689985,Lipoma,te,missing,,,8905,,,,88843,0
Q689985,Lipoma,ur,missing,,,8905,,,,88843,0
Q692077,Nevus,as,missing,,,5475,,,,135567,0
Q692077,Nevus,bh,missing,,,5475,,,,135567,0
Q692077,Nevus,bn,missing,,,5475,,,,135567,0
Q692077,Nevus,gom,missing,,,5475,,,,135567,0
Q692077,Nevus,gu,missing,,,5475,,,,135567,0
Q692077,Nevus,hi,partial,नेवस,1746,5475,6741,0.319,2026-06-20 06:40:27,135567,34
Q692077,Nevus,kn,missing,,,5475,,,,135567,0
Q692077,Nevus,ks,missing,,,5475,,,,135567,0
Q692077,Nevus,mai,missing,,,5475,,,,135567,0
Q692077,Nevus,ml,missing,,,5475,,,,135567,0
Q692077,Nevus,mni,missing,,,5475,,,,135567,0
Q692077,Nevus,mr,missing,,,5475,,,,135567,0
Q692077,Nevus,ne,missing,,,5475,,,,135567,0
Q692077,Nevus,or,missing,,,5475,,,,135567,0
Q692077,Nevus,pa,missing,,,5475,,,,135567,0
Q692077,Nevus,sa,missing,,,5475,,,,135567,0
Q692077,Nevus,sat,missing,,,5475,,,,135567,0
Q692077,Nevus,sd,missing,,,5475,,,,135567,0
Q692077,Nevus,ta,missing,,,5475,,,,135567,0
Q692077,Nevus,tcy,missing,,,5475,,,,135567,0
Q692077,Nevus,te,missing,,,5475,,,,135567,0
Q692077,Nevus,ur,stub,تل (جسم پر نشان),482,5475,1500,0.088,2025-09-10 07:33:06,135567,218
Q693058,Chest pain,as,missing,,,31433,,,,60206,0
Q693058,Chest pain,bh,missing,,,31433,,,,60206,0
Q693058,Chest pain,bn,stub,বুকে ব্যথা,3835,31433,22008,0.122,2025-01-29 15:20:00,60206,785
Q693058,Chest pain,gom,missing,,,31433,,,,60206,0
Q693058,Chest pain,gu,missing,,,31433,,,,60206,0
Q693058,Chest pain,hi,missing,,,31433,,,,60206,0
Q693058,Chest pain,kn,missing,,,31433,,,,60206,0
Q693058,Chest pain,ks,missing,,,31433,,,,60206,0
Q693058,Chest pain,mai,missing,,,31433,,,,60206,0
Q693058,Chest pain,ml,missing,,,31433,,,,60206,0
Q693058,Chest pain,mni,missing,,,31433,,,,60206,0
Q693058,Chest pain,mr,missing,,,31433,,,,60206,0
Q693058,Chest pain,ne,missing,,,31433,,,,60206,0
Q693058,Chest pain,or,stub,ଛାତି ଯନ୍ତ୍ରଣା,1747,31433,9470,0.056,2026-08-03 00:18:13,60206,126
Q693058,Chest pain,pa,missing,,,31433,,,,60206,0
Q693058,Chest pain,sa,missing,,,31433,,,,60206,0
Q693058,Chest pain,sat,missing,,,31433,,,,60206,0
Q693058,Chest pain,sd,missing,,,31433,,,,60206,0
Q693058,Chest pain,ta,partial,நெஞ்சு வலி,5148,31433,13962,0.164,2026-07-18 16:21:04,60206,583
Q693058,Chest pain,tcy,missing,,,31433,,,,60206,0
Q693058,Chest pain,te,missing,,,31433,,,,60206,0
Q693058,Chest pain,ur,stub,سینے کا درد,1866,31433,4051,0.059,2024-04-29 08:21:29,60206,105
Q696490,Panic attack,as,missing,,,30455,,,,190893,0
Q696490,Panic attack,bh,missing,,,30455,,,,190893,0
Q696490,Panic attack,bn,stub,অত্যাতঙ্ক আক্রমণ,3079,30455,8886,0.101,2026-03-03 09:02:09,190893,355
Q696490,Panic attack,gom,missing,,,30455,,,,190893,0
Q696490,Panic attack,gu,missing,,,30455,,,,190893,0
Q696490,Panic attack,hi,stub,तीव्र घबराहट,749,30455,1997,0.025,2024-07-23 05:06:46,190893,138
Q696490,Panic attack,kn,missing,,,30455,,,,190893,0
Q696490,Panic attack,ks,missing,,,30455,,,,190893,0
Q696490,Panic attack,mai,missing,,,30455,,,,190893,0
Q696490,Panic attack,ml,missing,,,30455,,,,190893,0
Q696490,Panic attack,mni,missing,,,30455,,,,190893,0
Q696490,Panic attack,mr,missing,,,30455,,,,190893,0
Q696490,Panic attack,ne,stub,प्यानिक अट्याक,1205,30455,3648,0.04,2025-08-25 14:28:54,190893,145
Q696490,Panic attack,or,stub,ପ୍ୟାନିକ ଆଟାକ,1483,30455,6275,0.049,2016-11-05 10:13:35,190893,58
Q696490,Panic attack,pa,missing,,,30455,,,,190893,0
Q696490,Panic attack,sa,missing,,,30455,,,,190893,0
Q696490,Panic attack,sat,missing,,,30455,,,,190893,0
Q696490,Panic attack,sd,missing,,,30455,,,,190893,0
Q696490,Panic attack,ta,stub,பீதி தாக்குதல்,1793,30455,9883,0.059,2026-04-08 08:38:24,190893,79
Q696490,Panic attack,tcy,missing,,,30455,,,,190893,0
Q696490,Panic attack,te,stub,భయాందోళన దాడి,1461,30455,9374,0.048,2026-08-10 13:52:19,190893,5
Q696490,Panic attack,ur,stub,گھبراہٹ کا دورہ,1504,30455,8070,0.049,2026-07-03 03:58:52,190893,722
Q697117,Disc herniation,as,missing,,,26102,,,,114789,0
Q697117,Disc herniation,bh,missing,,,26102,,,,114789,0
Q697117,Disc herniation,bn,missing,,,26102,,,,114789,0
Q697117,Disc herniation,gom,missing,,,26102,,,,114789,0
Q697117,Disc herniation,gu,missing,,,26102,,,,114789,0
Q697117,Disc herniation,hi,missing,,,26102,,,,114789,0
Q697117,Disc herniation,kn,missing,,,26102,,,,114789,0
Q697117,Disc herniation,ks,missing,,,26102,,,,114789,0
Q697117,Disc herniation,mai,missing,,,26102,,,,114789,0
Q697117,Disc herniation,ml,missing,,,26102,,,,114789,0
Q697117,Disc herniation,mni,missing,,,26102,,,,114789,0
Q697117,Disc herniation,mr,missing,,,26102,,,,114789,0
Q697117,Disc herniation,ne,missing,,,26102,,,,114789,0
Q697117,Disc herniation,or,missing,,,26102,,,,114789,0
Q697117,Disc herniation,pa,missing,,,26102,,,,114789,0
Q697117,Disc herniation,sa,missing,,,26102,,,,114789,0
Q697117,Disc herniation,sat,missing,,,26102,,,,114789,0
Q697117,Disc herniation,sd,missing,,,26102,,,,114789,0
Q697117,Disc herniation,ta,missing,,,26102,,,,114789,0
Q697117,Disc herniation,tcy,missing,,,26102,,,,114789,0
Q697117,Disc herniation,te,missing,,,26102,,,,114789,0
Q697117,Disc herniation,ur,missing,,,26102,,,,114789,0
Q718113,Weight loss,as,missing,,,15803,,,,87299,0
Q718113,Weight loss,bh,missing,,,15803,,,,87299,0
Q718113,Weight loss,bn,good,ওজন হ্রাস,14697,15803,97215,0.93,2026-10-01 15:41:25,87299,132
Q718113,Weight loss,gom,missing,,,15803,,,,87299,0
Q718113,Weight loss,gu,missing,,,15803,,,,87299,0
Q718113,Weight loss,hi,stub,वजन घटाना,1392,15803,4562,0.088,2026-03-17 12:52:00,87299,145
Q718113,Weight loss,kn,missing,,,15803,,,,87299,0
Q718113,Weight loss,ks,missing,,,15803,,,,87299,0
Q718113,Weight loss,mai,missing,,,15803,,,,87299,0
Q718113,Weight loss,ml,missing,,,15803,,,,87299,0
Q718113,Weight loss,mni,missing,,,15803,,,,87299,0
Q718113,Weight loss,mr,missing,,,15803,,,,87299,0
Q718113,Weight loss,ne,missing,,,15803,,,,87299,0
Q718113,Weight loss,or,missing,,,15803,,,,87299,0
Q718113,Weight loss,pa,missing,,,15803,,,,87299,0
Q718113,Weight loss,sa,missing,,,15803,,,,87299,0
Q718113,Weight loss,sat,missing,,,15803,,,,87299,0
Q718113,Weight loss,sd,missing,,,15803,,,,87299,0
Q718113,Weight loss,ta,stub,எடை இழப்பு,2213,15803,8567,0.14,2025-10-23 19:06:43,87299,246
Q718113,Weight loss,tcy,missing,,,15803,,,,87299,0
Q718113,Weight loss,te,missing,,,15803,,,,87299,0
Q718113,Weight loss,ur,missing,,,15803,,,,87299,0
Q7202090,Plastic pollution,as,missing,,,68333,,,,75892,0
Q7202090,Plastic pollution,bh,stub,प्लास्टिक प्रदूषण,856,68333,4170,0.013,2019-03-09 12:51:01,75892,128
Q7202090,Plastic pollution,bn,partial,প্লাস্টিক দূষণ,19094,68333,71604,0.279,2026-09-11 06:22:36,75892,3632
Q7202090,Plastic pollution,gom,missing,,,68333,,,,75892,0
Q7202090,Plastic pollution,gu,missing,,,68333,,,,75892,0
Q7202090,Plastic pollution,hi,stub,प्लास्टिक प्रदूषण,817,68333,2604,0.012,2024-07-23 01:52:03,75892,2740
Q7202090,Plastic pollution,kn,missing,,,68333,,,,75892,0
Q7202090,Plastic pollution,ks,missing,,,68333,,,,75892,0
Q7202090,Plastic pollution,mai,missing,,,68333,,,,75892,0
Q7202090,Plastic pollution,ml,stub,പ്ലാസ്റ്റിക് മലിനീകരണം,1872,68333,5590,0.027,2026-07-22 12:14:15,75892,3359
Q7202090,Plastic pollution,mni,stub,ꯄ꯭ꯂꯥꯁ꯭ꯇꯤꯛꯁꯤꯡꯅ ꯃꯥꯡꯊꯣꯛꯄ,1797,68333,6797,0.026,2022-05-22 15:03:51,75892,102
Q7202090,Plastic pollution,mr,missing,,,68333,,,,75892,0
Q7202090,Plastic pollution,ne,missing,,,68333,,,,75892,0
Q7202090,Plastic pollution,or,missing,,,68333,,,,75892,0
Q7202090,Plastic pollution,pa,missing,,,68333,,,,75892,0
Q7202090,Plastic pollution,sa,missing,,,68333,,,,75892,0
Q7202090,Plastic pollution,sat,missing,,,68333,,,,75892,0
Q7202090,Plastic pollution,sd,missing,,,68333,,,,75892,0
Q7202090,Plastic pollution,ta,missing,,,68333,,,,75892,0
Q7202090,Plastic pollution,tcy,missing,,,68333,,,,75892,0
Q7202090,Plastic pollution,te,stub,ప్లాస్టిక్ కాలుష్యం,975,68333,4862,0.014,2024-10-14 05:52:02,75892,468
Q7202090,Plastic pollution,ur,missing,,,68333,,,,75892,0
Q7212330,Tobacco smoking,as,missing,,,48452,,,,105362,0
Q7212330,Tobacco smoking,bh,missing,,,48452,,,,105362,0
Q7212330,Tobacco smoking,bn,stub,তামাকের ধূমপান,2975,48452,17665,0.061,2024-10-07 14:41:38,105362,270
Q7212330,Tobacco smoking,gom,missing,,,48452,,,,105362,0
Q7212330,Tobacco smoking,gu,good,ધૂમ્રપાન,44046,48452,146575,0.909,2026-03-04 11:25:33,105362,588
Q7212330,Tobacco smoking,hi,good,तम्बाकू धूम्रपान,44660,48452,154301,0.922,2026-06-22 01:36:47,105362,777
Q7212330,Tobacco smoking,kn,good,ತಂಬಾಕು ಸೇವನೆ(ಧೂಮಪಾನ),48102,48452,161470,0.993,2026-06-20 03:40:20,105362,1527
Q7212330,Tobacco smoking,ks,missing,,,48452,,,,105362,0
Q7212330,Tobacco smoking,mai,missing,,,48452,,,,105362,0
Q7212330,Tobacco smoking,ml,partial,പുകവലി,11576,48452,34377,0.239,2025-07-01 22:52:55,105362,494
Q7212330,Tobacco smoking,mni,missing,,,48452,,,,105362,0
Q7212330,Tobacco smoking,mr,missing,,,48452,,,,105362,0
Q7212330,Tobacco smoking,ne,missing,,,48452,,,,105362,0
Q7212330,Tobacco smoking,or,missing,,,48452,,,,105362,0
Q7212330,Tobacco smoking,pa,missing,,,48452,,,,105362,0
Q7212330,Tobacco smoking,sa,missing,,,48452,,,,105362,0
Q7212330,Tobacco smoking,sat,missing,,,48452,,,,105362,0
Q7212330,Tobacco smoking,sd,partial,سگريٽ نوشي,19222,48452,34337,0.397,2025-04-19 04:03:57,105362,95
Q7212330,Tobacco smoking,ta,good,புகையிலை பிடித்தல்,53375,48452,180865,1.0,2024-08-07 20:29:18,105362,910
Q7212330,Tobacco smoking,tcy,missing,,,48452,,,,105362,0
Q7212330,Tobacco smoking,te,missing,,,48452,,,,105362,0
Q7212330,Tobacco smoking,ur,missing,,,48452,,,,105362,0
Q736715,Chronic kidney disease,as,missing,,,33661,,,,143125,0
Q736715,Chronic kidney disease,bh,missing,,,33661,,,,143125,0
Q736715,Chronic kidney disease,bn,stub,দীর্ঘস্থায়ী বৃক্কীয় রোগ,3385,33661,28801,0.101,2026-09-22 23:50:10,143125,204
Q736715,Chronic kidney disease,gom,missing,,,33661,,,,143125,0
Q736715,Chronic kidney disease,gu,missing,,,33661,,,,143125,0
Q736715,Chronic kidney disease,hi,stub,दीर्घकालिक गुर्दा रोग,1643,33661,5660,0.049,2024-03-20 18:36:21,143125,137
Q736715,Chronic kidney disease,kn,missing,,,33661,,,,143125,0
Q736715,Chronic kidney disease,ks,missing,,,33661,,,,143125,0
Q736715,Chronic kidney disease,mai,missing,,,33661,,,,143125,0
Q736715,Chronic kidney disease,ml,missing,,,33661,,,,143125,0
Q736715,Chronic kidney disease,mni,missing,,,33661,,,,143125,0
Q736715,Chronic kidney disease,mr,stub,दीर्घकालीक मूत्रपिंड रोग,2973,33661,22417,0.088,2026-08-23 18:50:08,143125,208
Q736715,Chronic kidney disease,ne,missing,,,33661,,,,143125,0
Q736715,Chronic kidney disease,or,stub,କ୍ରନିକ ବୃକ୍‌କ ରୋଗ,1738,33661,13217,0.052,2026-06-10 21:58:59,143125,84
Q736715,Chronic kidney disease,pa,missing,,,33661,,,,143125,0
Q736715,Chronic kidney disease,sa,missing,,,33661,,,,143125,0
Q736715,Chronic kidney disease,sat,missing,,,33661,,,,143125,0
Q736715,Chronic kidney disease,sd,missing,,,33661,,,,143125,0
Q736715,Chronic kidney disease,ta,stub,நெடுநாள் சிறுநீரகக் கோளாறு,1264,33661,4710,0.038,2025-11-16 11:24:16,143125,1062
Q736715,Chronic kidney disease,tcy,missing,,,33661,,,,143125,0
Q736715,Chronic kidney disease,te,missing,,,33661,,,,143125,0
Q736715,Chronic kidney disease,ur,missing,,,33661,,,,143125,0
Q737460,Visual impairment,as,missing,,,46046,,,,99249,0
Q737460,Visual impairment,bh,missing,,,46046,,,,99249,0
Q737460,Visual impairment,bn,missing,,,46046,,,,99249,0
Q737460,Visual impairment,gom,missing,,,46046,,,,99249,0
Q737460,Visual impairment,gu,missing,,,46046,,,,99249,0
Q737460,Visual impairment,hi,stub,दृष्टिबाधित,1469,46046,4737,0.032,2026-02-18 17:52:03,99249,374
Q737460,Visual impairment,kn,stub,ದೃಷ್ಟಿ ಹಾನಿ,732,46046,2775,0.016,2026-03-24 00:10:39,99249,141
Q737460,Visual impairment,ks,missing,,,46046,,,,99249,0
Q737460,Visual impairment,mai,missing,,,46046,,,,99249,0
Q737460,Visual impairment,ml,partial,കാഴ്ച വൈകല്യം,21975,46046,83252,0.477,2026-09-19 10:12:14,99249,391
Q737460,Visual impairment,mni,missing,,,46046,,,,99249,0
Q737460,Visual impairment,mr,missing,,,46046,,,,99249,0
Q737460,Visual impairment,ne,missing,,,46046,,,,99249,0
Q737460,Visual impairment,or,stub,ଦୃଷ୍ଟିହାନି,1965,46046,8723,0.043,2026-08-03 02:10:46,99249,67
Q737460,Visual impairment,pa,missing,,,46046,,,,99249,0
Q737460,Visual impairment,sa,missing,,,46046,,,,99249,0
Q737460,Visual impairment,sat,missing,,,46046,,,,99249,0
Q737460,Visual impairment,sd,stub,بصارت جو نقص,1604,46046,3633,0.035,2026-02-19 06:23:06,99249,19
Q737460,Visual impairment,ta,partial,பார்வைக் குறைபாடு,9382,46046,31562,0.204,2025-06-21 04:50:43,99249,875
Q737460,Visual impairment,tcy,missing,,,46046,,,,99249,0
Q737460,Visual impairment,te,missing,,,46046,,,,99249,0
Q737460,Visual impairment,ur,missing,,,46046,,,,99249,0
Q738292,Japanese encephalitis,as,partial,জাপানীজ এন্‌কেফেলাইটিছ,4590,14992,15202,0.306,2026-08-26 01:18:00,65454,568
Q738292,Japanese encephalitis,bh,missing,,,14992,,,,65454,0
Q738292,Japanese encephalitis,bn,partial,জাপানি এনসেফালাইটিস,4556,14992,17766,0.304,2026-08-10 18:04:22,65454,279
Q738292,Japanese encephalitis,gom,missing,,,14992,,,,65454,0
Q738292,Japanese encephalitis,gu,missing,,,14992,,,,65454,0
Q738292,Japanese encephalitis,hi,stub,जापानी मस्तिष्कशोथ,1815,14992,5866,0.121,2024-07-14 12:38:00,65454,83
Q738292,Japanese encephalitis,kn,missing,,,14992,,,,65454,0
Q738292,Japanese encephalitis,ks,missing,,,14992,,,,65454,0
Q738292,Japanese encephalitis,mai,missing,,,14992,,,,65454,0
Q738292,Japanese encephalitis,ml,partial,ജപ്പാൻ ജ്വരം,7159,14992,20889,0.478,2024-01-22 15:48:22,65454,3400
Q738292,Japanese encephalitis,mni,missing,,,14992,,,,65454,0
Q738292,Japanese encephalitis,mr,missing,,,14992,,,,65454,0
Q738292,Japanese encephalitis,ne,missing,,,14992,,,,65454,0
Q738292,Japanese encephalitis,or,stub,ଜାପାନିଜ ଏନସେଫାଲାଇଟିସ,1892,14992,8550,0.126,2020-07-31 07:46:25,65454,78
Q738292,Japanese encephalitis,pa,missing,,,14992,,,,65454,0
Q738292,Japanese encephalitis,sa,missing,,,14992,,,,65454,0
Q738292,Japanese encephalitis,sat,missing,,,14992,,,,65454,0
Q738292,Japanese encephalitis,sd,missing,,,14992,,,,65454,0
Q738292,Japanese encephalitis,ta,missing,,,14992,,,,65454,0
Q738292,Japanese encephalitis,tcy,missing,,,14992,,,,65454,0
Q738292,Japanese encephalitis,te,partial,జపనీస్ ఎన్‌సెఫలైటిస్,2845,14992,9264,0.19,2026-05-23 10:12:15,65454,21
Q738292,Japanese encephalitis,ur,missing,,,14992,,,,65454,0
Q741713,Panic disorder,as,missing,,,33691,,,,90859,0
Q741713,Panic disorder,bh,missing,,,33691,,,,90859,0
Q741713,Panic disorder,bn,partial,অত্যাতঙ্ক ব্যাধি,13878,33691,57784,0.412,2026-09-23 08:03:19,90859,274
Q741713,Panic disorder,gom,missing,,,33691,,,,90859,0
Q741713,Panic disorder,gu,missing,,,33691,,,,90859,0
Q741713,Panic disorder,hi,good,आतंक विकार,19205,33691,61728,0.57,2026-03-14 00:32:00,90859,292
Q741713,Panic disorder,kn,missing,,,33691,,,,90859,0
Q741713,Panic disorder,ks,missing,,,33691,,,,90859,0
Q741713,Panic disorder,mai,missing,,,33691,,,,90859,0
Q741713,Panic disorder,ml,missing,,,33691,,,,90859,0
Q741713,Panic disorder,mni,missing,,,33691,,,,90859,0
Q741713,Panic disorder,mr,missing,,,33691,,,,90859,0
Q741713,Panic disorder,ne,missing,,,33691,,,,90859,0
Q741713,Panic disorder,or,stub,ପ୍ୟାନିକ ଡିଜ‌ଅର୍ଡ଼ର,1569,33691,6820,0.047,2026-08-03 02:15:49,90859,100
Q741713,Panic disorder,pa,missing,,,33691,,,,90859,0
Q741713,Panic disorder,sa,missing,,,33691,,,,90859,0
Q741713,Panic disorder,sat,missing,,,33691,,,,90859,0
Q741713,Panic disorder,sd,missing,,,33691,,,,90859,0
Q741713,Panic disorder,ta,stub,திகில் கோளாறு,749,33691,2877,0.022,2015-12-22 19:26:58,90859,82
Q741713,Panic disorder,tcy,missing,,,33691,,,,90859,0
Q741713,Panic disorder,te,stub,భయాందోళన రుగ్మత,1425,33691,7257,0.042,2026-08-13 11:28:04,90859,6
Q741713,Panic disorder,ur,missing,,,33691,,,,90859,0
Q7430,DNA,as,stub,ডি এন এ,1812,58843,6293,0.031,2026-08-25 22:51:12,650656,808
Q7430,DNA,bh,stub,डीएनए,480,58843,1323,0.008,2026-03-01 01:16:42,650656,252
Q7430,DNA,bn,partial,ডিএনএ,9871,58843,36571,0.168,2026-08-29 09:38:19,650656,5653
Q7430,DNA,gom,missing,,,58843,,,,650656,0
Q7430,DNA,gu,missing,,,58843,,,,650656,0
Q7430,DNA,hi,stub,डीऑक्सीराइबो न्यूक्लिक अम्ल,1994,58843,6804,0.034,2026-09-13 09:48:33,650656,6694
Q7430,DNA,kn,partial,ಡಿಎನ್ಎ -(DNA),25998,58843,84206,0.442,2026-03-23 19:39:57,650656,2063
Q7430,DNA,ks,stub,ڈی این اے,803,58843,1524,0.014,2023-01-05 18:30:51,650656,129
Q7430,DNA,mai,missing,,,58843,,,,650656,0
Q7430,DNA,ml,partial,ഡി.എൻ.എ,14281,58843,41268,0.243,2022-06-23 04:05:49,650656,1645
Q7430,DNA,mni,missing,,,58843,,,,650656,0
Q7430,DNA,mr,stub,डीएनए,3005,58843,8669,0.051,2025-03-02 07:59:24,650656,1683
Q7430,DNA,ne,stub,डीएनए,426,58843,1481,0.007,2025-09-28 12:01:19,650656,335
Q7430,DNA,or,missing,,,58843,,,,650656,0
Q7430,DNA,pa,partial,ਡੀ.ਐੱਨ.ਏ.,8909,58843,21687,0.151,2022-12-18 11:52:44,650656,833
Q7430,DNA,sa,missing,,,58843,,,,650656,0
Q7430,DNA,sat,missing,,,58843,,,,650656,0
Q7430,DNA,sd,good,ڊي اين اي,57652,58843,224233,0.98,2026-09-23 08:41:26,650656,222
Q7430,DNA,ta,partial,டி. என். ஏ.,11975,58843,39077,0.204,2026-09-23 03:31:40,650656,2815
Q7430,DNA,tcy,missing,,,58843,,,,650656,0
Q7430,DNA,te,stub,డీఆక్సీరైబో కేంద్రక ఆమ్లం,918,58843,2774,0.016,2020-03-22 01:05:38,650656,571
Q7430,DNA,ur,stub,ڈی این اے,6263,58843,13136,0.106,2026-03-26 04:42:48,650656,3047
Q745832,Stillbirth,as,missing,,,20811,,,,185252,0
Q745832,Stillbirth,bh,missing,,,20811,,,,185252,0
Q745832,Stillbirth,bn,partial,মৃত সন্তান প্রসব,5495,20811,31021,0.264,2026-01-07 22:48:29,185252,1312
Q745832,Stillbirth,gom,missing,,,20811,,,,185252,0
Q745832,Stillbirth,gu,missing,,,20811,,,,185252,0
Q745832,Stillbirth,hi,missing,,,20811,,,,185252,0
Q745832,Stillbirth,kn,missing,,,20811,,,,185252,0
Q745832,Stillbirth,ks,missing,,,20811,,,,185252,0
Q745832,Stillbirth,mai,missing,,,20811,,,,185252,0
Q745832,Stillbirth,ml,partial,ചാപിള്ള പ്രസവം,4410,20811,13343,0.212,2023-04-09 20:46:17,185252,405
Q745832,Stillbirth,mni,missing,,,20811,,,,185252,0
Q745832,Stillbirth,mr,missing,,,20811,,,,185252,0
Q745832,Stillbirth,ne,partial,भ्रूण मृत्यु,3211,20811,22272,0.154,2026-08-08 23:42:30,185252,85
Q745832,Stillbirth,or,stub,ମୃତ ପ୍ରସବ,1905,20811,8675,0.092,2016-11-10 06:30:22,185252,94
Q745832,Stillbirth,pa,missing,,,20811,,,,185252,0
Q745832,Stillbirth,sa,missing,,,20811,,,,185252,0
Q745832,Stillbirth,sat,missing,,,20811,,,,185252,0
Q745832,Stillbirth,sd,missing,,,20811,,,,185252,0
Q745832,Stillbirth,ta,stub,செத்துப் பிறப்பு,867,20811,10064,0.042,2022-10-22 19:37:51,185252,195
Q745832,Stillbirth,tcy,missing,,,20811,,,,185252,0
Q745832,Stillbirth,te,stub,మృతపిండస్రావము,2140,20811,12859,0.103,2026-09-15 11:34:28,185252,121
Q745832,Stillbirth,ur,stub,جنینی موت,2362,20811,12503,0.113,2025-10-16 12:12:51,185252,157
Q746694,Drip irrigation,as,missing,,,17446,,,,49050,0
Q746694,Drip irrigation,bh,missing,,,17446,,,,49050,0
Q746694,Drip irrigation,bn,missing,,,17446,,,,49050,0
Q746694,Drip irrigation,gom,missing,,,17446,,,,49050,0
Q746694,Drip irrigation,gu,missing,,,17446,,,,49050,0
Q746694,Drip irrigation,hi,good,द्रप्स सिंचाई,8857,17446,24064,0.508,2024-06-26 14:44:19,49050,885
Q746694,Drip irrigation,kn,partial,ಹನಿ ನೀರಾವರಿ,4112,17446,15793,0.236,2026-08-07 13:13:18,49050,764
Q746694,Drip irrigation,ks,missing,,,17446,,,,49050,0
Q746694,Drip irrigation,mai,missing,,,17446,,,,49050,0
Q746694,Drip irrigation,ml,stub,തുള്ളിനന,485,17446,1610,0.028,2019-01-09 05:54:06,49050,481
Q746694,Drip irrigation,mni,missing,,,17446,,,,49050,0
Q746694,Drip irrigation,mr,partial,ठिबक सिंचन,2888,17446,7780,0.166,2021-12-06 03:08:40,49050,1649
Q746694,Drip irrigation,ne,missing,,,17446,,,,49050,0
Q746694,Drip irrigation,or,missing,,,17446,,,,49050,0
Q746694,Drip irrigation,pa,missing,,,17446,,,,49050,0
Q746694,Drip irrigation,sa,missing,,,17446,,,,49050,0
Q746694,Drip irrigation,sat,missing,,,17446,,,,49050,0
Q746694,Drip irrigation,sd,missing,,,17446,,,,49050,0
Q746694,Drip irrigation,ta,good,சொட்டு நீர்ப்பாசனம்,8832,17446,26361,0.506,2023-10-26 17:46:37,49050,1757
Q746694,Drip irrigation,tcy,missing,,,17446,,,,49050,0
Q746694,Drip irrigation,te,stub,బిందు సేద్యం,992,17446,4222,0.057,2026-09-15 11:30:41,49050,303
Q746694,Drip irrigation,ur,missing,,,17446,,,,49050,0
Q75,Internet,as,stub,ইণ্টাৰনেট,2290,53202,6995,0.043,2025-01-30 13:04:05,1434350,3269
Q75,Internet,bh,partial,इंटरनेट,9693,53202,32956,0.182,2026-08-01 20:25:45,1434350,6491
Q75,Internet,bn,stub,ইন্টারনেট,4550,53202,15672,0.086,2026-08-03 10:07:19,1434350,7788
Q75,Internet,gom,missing,,,53202,,,,1434350,0
Q75,Internet,gu,good,ઇન્ટરનેટ,42086,53202,120909,0.791,2026-08-17 12:37:09,1434350,3472
Q75,Internet,hi,good,अंतरजाल,46004,53202,131453,0.865,2026-09-26 16:52:15,1434350,5569
Q75,Internet,kn,partial,ಅಂತರಜಾಲ,11791,53202,35333,0.222,2026-09-02 06:43:30,1434350,4382
Q75,Internet,ks,stub,اِنٹَرنؠٹ,239,53202,524,0.004,2024-05-13 18:01:01,1434350,438
Q75,Internet,mai,missing,,,53202,,,,1434350,0
Q75,Internet,ml,stub,ഇന്റർനെറ്റ്,6553,53202,18768,0.123,2025-11-09 17:30:24,1434350,2517
Q75,Internet,mni,stub,ꯂꯥꯡꯁꯦꯜ,497,53202,1389,0.009,2022-04-15 06:18:02,1434350,477
Q75,Internet,mr,partial,महाजाल,8883,53202,23286,0.167,2026-09-29 11:25:29,1434350,1566
Q75,Internet,ne,stub,इन्टरनेट,5625,53202,15214,0.106,2024-05-05 11:39:19,1434350,1177
Q75,Internet,or,stub,ଇଣ୍ଟରନେଟ,2426,53202,7202,0.046,2026-09-02 23:24:03,1434350,691
Q75,Internet,pa,stub,ਇੰਟਰਨੈੱਟ,2581,53202,6950,0.049,2025-05-15 03:57:56,1434350,1166
Q75,Internet,sa,stub,अन्तर्जालम्,5857,53202,15532,0.11,2025-07-17 09:35:41,1434350,550
Q75,Internet,sat,stub,ᱤᱱᱴᱚᱨᱱᱮᱴ,2432,53202,6479,0.046,2023-08-09 06:41:36,1434350,507
Q75,Internet,sd,stub,انٽرنيٽ,3592,53202,6600,0.068,2025-05-19 05:33:23,1434350,445
Q75,Internet,ta,partial,இணையம்,12420,53202,34123,0.233,2026-02-07 04:43:18,1434350,5215
Q75,Internet,tcy,stub,ಅಂತರ್ಜಾಲೊ,153,53202,668,0.003,2025-11-29 15:14:04,1434350,384
Q75,Internet,te,partial,అంతర్జాలం,19114,53202,51713,0.359,2026-05-26 00:06:31,1434350,1776
Q75,Internet,ur,partial,انٹرنیٹ,9711,53202,20789,0.183,2026-10-01 14:39:47,1434350,1843
Q7628806,Stunted growth,as,missing,,,32862,,,,32426,0
Q7628806,Stunted growth,bh,missing,,,32862,,,,32426,0
Q7628806,Stunted growth,bn,missing,,,32862,,,,32426,0
Q7628806,Stunted growth,gom,missing,,,32862,,,,32426,0
Q7628806,Stunted growth,gu,missing,,,32862,,,,32426,0
Q7628806,Stunted growth,hi,missing,,,32862,,,,32426,0
Q7628806,Stunted growth,kn,missing,,,32862,,,,32426,0
Q7628806,Stunted growth,ks,missing,,,32862,,,,32426,0
Q7628806,Stunted growth,mai,missing,,,32862,,,,32426,0
Q7628806,Stunted growth,ml,missing,,,32862,,,,32426,0
Q7628806,Stunted growth,mni,missing,,,32862,,,,32426,0
Q7628806,Stunted growth,mr,missing,,,32862,,,,32426,0
Q7628806,Stunted growth,ne,missing,,,32862,,,,32426,0
Q7628806,Stunted growth,or,missing,,,32862,,,,32426,0
Q7628806,Stunted growth,pa,missing,,,32862,,,,32426,0
Q7628806,Stunted growth,sa,missing,,,32862,,,,32426,0
Q7628806,Stunted growth,sat,missing,,,32862,,,,32426,0
Q7628806,Stunted growth,sd,missing,,,32862,,,,32426,0
Q7628806,Stunted growth,ta,missing,,,32862,,,,32426,0
Q7628806,Stunted growth,tcy,missing,,,32862,,,,32426,0
Q7628806,Stunted growth,te,missing,,,32862,,,,32426,0
Q7628806,Stunted growth,ur,missing,,,32862,,,,32426,0
Q7758678,Nyctalopia,as,partial,কুকুৰীকণা,2035,5421,6971,0.375,2023-11-26 04:56:01,46945,297
Q7758678,Nyctalopia,bh,missing,,,5421,,,,46945,0
Q7758678,Nyctalopia,bn,partial,রাতকানা,2079,5421,10184,0.384,2023-10-21 14:13:42,46945,682
Q7758678,Nyctalopia,gom,missing,,,5421,,,,46945,0
Q7758678,Nyctalopia,gu,missing,,,5421,,,,46945,0
Q7758678,Nyctalopia,hi,good,रतौंधी,4522,5421,12142,0.834,2020-10-15 11:25:47,46945,1163
Q7758678,Nyctalopia,kn,partial,ಇರುಳುಗಣ್ಣು,1862,5421,5472,0.343,2026-03-22 04:43:50,46945,119
Q7758678,Nyctalopia,ks,missing,,,5421,,,,46945,0
Q7758678,Nyctalopia,mai,missing,,,5421,,,,46945,0
Q7758678,Nyctalopia,ml,good,നിശാന്ധത,3030,5421,11154,0.559,2020-08-29 05:35:23,46945,515
Q7758678,Nyctalopia,mni,missing,,,5421,,,,46945,0
Q7758678,Nyctalopia,mr,missing,,,5421,,,,46945,0
Q7758678,Nyctalopia,ne,missing,,,5421,,,,46945,0
Q7758678,Nyctalopia,or,missing,,,5421,,,,46945,0
Q7758678,Nyctalopia,pa,missing,,,5421,,,,46945,0
Q7758678,Nyctalopia,sa,missing,,,5421,,,,46945,0
Q7758678,Nyctalopia,sat,missing,,,5421,,,,46945,0
Q7758678,Nyctalopia,sd,partial,شبڪوري,1112,5421,2650,0.205,2023-10-06 02:59:58,46945,37
Q7758678,Nyctalopia,ta,stub,மாலைக்கண்,673,5421,2056,0.124,2022-06-22 09:37:02,46945,485
Q7758678,Nyctalopia,tcy,missing,,,5421,,,,46945,0
Q7758678,Nyctalopia,te,stub,రేచీకటి,751,5421,3006,0.139,2025-02-23 16:37:43,46945,400
Q7758678,Nyctalopia,ur,stub,شبکوری,132,5421,660,0.024,2026-04-17 09:46:51,46945,27
Q778502,Vaginal discharge,as,missing,,,15150,,,,262793,0
Q778502,Vaginal discharge,bh,missing,,,15150,,,,262793,0
Q778502,Vaginal discharge,bn,partial,যোনিস্রাব,4211,15150,18757,0.278,2023-05-26 23:44:58,262793,3807
Q778502,Vaginal discharge,gom,missing,,,15150,,,,262793,0
Q778502,Vaginal discharge,gu,missing,,,15150,,,,262793,0
Q778502,Vaginal discharge,hi,good,योनि स्राव,12744,15150,44748,0.841,2026-06-13 23:40:16,262793,4260
Q778502,Vaginal discharge,kn,missing,,,15150,,,,262793,0
Q778502,Vaginal discharge,ks,missing,,,15150,,,,262793,0
Q778502,Vaginal discharge,mai,missing,,,15150,,,,262793,0
Q778502,Vaginal discharge,ml,good,വജൈനൽ ഡിസ്ചാർജ്,8486,15150,41394,0.56,2026-07-16 07:07:06,262793,1185
Q778502,Vaginal discharge,mni,missing,,,15150,,,,262793,0
Q778502,Vaginal discharge,mr,missing,,,15150,,,,262793,0
Q778502,Vaginal discharge,ne,stub,योनी श्राव,1322,15150,8189,0.087,2026-08-22 23:55:21,262793,136
Q778502,Vaginal discharge,or,stub,ଯୋନୀ ସ୍ରାବ,1430,15150,7395,0.094,2026-08-13 22:16:30,262793,213
Q778502,Vaginal discharge,pa,missing,,,15150,,,,262793,0
Q778502,Vaginal discharge,sa,missing,,,15150,,,,262793,0
Q778502,Vaginal discharge,sat,missing,,,15150,,,,262793,0
Q778502,Vaginal discharge,sd,missing,,,15150,,,,262793,0
Q778502,Vaginal discharge,ta,missing,,,15150,,,,262793,0
Q778502,Vaginal discharge,tcy,missing,,,15150,,,,262793,0
Q778502,Vaginal discharge,te,stub,యోని స్రావం,1470,15150,7728,0.097,2026-09-02 01:53:58,262793,15
Q778502,Vaginal discharge,ur,stub,اندام نہانی سے اخراج رطوبت,1672,15150,7424,0.11,2026-08-15 06:37:15,262793,1520
Q7868,Cell (biology),as,partial,কোষ (জীৱবিজ্ঞান),6705,39390,19027,0.17,2025-01-06 06:13:03,487279,2738
Q7868,Cell (biology),bh,stub,कोष (जीवविज्ञान),445,39390,3452,0.011,2026-08-30 08:50:59,487279,213
Q7868,Cell (biology),bn,partial,কোষ (জীববিজ্ঞান),15244,39390,52082,0.387,2026-06-23 15:53:33,487279,7342
Q7868,Cell (biology),gom,missing,,,39390,,,,487279,0
Q7868,Cell (biology),gu,missing,,,39390,,,,487279,0
Q7868,Cell (biology),hi,partial,कोशिका,14111,39390,36845,0.358,2025-07-12 17:04:54,487279,36029
Q7868,Cell (biology),kn,good,ಜೀವಕೋಶ,22161,39390,75359,0.563,2026-03-23 08:15:45,487279,3549
Q7868,Cell (biology),ks,stub,سؠل,1095,39390,2657,0.028,2026-01-13 14:17:21,487279,169
Q7868,Cell (biology),mai,missing,,,39390,,,,487279,0
Q7868,Cell (biology),ml,partial,കോശം,13071,39390,44326,0.332,2026-09-27 13:54:50,487279,2408
Q7868,Cell (biology),mni,missing,,,39390,,,,487279,0
Q7868,Cell (biology),mr,stub,पेशी,1276,39390,3765,0.032,2024-01-08 08:23:54,487279,1874
Q7868,Cell (biology),ne,missing,,,39390,,,,487279,0
Q7868,Cell (biology),or,stub,କୋଷ,884,39390,5243,0.022,2020-10-13 05:31:45,487279,374
Q7868,Cell (biology),pa,stub,ਕੋਸ਼ਾਣੂ,241,39390,1160,0.006,2015-11-16 00:15:39,487279,140
Q7868,Cell (biology),sa,stub,रसकोष:,3751,39390,11252,0.095,2021-04-20 18:01:53,487279,118
Q7868,Cell (biology),sat,missing,,,39390,,,,487279,0
Q7868,Cell (biology),sd,stub,جيو گھرڙو,3006,39390,6603,0.076,2024-10-10 10:40:07,487279,194
Q7868,Cell (biology),ta,partial,உயிரணு,8512,39390,33787,0.216,2026-06-17 21:21:44,487279,1250
Q7868,Cell (biology),tcy,missing,,,39390,,,,487279,0
Q7868,Cell (biology),te,partial,జీవకణం,10767,39390,32658,0.273,2024-07-07 01:07:33,487279,545
Q7868,Cell (biology),ur,stub,خلیہ,1940,39390,4741,0.049,2025-01-31 02:24:54,487279,1558
Q7873,Blood,as,partial,তেজ,12606,32752,37976,0.385,2026-04-16 14:03:39,264585,1742
Q7873,Blood,bh,stub,खून,774,32752,2556,0.024,2020-09-29 11:34:29,264585,146
Q7873,Blood,bn,good,রক্ত,34893,32752,139103,1.0,2026-09-24 01:10:06,264585,6709
Q7873,Blood,gom,partial,रगत,6617,32752,18072,0.202,2021-03-20 07:12:13,264585,154
Q7873,Blood,gu,good,લોહી,32908,32752,102281,1.0,2026-09-24 06:04:27,264585,2057
Q7873,Blood,hi,stub,रक्त,2675,32752,8356,0.082,2025-11-24 06:23:15,264585,3784
Q7873,Blood,kn,good,ರಕ್ತ,19535,32752,58953,0.596,2026-03-25 15:28:12,264585,1470
Q7873,Blood,ks,stub,رَتھ,587,32752,1365,0.018,2025-09-08 13:57:17,264585,480
Q7873,Blood,mai,missing,,,32752,,,,264585,0
Q7873,Blood,ml,stub,രക്തം,4631,32752,15157,0.141,2025-09-02 04:08:50,264585,1315
Q7873,Blood,mni,missing,,,32752,,,,264585,0
Q7873,Blood,mr,good,रक्त,24775,32752,67593,0.756,2025-04-17 09:22:19,264585,2591
Q7873,Blood,ne,stub,रगत,960,32752,3044,0.029,2024-05-13 12:13:34,264585,707
Q7873,Blood,or,partial,ରକ୍ତ,6693,32752,18563,0.204,2024-04-03 12:19:09,264585,491
Q7873,Blood,pa,stub,ਲਹੂ,2645,32752,7971,0.081,2025-04-17 01:01:05,264585,205
Q7873,Blood,sa,stub,रक्तम्,1163,32752,3668,0.036,2022-06-26 05:56:24,264585,107
Q7873,Blood,sat,stub,ᱢᱟᱭᱟᱢ,2233,32752,6006,0.068,2024-11-03 03:51:49,264585,164
Q7873,Blood,sd,good,رت,30850,32752,86026,0.942,2026-08-26 22:57:48,264585,143
Q7873,Blood,ta,partial,குருதி,8070,32752,26535,0.246,2026-09-25 09:44:45,264585,1744
Q7873,Blood,tcy,stub,ನೆತ್ತೆರ್,802,32752,2568,0.024,2025-12-29 10:25:16,264585,87
Q7873,Blood,te,partial,రక్తం,11815,32752,36028,0.361,2026-09-24 15:47:32,264585,1763
Q7873,Blood,ur,stub,خون,3290,32752,9839,0.1,2026-04-10 10:19:35,264585,955
Q791974,Mutual fund,as,partial,মিউচুৱেল ফাণ্ড,4003,22089,10946,0.181,2022-11-29 16:59:51,140790,160
Q791974,Mutual fund,bh,stub,म्यूचुअल फंड,963,22089,2596,0.044,2025-03-09 06:38:56,140790,111
Q791974,Mutual fund,bn,missing,,,22089,,,,140790,0
Q791974,Mutual fund,gom,missing,,,22089,,,,140790,0
Q791974,Mutual fund,gu,good,મ્યુચ્યુઅલ ફંડ,26794,22089,80952,1.0,2026-09-08 19:28:41,140790,1402
Q791974,Mutual fund,hi,partial,म्यूचुअल फंड,7503,22089,22487,0.34,2026-04-16 08:23:10,140790,4049
Q791974,Mutual fund,kn,missing,,,22089,,,,140790,0
Q791974,Mutual fund,ks,missing,,,22089,,,,140790,0
Q791974,Mutual fund,mai,missing,,,22089,,,,140790,0
Q791974,Mutual fund,ml,stub,മ്യൂച്വൽ ഫണ്ട്,571,22089,2096,0.026,2013-07-22 15:52:14,140790,446
Q791974,Mutual fund,mni,missing,,,22089,,,,140790,0
Q791974,Mutual fund,mr,partial,म्युच्युअल फंड,4915,22089,18970,0.223,2026-08-16 06:56:56,140790,2105
Q791974,Mutual fund,ne,stub,सामुहिक लगानी कोष,2891,22089,7834,0.131,2020-09-03 10:21:30,140790,231
Q791974,Mutual fund,or,good,ମ୍ୟୁଚୁଆଲ ଫଣ୍ଡ,11451,22089,39642,0.518,2025-10-30 11:15:33,140790,92
Q791974,Mutual fund,pa,stub,ਮਿੳੂਚਲ ਫੰਡ,2163,22089,6103,0.098,2020-09-16 12:37:49,140790,96
Q791974,Mutual fund,sa,stub,पारस्परिकनिधिः,894,22089,2571,0.04,2024-05-09 01:22:53,140790,76
Q791974,Mutual fund,sat,missing,,,22089,,,,140790,0
Q791974,Mutual fund,sd,missing,,,22089,,,,140790,0
Q791974,Mutual fund,ta,good,பரஸ்பர நிதி,33647,22089,100735,1.0,2025-01-20 06:31:00,140790,723
Q791974,Mutual fund,tcy,missing,,,22089,,,,140790,0
Q791974,Mutual fund,te,stub,మ్యూచువల్ ఫండ్,1770,22089,5590,0.08,2026-07-20 15:33:43,140790,692
Q791974,Mutual fund,ur,partial,باہمی فنڈ,7940,22089,15196,0.359,2025-02-28 20:08:31,140790,670
Q7944,Earthquake,as,stub,ভূমিকম্প,4643,38839,13985,0.12,2025-07-16 11:28:30,498344,6533
Q7944,Earthquake,bh,stub,भुँइडोल,408,38839,1328,0.011,2017-08-10 12:45:13,498344,227
Q7944,Earthquake,bn,partial,ভূমিকম্প,12791,38839,52115,0.329,2026-02-09 02:58:13,498344,23216
Q7944,Earthquake,gom,missing,,,38839,,,,498344,0
Q7944,Earthquake,gu,good,ધરતીકંપ,26575,38839,90634,0.684,2026-09-08 19:46:17,498344,3032
Q7944,Earthquake,hi,good,भूकम्प,24366,38839,84851,0.627,2026-08-20 11:18:21,498344,23798
Q7944,Earthquake,kn,good,ಭೂಕಂಪ,32508,38839,112891,0.837,2026-08-11 03:27:09,498344,4994
Q7944,Earthquake,ks,stub,بٕنیُل,673,38839,1617,0.017,2023-06-19 18:00:27,498344,148
Q7944,Earthquake,mai,missing,,,38839,,,,498344,0
Q7944,Earthquake,ml,partial,ഭൂകമ്പം,19343,38839,66277,0.498,2026-09-24 04:39:32,498344,2051
Q7944,Earthquake,mni,missing,,,38839,,,,498344,0
Q7944,Earthquake,mr,partial,भूकंप,6373,38839,20286,0.164,2025-07-28 19:53:56,498344,7005
Q7944,Earthquake,ne,partial,भुईँचालो,18391,38839,51767,0.474,2024-08-07 23:42:44,498344,411
Q7944,Earthquake,or,stub,ଭୂମିକମ୍ପ,2797,38839,8545,0.072,2025-10-26 13:41:34,498344,694
Q7944,Earthquake,pa,partial,ਭੁਚਾਲ,7584,38839,20617,0.195,2022-01-31 17:23:19,498344,769
Q7944,Earthquake,sa,stub,भूकम्पः,2505,38839,8867,0.064,2023-09-30 21:27:44,498344,143
Q7944,Earthquake,sat,missing,,,38839,,,,498344,0
Q7944,Earthquake,sd,partial,زلزلو,9104,38839,15706,0.234,2025-08-22 18:11:53,498344,108
Q7944,Earthquake,ta,partial,நிலநடுக்கம்,7996,38839,28097,0.206,2026-07-11 20:52:58,498344,3716
Q7944,Earthquake,tcy,missing,,,38839,,,,498344,0
Q7944,Earthquake,te,good,భూకంపం,24985,38839,89464,0.643,2026-04-02 22:28:16,498344,1627
Q7944,Earthquake,ur,partial,زلزلہ,8186,38839,16733,0.211,2026-02-15 00:02:51,498344,1007
Q79793,Measles,as,stub,সৰুআই,2061,38800,9196,0.053,2024-05-09 08:17:14,622192,462
Q79793,Measles,bh,stub,खसरा रोग,327,38800,1175,0.008,2017-06-21 11:36:00,622192,59
Q79793,Measles,bn,partial,হাম,10445,38800,44762,0.269,2026-04-26 16:08:47,622192,17338
Q79793,Measles,gom,missing,,,38800,,,,622192,0
Q79793,Measles,gu,missing,,,38800,,,,622192,0
Q79793,Measles,hi,partial,खसरा,17507,38800,69426,0.451,2026-04-28 20:15:08,622192,1430
Q79793,Measles,kn,partial,ದಡಾರ,9852,38800,29224,0.254,2026-03-23 23:00:39,622192,504
Q79793,Measles,ks,stub,ہۆلہٕ ۂج,875,38800,1618,0.023,2024-07-20 18:00:21,622192,118
Q79793,Measles,mai,missing,,,38800,,,,622192,0
Q79793,Measles,ml,partial,അഞ്ചാംപനി,8059,38800,41297,0.208,2026-08-10 10:25:16,622192,4026
Q79793,Measles,mni,missing,,,38800,,,,622192,0
Q79793,Measles,mr,missing,,,38800,,,,622192,0
Q79793,Measles,ne,stub,दादुरा,4003,38800,11068,0.103,2026-07-15 19:44:17,622192,410
Q79793,Measles,or,stub,ମିଳିମିଳା,2462,38800,11314,0.063,2024-12-19 10:41:56,622192,573
Q79793,Measles,pa,stub,ਖਸਰਾ,508,38800,1903,0.013,2022-12-25 20:45:35,622192,116
Q79793,Measles,sa,missing,,,38800,,,,622192,0
Q79793,Measles,sat,missing,,,38800,,,,622192,0
Q79793,Measles,sd,stub,اُرڙي,1069,38800,3157,0.028,2026-05-17 05:15:40,622192,278
Q79793,Measles,ta,stub,தட்டம்மை,2073,38800,8249,0.053,2023-05-21 08:21:08,622192,2360
Q79793,Measles,tcy,missing,,,38800,,,,622192,0
Q79793,Measles,te,partial,తట్టు,6889,38800,22523,0.178,2026-09-23 04:07:46,622192,832
Q79793,Measles,ur,stub,خسرہ,1100,38800,5590,0.028,2026-07-03 22:53:03,622192,525
Q79928,Acne,as,missing,,,65080,,,,191200,0
Q79928,Acne,bh,missing,,,65080,,,,191200,0
Q79928,Acne,bn,stub,ব্রণ,4987,65080,35415,0.077,2026-07-13 20:13:28,191200,1610
Q79928,Acne,gom,missing,,,65080,,,,191200,0
Q79928,Acne,gu,missing,,,65080,,,,191200,0
Q79928,Acne,hi,stub,मुँहासे,5372,65080,26570,0.083,2025-10-03 07:18:33,191200,1313
Q79928,Acne,kn,stub,ಮೊಡವೆ,4896,65080,14491,0.075,2026-03-25 13:32:32,191200,504
Q79928,Acne,ks,missing,,,65080,,,,191200,0
Q79928,Acne,mai,missing,,,65080,,,,191200,0
Q79928,Acne,ml,stub,മുഖക്കുരു,6676,65080,21488,0.103,2025-10-24 12:59:32,191200,599
Q79928,Acne,mni,missing,,,65080,,,,191200,0
Q79928,Acne,mr,stub,मुरुम (त्वचारोग),4053,65080,16639,0.062,2026-08-23 23:09:05,191200,1746
Q79928,Acne,ne,missing,,,65080,,,,191200,0
Q79928,Acne,or,stub,ବ୍ରଣ,2169,65080,16093,0.033,2026-08-03 04:13:10,191200,76
Q79928,Acne,pa,stub,ਫਿਣਸੀਆਂ,2035,65080,13066,0.031,2025-10-10 20:29:42,191200,226
Q79928,Acne,sa,missing,,,65080,,,,191200,0
Q79928,Acne,sat,missing,,,65080,,,,191200,0
Q79928,Acne,sd,missing,,,65080,,,,191200,0
Q79928,Acne,ta,good,ஆக்னே வல்காரிஸ்,50509,65080,169411,0.776,2026-09-22 22:08:36,191200,921
Q79928,Acne,tcy,missing,,,65080,,,,191200,0
Q79928,Acne,te,partial,మొటిమ,13245,65080,37657,0.204,2026-08-17 17:43:18,191200,792
Q79928,Acne,ur,stub,کیل مہاسے,2465,65080,13760,0.038,2026-08-05 21:53:48,191200,296
Q804521,Bacterial vaginosis,as,missing,,,15268,,,,72414,0
Q804521,Bacterial vaginosis,bh,missing,,,15268,,,,72414,0
Q804521,Bacterial vaginosis,bn,stub,ব্যাকটেরিয়াল ভ্যাজাইনোসিস,2098,15268,11639,0.137,2026-07-13 08:41:06,72414,298
Q804521,Bacterial vaginosis,gom,missing,,,15268,,,,72414,0
Q804521,Bacterial vaginosis,gu,missing,,,15268,,,,72414,0
Q804521,Bacterial vaginosis,hi,partial,योनि में जीवाणु संक्रमण,5679,15268,17294,0.372,2018-11-24 05:41:40,72414,1780
Q804521,Bacterial vaginosis,kn,missing,,,15268,,,,72414,0
Q804521,Bacterial vaginosis,ks,missing,,,15268,,,,72414,0
Q804521,Bacterial vaginosis,mai,missing,,,15268,,,,72414,0
Q804521,Bacterial vaginosis,ml,stub,ബാക്റ്റീരിയൽ വജൈനോസിസ്,1237,15268,9019,0.081,2026-07-10 05:10:59,72414,201
Q804521,Bacterial vaginosis,mni,missing,,,15268,,,,72414,0
Q804521,Bacterial vaginosis,mr,missing,,,15268,,,,72414,0
Q804521,Bacterial vaginosis,ne,missing,,,15268,,,,72414,0
Q804521,Bacterial vaginosis,or,stub,ଜୀବାଣୁ ଭାଜିନୋସିସ,1964,15268,10364,0.129,2026-08-14 10:59:16,72414,70
Q804521,Bacterial vaginosis,pa,missing,,,15268,,,,72414,0
Q804521,Bacterial vaginosis,sa,missing,,,15268,,,,72414,0
Q804521,Bacterial vaginosis,sat,missing,,,15268,,,,72414,0
Q804521,Bacterial vaginosis,sd,missing,,,15268,,,,72414,0
Q804521,Bacterial vaginosis,ta,stub,நுண்ணுயிரியால் அல்குல் நோய்,503,15268,9069,0.033,2026-07-20 03:14:08,72414,124
Q804521,Bacterial vaginosis,tcy,missing,,,15268,,,,72414,0
Q804521,Bacterial vaginosis,te,stub,బాక్టీరియల్ వాగ్నోసిస్,2133,15268,12734,0.14,2026-09-01 20:34:01,72414,4
Q804521,Bacterial vaginosis,ur,missing,,,15268,,,,72414,0
Q8068,Flood,as,partial,বানপানী,10683,37437,44543,0.285,2026-09-29 17:59:34,157413,8135
Q8068,Flood,bh,stub,बाढ़ि,1046,37437,3277,0.028,2023-03-24 21:12:55,157413,101
Q8068,Flood,bn,partial,বন্যা,10647,37437,38052,0.284,2025-07-09 00:42:50,157413,2577
Q8068,Flood,gom,missing,,,37437,,,,157413,0
Q8068,Flood,gu,partial,પૂર,12192,37437,44837,0.326,2025-12-07 14:56:13,157413,1424
Q8068,Flood,hi,stub,बाढ़,2662,37437,8036,0.071,2025-09-06 04:56:43,157413,4829
Q8068,Flood,kn,partial,ಪ್ರವಾಹ,16443,37437,62623,0.439,2026-03-24 21:41:29,157413,2338
Q8068,Flood,ks,stub,سٔہلاب,81,37437,199,0.002,2024-04-16 18:00:39,157413,53
Q8068,Flood,mai,stub,बाढ़ि,2646,37437,9681,0.071,2026-09-23 03:39:10,157413,77
Q8068,Flood,ml,stub,വെള്ളപ്പൊക്കം,877,37437,3231,0.023,2021-08-19 02:19:38,157413,1873
Q8068,Flood,mni,missing,,,37437,,,,157413,0
Q8068,Flood,mr,stub,पूर,121,37437,895,0.003,2019-08-01 10:59:38,157413,435
Q8068,Flood,ne,stub,बाढी,2765,37437,10398,0.074,2026-09-23 17:10:02,157413,326
Q8068,Flood,or,stub,ବନ୍ୟା,3786,37437,13587,0.101,2025-05-17 22:26:50,157413,303
Q8068,Flood,pa,stub,ਹੜ੍ਹ,665,37437,3847,0.018,2025-09-03 08:40:16,157413,340
Q8068,Flood,sa,stub,प्लावनम्,89,37437,661,0.002,2017-02-10 08:41:35,157413,121
Q8068,Flood,sat,stub,ᱵᱟᱱ,1654,37437,4679,0.044,2025-05-17 16:47:14,157413,80
Q8068,Flood,sd,stub,ٻوڏ,1607,37437,3228,0.043,2026-02-13 17:14:47,157413,42
Q8068,Flood,ta,partial,வெள்ளம்,11454,37437,44842,0.306,2026-06-25 07:04:56,157413,1982
Q8068,Flood,tcy,missing,,,37437,,,,157413,0
Q8068,Flood,te,stub,వరద,3333,37437,13607,0.089,2026-01-16 03:20:02,157413,1159
Q8068,Flood,ur,stub,سیلاب,1740,37437,8571,0.046,2025-07-09 00:44:45,157413,675
Q8070,Tsunami,as,stub,ছুনামি,3181,35680,11507,0.089,2023-07-27 19:03:27,404104,1684
Q8070,Tsunami,bh,stub,सुनामी,1534,35680,6206,0.043,2026-06-17 20:12:29,404104,186
Q8070,Tsunami,bn,partial,সুনামি,6751,35680,19481,0.189,2026-08-30 07:57:49,404104,2385
Q8070,Tsunami,gom,missing,,,35680,,,,404104,0
Q8070,Tsunami,gu,good,સુનામી,23695,35680,75812,0.664,2026-09-24 07:16:52,404104,1205
Q8070,Tsunami,hi,stub,सूनामी,3958,35680,11983,0.111,2024-12-28 14:33:10,404104,6029
Q8070,Tsunami,kn,partial,ಸುನಾಮಿ,15007,35680,43025,0.421,2026-03-27 22:07:13,404104,4691
Q8070,Tsunami,ks,stub,سُنامی,754,35680,2457,0.021,2026-01-15 15:03:24,404104,151
Q8070,Tsunami,mai,missing,,,35680,,,,404104,0
Q8070,Tsunami,ml,stub,സുനാമി,4994,35680,16361,0.14,2026-09-25 15:52:31,404104,1224
Q8070,Tsunami,mni,missing,,,35680,,,,404104,0
Q8070,Tsunami,mr,stub,त्सुनामी,2222,35680,8749,0.062,2023-11-07 04:06:11,404104,1954
Q8070,Tsunami,ne,stub,सुनामी,2477,35680,6947,0.069,2020-09-03 07:18:01,404104,212
Q8070,Tsunami,or,partial,ସୁନାମି,7440,35680,28189,0.209,2026-09-24 05:37:01,404104,480
Q8070,Tsunami,pa,stub,ਸੁਨਾਮੀ,3040,35680,11794,0.085,2025-08-02 08:11:32,404104,287
Q8070,Tsunami,sa,stub,सुनामी,1829,35680,9269,0.051,2022-08-29 14:42:13,404104,161
Q8070,Tsunami,sat,stub,ᱥᱩᱱᱟᱢᱤ,2487,35680,6693,0.07,2025-06-26 23:02:25,404104,215
Q8070,Tsunami,sd,stub,سونامي,3431,35680,9894,0.096,2026-02-05 13:57:25,404104,189
Q8070,Tsunami,ta,partial,ஆழிப்பேரலை,15508,35680,45959,0.435,2026-07-05 07:59:26,404104,2795
Q8070,Tsunami,tcy,missing,,,35680,,,,404104,0
Q8070,Tsunami,te,good,సునామి,21406,35680,68102,0.6,2026-04-21 21:24:13,404104,1099
Q8070,Tsunami,ur,partial,سونامی,5742,35680,12934,0.161,2025-02-25 00:10:09,404104,413
Q8071861,Zika fever,as,missing,,,36568,,,,25090,0
Q8071861,Zika fever,bh,missing,,,36568,,,,25090,0
Q8071861,Zika fever,bn,stub,জিকা জ্বর,1869,36568,10346,0.051,2025-02-01 15:33:42,25090,80
Q8071861,Zika fever,gom,missing,,,36568,,,,25090,0
Q8071861,Zika fever,gu,missing,,,36568,,,,25090,0
Q8071861,Zika fever,hi,partial,ज़िका बुखार,10415,36568,31124,0.285,2020-06-14 21:30:07,25090,174
Q8071861,Zika fever,kn,missing,,,36568,,,,25090,0
Q8071861,Zika fever,ks,missing,,,36568,,,,25090,0
Q8071861,Zika fever,mai,missing,,,36568,,,,25090,0
Q8071861,Zika fever,ml,partial,സിക വൈറസ് രോഗം,6697,36568,30560,0.183,2022-10-07 03:30:39,25090,267
Q8071861,Zika fever,mni,missing,,,36568,,,,25090,0
Q8071861,Zika fever,mr,missing,,,36568,,,,25090,0
Q8071861,Zika fever,ne,missing,,,36568,,,,25090,0
Q8071861,Zika fever,or,stub,ଜିକା ଜ୍ୱର,1763,36568,8271,0.048,2017-09-06 10:25:42,25090,75
Q8071861,Zika fever,pa,missing,,,36568,,,,25090,0
Q8071861,Zika fever,sa,missing,,,36568,,,,25090,0
Q8071861,Zika fever,sat,missing,,,36568,,,,25090,0
Q8071861,Zika fever,sd,missing,,,36568,,,,25090,0
Q8071861,Zika fever,ta,missing,,,36568,,,,25090,0
Q8071861,Zika fever,tcy,missing,,,36568,,,,25090,0
Q8071861,Zika fever,te,stub,జికా జ్వరం,2145,36568,12253,0.059,2026-08-27 15:56:50,25090,8
Q8071861,Zika fever,ur,missing,,,36568,,,,25090,0
Q8084905,Autoimmune disease,as,missing,,,29742,,,,234082,0
Q8084905,Autoimmune disease,bh,missing,,,29742,,,,234082,0
Q8084905,Autoimmune disease,bn,stub,স্বতঃঅনাক্রম্য রোগ,1554,29742,7101,0.052,2026-08-09 10:06:23,234082,341
Q8084905,Autoimmune disease,gom,missing,,,29742,,,,234082,0
Q8084905,Autoimmune disease,gu,missing,,,29742,,,,234082,0
Q8084905,Autoimmune disease,hi,stub,स्वप्रतिरक्षित रोग,2872,29742,53501,0.097,2026-08-20 13:59:30,234082,464
Q8084905,Autoimmune disease,kn,missing,,,29742,,,,234082,0
Q8084905,Autoimmune disease,ks,missing,,,29742,,,,234082,0
Q8084905,Autoimmune disease,mai,missing,,,29742,,,,234082,0
Q8084905,Autoimmune disease,ml,good,ഓട്ടോഇമ്മ്യൂൺ രോഗങ്ങൾ,21902,29742,83430,0.736,2026-02-12 12:52:15,234082,1882
Q8084905,Autoimmune disease,mni,missing,,,29742,,,,234082,0
Q8084905,Autoimmune disease,mr,missing,,,29742,,,,234082,0
Q8084905,Autoimmune disease,ne,stub,स्वप्रतिरक्षित रोग,2085,29742,11267,0.07,2025-08-09 16:07:06,234082,70
Q8084905,Autoimmune disease,or,stub,ଅଟୋଇମ୍ମ୍ୟୁନ ଡିଜିଜ,1330,29742,6212,0.045,2023-10-07 22:00:01,234082,58
Q8084905,Autoimmune disease,pa,missing,,,29742,,,,234082,0
Q8084905,Autoimmune disease,sa,missing,,,29742,,,,234082,0
Q8084905,Autoimmune disease,sat,missing,,,29742,,,,234082,0
Q8084905,Autoimmune disease,sd,missing,,,29742,,,,234082,0
Q8084905,Autoimmune disease,ta,stub,தன்னுடல் தாக்குநோய்,1098,29742,4195,0.037,2016-08-20 04:51:57,234082,1497
Q8084905,Autoimmune disease,tcy,missing,,,29742,,,,234082,0
Q8084905,Autoimmune disease,te,stub,స్వయం ప్రతిరక్షక వ్యాధి,3519,29742,15972,0.118,2024-10-23 13:02:29,234082,323
Q8084905,Autoimmune disease,ur,stub,خودکار مدافعتی بیماری,1403,29742,6768,0.047,2026-03-23 07:28:28,234082,180
Q8087,Geometry,as,partial,জ্যামিতি,8442,35083,22657,0.241,2026-06-17 10:53:37,359752,919
Q8087,Geometry,bh,stub,ज्यॉमेट्री,154,35083,477,0.004,2020-04-17 19:40:32,359752,91
Q8087,Geometry,bn,good,জ্যামিতি,31932,35083,88754,0.91,2025-06-01 14:33:49,359752,3441
Q8087,Geometry,gom,missing,,,35083,,,,359752,0
Q8087,Geometry,gu,stub,ભૂમિતિ,1759,35083,4758,0.05,2020-08-28 04:04:33,359752,489
Q8087,Geometry,hi,partial,ज्यामिति,12250,35083,32742,0.349,2023-07-29 01:15:35,359752,4204
Q8087,Geometry,kn,stub,ರೇಖಾಗಣಿತ,759,35083,2499,0.022,2026-03-25 18:31:49,359752,537
Q8087,Geometry,ks,missing,,,35083,,,,359752,0
Q8087,Geometry,mai,missing,,,35083,,,,359752,0
Q8087,Geometry,ml,partial,ജ്യാമിതി,6356,35083,19301,0.181,2025-10-27 16:38:40,359752,1363
Q8087,Geometry,mni,missing,,,35083,,,,359752,0
Q8087,Geometry,mr,stub,भूमिती,0,35083,7605,0.0,2022-03-26 16:14:50,359752,552
Q8087,Geometry,ne,stub,ज्यामिति,894,35083,2528,0.025,2020-09-12 16:29:21,359752,163
Q8087,Geometry,or,stub,ଜ୍ୟାମିତି,3642,35083,12476,0.104,2026-06-13 20:33:57,359752,377
Q8087,Geometry,pa,stub,ਰੇਖਾ ਗਣਿਤ,314,35083,1414,0.009,2024-04-03 02:01:32,359752,143
Q8087,Geometry,sa,missing,,,35083,,,,359752,0
Q8087,Geometry,sat,missing,,,35083,,,,359752,0
Q8087,Geometry,sd,stub,جاميٽري,246,35083,866,0.007,2025-05-29 11:16:41,359752,117
Q8087,Geometry,ta,partial,வடிவவியல்,7916,35083,26814,0.226,2026-07-20 11:42:39,359752,734
Q8087,Geometry,tcy,missing,,,35083,,,,359752,0
Q8087,Geometry,te,stub,రేఖాగణితం,1168,35083,3344,0.033,2026-05-16 15:23:49,359752,373
Q8087,Geometry,ur,stub,ہندسہ,1272,35083,2735,0.036,2026-05-26 20:39:12,359752,521
Q8092,Tropical cyclone,as,stub,ক্ৰান্তীয় ঘূৰ্ণীবতাহ,2140,63761,7926,0.034,2025-06-16 07:29:08,409837,212
Q8092,Tropical cyclone,bh,stub,उष्णकटिबंधी चक्रवात,305,63761,1007,0.005,2022-03-28 07:30:28,409837,100
Q8092,Tropical cyclone,bn,stub,ক্রান্তীয় ঘূর্ণিঝড়,4633,63761,21088,0.073,2026-09-23 08:37:00,409837,905
Q8092,Tropical cyclone,gom,missing,,,63761,,,,409837,0
Q8092,Tropical cyclone,gu,missing,,,63761,,,,409837,0
Q8092,Tropical cyclone,hi,good,उष्णकटिबंधीय चक्रवात,53942,63761,236306,0.846,2026-07-03 09:28:23,409837,2777
Q8092,Tropical cyclone,kn,partial,ಚಂಡಮಾರುತ,10776,63761,31932,0.169,2026-03-23 03:05:44,409837,3456
Q8092,Tropical cyclone,ks,missing,,,63761,,,,409837,0
Q8092,Tropical cyclone,mai,missing,,,63761,,,,409837,0
Q8092,Tropical cyclone,ml,stub,ഉഷ്ണമേഖലാകൊടുങ്കാറ്റ്,2946,63761,8489,0.046,2016-11-14 17:44:00,409837,389
Q8092,Tropical cyclone,mni,missing,,,63761,,,,409837,0
Q8092,Tropical cyclone,mr,stub,हरिकेन,1346,63761,4316,0.021,2022-03-26 16:22:55,409837,439
Q8092,Tropical cyclone,ne,stub,उष्णदेशीय चक्रवात,1219,63761,4833,0.019,2026-09-17 07:50:28,409837,126
Q8092,Tropical cyclone,or,stub,କ୍ରାନ୍ତୀୟ ଘୂର୍ଣ୍ଣିବାତ୍ୟା,4135,63761,16646,0.065,2023-10-08 01:59:26,409837,160
Q8092,Tropical cyclone,pa,stub,ਤਪਤ-ਖੰਡੀ ਵਾਵਰੋਲਾ,357,63761,2508,0.006,2022-09-09 22:15:58,409837,94
Q8092,Tropical cyclone,sa,stub,प्रभञ्जनः,95,63761,705,0.001,2017-02-10 08:40:10,409837,167
Q8092,Tropical cyclone,sat,missing,,,63761,,,,409837,0
Q8092,Tropical cyclone,sd,stub,ٽراپيڪل سائيڪلون,2231,63761,4196,0.035,2026-02-14 17:59:46,409837,44
Q8092,Tropical cyclone,ta,stub,வெப்ப மண்டலச் சூறாவளி,7252,63761,28565,0.114,2026-08-18 03:32:27,409837,764
Q8092,Tropical cyclone,tcy,missing,,,63761,,,,409837,0
Q8092,Tropical cyclone,te,partial,ఉష్ణమండల తుఫాను,9814,63761,43991,0.154,2026-05-31 13:01:55,409837,1090
Q8092,Tropical cyclone,ur,partial,طوفان,16138,63761,29707,0.253,2026-07-10 12:51:49,409837,1987
Q80962,Animal husbandry,as,missing,,,33443,,,,157118,0
Q80962,Animal husbandry,bh,missing,,,33443,,,,157118,0
Q80962,Animal husbandry,bn,stub,পশুপালনবিদ্যা,867,33443,2978,0.026,2025-05-11 19:12:30,157118,297
Q80962,Animal husbandry,gom,missing,,,33443,,,,157118,0
Q80962,Animal husbandry,gu,stub,પશુપાલન,2232,33443,5913,0.067,2022-02-02 09:46:05,157118,2059
Q80962,Animal husbandry,hi,partial,पशुपालन,8456,33443,23441,0.253,2026-06-24 13:22:40,157118,2183
Q80962,Animal husbandry,kn,stub,ಪಶುಪಾಲನೆ,577,33443,1334,0.017,2026-03-24 18:49:46,157118,421
Q80962,Animal husbandry,ks,missing,,,33443,,,,157118,0
Q80962,Animal husbandry,mai,missing,,,33443,,,,157118,0
Q80962,Animal husbandry,ml,stub,കാലി വളർത്തൽ,630,33443,2243,0.019,2025-05-03 22:28:09,157118,135
Q80962,Animal husbandry,mni,missing,,,33443,,,,157118,0
Q80962,Animal husbandry,mr,missing,,,33443,,,,157118,0
Q80962,Animal husbandry,ne,stub,पशु पालन,599,33443,1984,0.018,2022-08-17 06:10:06,157118,497
Q80962,Animal husbandry,or,stub,ପଶୁ ପାଳନ,2203,33443,8023,0.066,2026-08-14 10:56:10,157118,134
Q80962,Animal husbandry,pa,partial,ਪਸ਼ੂ ਪਾਲਣ,7094,33443,127169,0.212,2026-09-05 21:07:40,157118,776
Q80962,Animal husbandry,sa,missing,,,33443,,,,157118,0
Q80962,Animal husbandry,sat,missing,,,33443,,,,157118,0
Q80962,Animal husbandry,sd,stub,مويشي پالڻ,1319,33443,3084,0.039,2026-07-25 10:05:12,157118,16
Q80962,Animal husbandry,ta,partial,கால்நடை வளர்ப்பு,9185,33443,33147,0.275,2025-08-12 00:27:46,157118,1067
Q80962,Animal husbandry,tcy,missing,,,33443,,,,157118,0
Q80962,Animal husbandry,te,partial,పశు పోషణ,8487,33443,23788,0.254,2025-12-13 10:44:23,157118,464
Q80962,Animal husbandry,ur,stub,افزائش مویشی,194,33443,1012,0.006,2025-02-21 22:23:52,157118,92
Q81041,Water cycle,as,missing,,,18412,,,,159876,0
Q81041,Water cycle,bh,missing,,,18412,,,,159876,0
Q81041,Water cycle,bn,stub,পানিচক্র,673,18412,3587,0.037,2025-06-10 14:45:32,159876,1370
Q81041,Water cycle,gom,missing,,,18412,,,,159876,0
Q81041,Water cycle,gu,good,જળ ચક્ર,11963,18412,41681,0.65,2026-04-24 06:30:36,159876,1232
Q81041,Water cycle,hi,stub,जल चक्र,2100,18412,5855,0.114,2026-02-19 17:29:31,159876,17148
Q81041,Water cycle,kn,good,ಜಲ ಚಕ್ರ,13884,18412,47868,0.754,2026-04-24 14:18:26,159876,2923
Q81041,Water cycle,ks,stub,آبہٕ چَکَر,516,18412,1557,0.028,2025-11-22 18:02:12,159876,70
Q81041,Water cycle,mai,missing,,,18412,,,,159876,0
Q81041,Water cycle,ml,stub,ജലചംക്രമണം,1319,18412,4256,0.072,2024-01-20 15:09:23,159876,640
Q81041,Water cycle,mni,missing,,,18412,,,,159876,0
Q81041,Water cycle,mr,stub,जलचक्र,940,18412,2845,0.051,2022-03-22 16:33:55,159876,3128
Q81041,Water cycle,ne,stub,जलचक्र,1894,18412,5504,0.103,2023-04-09 21:07:10,159876,188
Q81041,Water cycle,or,missing,,,18412,,,,159876,0
Q81041,Water cycle,pa,stub,ਜਲ ਚੱਕਰ,506,18412,1636,0.027,2015-05-23 08:33:35,159876,371
Q81041,Water cycle,sa,missing,,,18412,,,,159876,0
Q81041,Water cycle,sat,missing,,,18412,,,,159876,0
Q81041,Water cycle,sd,stub,آبِي چَڪَرُ,2608,18412,4830,0.142,2025-04-26 19:26:34,159876,112
Q81041,Water cycle,ta,good,நீர்ச் சுழற்சி,13250,18412,44312,0.72,2026-07-25 09:17:13,159876,1775
Q81041,Water cycle,tcy,partial,ಜಲಚಕ್ರ,7735,18412,21636,0.42,2025-12-26 08:06:23,159876,356
Q81041,Water cycle,te,stub,జలచక్రం,1235,18412,6235,0.067,2020-03-21 07:14:46,159876,1019
Q81041,Water cycle,ur,stub,آبی چکر,684,18412,1738,0.037,2025-06-21 04:26:37,159876,468
Q81375,Chickpea,as,stub,বুট,1075,16984,5777,0.063,2023-11-07 00:51:55,390406,300
Q81375,Chickpea,bh,stub,चना,177,16984,906,0.01,2025-03-09 02:30:41,390406,73
Q81375,Chickpea,bn,partial,ছোলা,3036,16984,9852,0.179,2025-11-23 19:34:41,390406,4287
Q81375,Chickpea,gom,missing,,,16984,,,,390406,0
Q81375,Chickpea,gu,partial,ચણા,6789,16984,27162,0.4,2026-09-24 01:23:58,390406,851
Q81375,Chickpea,hi,partial,चना,3720,16984,15232,0.219,2024-10-03 08:50:41,390406,4169
Q81375,Chickpea,kn,partial,ಕಡಲೆ,5828,16984,19605,0.343,2026-03-22 11:51:11,390406,1328
Q81375,Chickpea,ks,stub,چنہٕ,285,16984,1838,0.017,2026-04-19 19:41:36,390406,58
Q81375,Chickpea,mai,missing,,,16984,,,,390406,0
Q81375,Chickpea,ml,stub,കടല,1407,16984,7104,0.083,2025-09-25 11:45:19,390406,1580
Q81375,Chickpea,mni,missing,,,16984,,,,390406,0
Q81375,Chickpea,mr,stub,हरभरा,1840,16984,5482,0.108,2024-10-14 20:44:34,390406,2697
Q81375,Chickpea,ne,stub,चना,1582,16984,5408,0.093,2025-08-25 14:21:03,390406,121
Q81375,Chickpea,or,stub,ଚଣା,199,16984,2242,0.012,2023-11-07 02:07:05,390406,91
Q81375,Chickpea,pa,stub,ਛੋਲੇ,1815,16984,6255,0.107,2023-11-09 10:39:42,390406,220
Q81375,Chickpea,sa,stub,चणकः,2368,16984,7614,0.139,2023-09-30 20:26:59,390406,134
Q81375,Chickpea,sat,missing,,,16984,,,,390406,0
Q81375,Chickpea,sd,missing,,,16984,,,,390406,0
Q81375,Chickpea,ta,stub,கொண்டைக் கடலை,734,16984,4146,0.043,2024-02-19 16:59:18,390406,2798
Q81375,Chickpea,tcy,missing,,,16984,,,,390406,0
Q81375,Chickpea,te,stub,శనగలు,1187,16984,3804,0.07,2024-11-26 12:49:10,390406,2044
Q81375,Chickpea,ur,stub,چنا,631,16984,3959,0.037,2025-05-07 12:02:34,390406,476
Q8161,Tax,as,stub,কৰ,3991,37572,13186,0.106,2024-11-08 07:15:45,122284,725
Q8161,Tax,bh,missing,,,37572,,,,122284,0
Q8161,Tax,bn,stub,কর,1139,37572,4075,0.03,2025-05-23 14:33:54,122284,1508
Q8161,Tax,gom,missing,,,37572,,,,122284,0
Q8161,Tax,gu,missing,,,37572,,,,122284,0
Q8161,Tax,hi,partial,कर,14085,37572,37703,0.375,2026-06-22 06:27:13,122284,11793
Q8161,Tax,kn,partial,ತೆರಿಗೆ,9492,37572,26408,0.253,2026-03-23 22:02:19,122284,2999
Q8161,Tax,ks,missing,,,37572,,,,122284,0
Q8161,Tax,mai,missing,,,37572,,,,122284,0
Q8161,Tax,ml,partial,നികുതി,13847,37572,40426,0.369,2019-08-09 15:58:23,122284,800
Q8161,Tax,mni,missing,,,37572,,,,122284,0
Q8161,Tax,mr,stub,कर,1407,37572,4620,0.037,2023-04-03 15:32:12,122284,2144
Q8161,Tax,ne,stub,कर,2317,37572,6269,0.062,2023-10-28 01:53:21,122284,358
Q8161,Tax,or,missing,,,37572,,,,122284,0
Q8161,Tax,pa,stub,ਕਰ,2737,37572,8148,0.073,2025-10-04 11:41:00,122284,268
Q8161,Tax,sa,missing,,,37572,,,,122284,0
Q8161,Tax,sat,stub,ᱠᱷᱟᱡᱽᱱᱟ,2507,37572,6779,0.067,2024-03-17 21:01:51,122284,104
Q8161,Tax,sd,stub,اڳاڙي,142,37572,543,0.004,2024-04-15 10:31:57,122284,83
Q8161,Tax,ta,partial,வரி,9949,37572,30447,0.265,2025-06-22 03:26:01,122284,2346
Q8161,Tax,tcy,missing,,,37572,,,,122284,0
Q8161,Tax,te,stub,పన్ను (ఆర్థిక వ్యవస్థ),1206,37572,3034,0.032,2026-06-04 01:10:03,122284,849
Q8161,Tax,ur,stub,محصول,803,37572,2276,0.021,2025-08-27 07:14:15,122284,283
Q816422,Dysmenorrhea,as,partial,ডিচমেনৰিয়া,6248,18273,20247,0.342,2026-08-07 11:36:44,59380,160
Q816422,Dysmenorrhea,bh,missing,,,18273,,,,59380,0
Q816422,Dysmenorrhea,bn,partial,ডিসমেনোরিয়া,6476,18273,22369,0.354,2025-10-13 13:35:29,59380,511
Q816422,Dysmenorrhea,gom,missing,,,18273,,,,59380,0
Q816422,Dysmenorrhea,gu,missing,,,18273,,,,59380,0
Q816422,Dysmenorrhea,hi,good,कष्टार्तव (डिसमेनोरीया),11604,18273,51527,0.635,2025-11-03 05:52:16,59380,242
Q816422,Dysmenorrhea,kn,missing,,,18273,,,,59380,0
Q816422,Dysmenorrhea,ks,missing,,,18273,,,,59380,0
Q816422,Dysmenorrhea,mai,missing,,,18273,,,,59380,0
Q816422,Dysmenorrhea,ml,stub,ഡിസ്മെനോറിയ,2260,18273,8495,0.124,2023-01-09 04:16:11,59380,194
Q816422,Dysmenorrhea,mni,missing,,,18273,,,,59380,0
Q816422,Dysmenorrhea,mr,missing,,,18273,,,,59380,0
Q816422,Dysmenorrhea,ne,partial,महिनावारीको पेट दुखाइ,3232,18273,9910,0.177,2025-11-27 16:24:37,59380,364
Q816422,Dysmenorrhea,or,stub,ଋତୁଶୂଳ,1524,18273,6318,0.083,2017-08-30 18:57:45,59380,100
Q816422,Dysmenorrhea,pa,partial,ਡਾਈਸਮੇਨੋਰੀਆ,3186,18273,10792,0.174,2020-09-15 15:37:34,59380,73
Q816422,Dysmenorrhea,sa,missing,,,18273,,,,59380,0
Q816422,Dysmenorrhea,sat,missing,,,18273,,,,59380,0
Q816422,Dysmenorrhea,sd,missing,,,18273,,,,59380,0
Q816422,Dysmenorrhea,ta,partial,வலிமிகு மாதவிலக்கு,2951,18273,14598,0.161,2023-03-04 13:53:20,59380,483
Q816422,Dysmenorrhea,tcy,missing,,,18273,,,,59380,0
Q816422,Dysmenorrhea,te,stub,డిస్మెనోరియా,1700,18273,9199,0.093,2026-08-13 11:49:45,59380,4
Q816422,Dysmenorrhea,ur,stub,عسر الطمث,1184,18273,3655,0.065,2026-07-18 06:10:20,59380,75
Q81867,Albinism,as,missing,,,35718,,,,199596,0
Q81867,Albinism,bh,missing,,,35718,,,,199596,0
Q81867,Albinism,bn,stub,অ্যালবিনিজম,3453,35718,15709,0.097,2026-06-21 19:32:03,199596,490
Q81867,Albinism,gom,missing,,,35718,,,,199596,0
Q81867,Albinism,gu,missing,,,35718,,,,199596,0
Q81867,Albinism,hi,partial,रंगहीनता,16368,35718,60461,0.458,2026-09-24 11:05:48,199596,542
Q81867,Albinism,kn,missing,,,35718,,,,199596,0
Q81867,Albinism,ks,missing,,,35718,,,,199596,0
Q81867,Albinism,mai,missing,,,35718,,,,199596,0
Q81867,Albinism,ml,stub,ആൽബിനിസം,876,35718,3231,0.025,2019-06-04 01:42:51,199596,309
Q81867,Albinism,mni,missing,,,35718,,,,199596,0
Q81867,Albinism,mr,missing,,,35718,,,,199596,0
Q81867,Albinism,ne,missing,,,35718,,,,199596,0
Q81867,Albinism,or,missing,,,35718,,,,199596,0
Q81867,Albinism,pa,missing,,,35718,,,,199596,0
Q81867,Albinism,sa,missing,,,35718,,,,199596,0
Q81867,Albinism,sat,missing,,,35718,,,,199596,0
Q81867,Albinism,sd,stub,بگ مرض,2288,35718,6401,0.064,2026-09-29 01:00:30,199596,58
Q81867,Albinism,ta,stub,அல்பினிசம்,1507,35718,6043,0.042,2024-09-29 01:29:46,199596,320
Q81867,Albinism,tcy,missing,,,35718,,,,199596,0
Q81867,Albinism,te,missing,,,35718,,,,199596,0
Q81867,Albinism,ur,stub,برصیت,704,35718,3185,0.02,2025-02-10 16:46:31,199596,74
Q81938,Pain,as,stub,বিষ,6032,41306,32013,0.146,2026-08-26 02:21:06,134018,225
Q81938,Pain,bh,missing,,,41306,,,,134018,0
Q81938,Pain,bn,stub,ব্যথা,4323,41306,22633,0.105,2026-05-03 13:41:29,134018,1004
Q81938,Pain,gom,missing,,,41306,,,,134018,0
Q81938,Pain,gu,missing,,,41306,,,,134018,0
Q81938,Pain,hi,stub,दर्द,5330,41306,16272,0.129,2024-02-23 03:52:01,134018,216
Q81938,Pain,kn,partial,ನೋವು,10569,41306,28724,0.256,2026-03-24 17:12:56,134018,394
Q81938,Pain,ks,missing,,,41306,,,,134018,0
Q81938,Pain,mai,missing,,,41306,,,,134018,0
Q81938,Pain,ml,stub,വേദന,1492,41306,8743,0.036,2026-07-09 20:49:43,134018,298
Q81938,Pain,mni,missing,,,41306,,,,134018,0
Q81938,Pain,mr,partial,वेदना,6805,41306,18448,0.165,2022-04-02 16:30:16,134018,446
Q81938,Pain,ne,missing,,,41306,,,,134018,0
Q81938,Pain,or,stub,ଯନ୍ତ୍ରଣା,983,41306,6575,0.024,2026-08-02 23:39:22,134018,106
Q81938,Pain,pa,stub,ਪੀੜ,228,41306,1360,0.006,2020-09-16 05:44:52,134018,74
Q81938,Pain,sa,missing,,,41306,,,,134018,0
Q81938,Pain,sat,missing,,,41306,,,,134018,0
Q81938,Pain,sd,stub,تڪليف,767,41306,1879,0.019,2025-02-19 14:39:33,134018,54
Q81938,Pain,ta,good,வலி,38967,41306,145220,0.943,2026-07-20 03:58:29,134018,917
Q81938,Pain,tcy,missing,,,41306,,,,134018,0
Q81938,Pain,te,partial,నొప్పి,6440,41306,18358,0.156,2026-09-15 17:31:52,134018,386
Q81938,Pain,ur,stub,تکلیف,811,41306,2550,0.02,2026-07-29 02:24:24,134018,197
Q83030,Dementia,as,stub,ডিমেন্‌চিয়া,1575,77229,6917,0.02,2024-11-28 10:32:42,427263,208
Q83030,Dementia,bh,missing,,,77229,,,,427263,0
Q83030,Dementia,bn,stub,চিত্তভ্রংশ,2483,77229,15109,0.032,2025-05-23 15:55:20,427263,368
Q83030,Dementia,gom,missing,,,77229,,,,427263,0
Q83030,Dementia,gu,stub,ડિમેન્શિયા,1189,77229,3912,0.015,2021-07-21 15:56:08,427263,231
Q83030,Dementia,hi,partial,मनोभ्रंश रोग,15911,77229,41240,0.206,2023-09-03 13:41:56,427263,909
Q83030,Dementia,kn,partial,ಬುದ್ಧಿಮಾಂದ್ಯ,24873,77229,92265,0.322,2026-08-07 04:50:39,427263,704
Q83030,Dementia,ks,stub,زَوال عقٕل,840,77229,1567,0.011,2024-07-23 18:00:25,427263,75
Q83030,Dementia,mai,missing,,,77229,,,,427263,0
Q83030,Dementia,ml,stub,മേധാക്ഷയം,2197,77229,7751,0.028,2026-03-24 09:58:33,427263,421
Q83030,Dementia,mni,missing,,,77229,,,,427263,0
Q83030,Dementia,mr,missing,,,77229,,,,427263,0
Q83030,Dementia,ne,missing,,,77229,,,,427263,0
Q83030,Dementia,or,stub,ଡିମେନ୍ସିଆ,2897,77229,15081,0.038,2026-09-24 00:14:55,427263,163
Q83030,Dementia,pa,missing,,,77229,,,,427263,0
Q83030,Dementia,sa,missing,,,77229,,,,427263,0
Q83030,Dementia,sat,missing,,,77229,,,,427263,0
Q83030,Dementia,sd,missing,,,77229,,,,427263,0
Q83030,Dementia,ta,partial,மறதிநோய்,30099,77229,107966,0.39,2026-06-24 07:00:29,427263,1221
Q83030,Dementia,tcy,missing,,,77229,,,,427263,0
Q83030,Dementia,te,stub,చిత్త భ్రంశం (డెమెన్షియా),2793,77229,10737,0.036,2026-09-17 11:12:57,427263,354
Q83030,Dementia,ur,stub,عتاہت,1606,77229,3785,0.021,2025-02-26 16:33:21,427263,136
Q83319,Typhoid fever,as,stub,টাইফইড,3272,40116,14213,0.082,2026-08-07 04:14:57,526217,629
Q83319,Typhoid fever,bh,missing,,,40116,,,,526217,0
Q83319,Typhoid fever,bn,stub,আন্ত্রিক জ্বর,4064,40116,22013,0.101,2026-05-26 10:23:30,526217,3005
Q83319,Typhoid fever,gom,missing,,,40116,,,,526217,0
Q83319,Typhoid fever,gu,stub,ટાઇફોઇડ,2764,40116,9627,0.069,2025-03-10 10:20:46,526217,778
Q83319,Typhoid fever,hi,stub,आंत्र ज्वर,5110,40116,16496,0.127,2023-08-25 20:22:40,526217,2349
Q83319,Typhoid fever,kn,stub,ವಿಷಮಶೀತ ಜ್ವರ,1732,40116,6571,0.043,2026-03-26 00:03:30,526217,699
Q83319,Typhoid fever,ks,missing,,,40116,,,,526217,0
Q83319,Typhoid fever,mai,missing,,,40116,,,,526217,0
Q83319,Typhoid fever,ml,stub,ടൈഫോയ്ഡ്,2384,40116,8264,0.059,2022-06-28 16:32:51,526217,2404
Q83319,Typhoid fever,mni,missing,,,40116,,,,526217,0
Q83319,Typhoid fever,mr,stub,विषमज्वर,5959,40116,16170,0.149,2025-05-10 06:43:48,526217,869
Q83319,Typhoid fever,ne,stub,टाइफाइड,3453,40116,12860,0.086,2026-08-09 01:48:12,526217,541
Q83319,Typhoid fever,or,partial,ଟାଇଫଏଡ,6483,40116,27376,0.162,2026-08-14 02:29:11,526217,606
Q83319,Typhoid fever,pa,stub,ਟਾਈਫਾਈਡ ਬੁਖ਼ਾਰ,735,40116,2814,0.018,2020-09-15 14:26:22,526217,227
Q83319,Typhoid fever,sa,missing,,,40116,,,,526217,0
Q83319,Typhoid fever,sat,missing,,,40116,,,,526217,0
Q83319,Typhoid fever,sd,stub,مدي جو تپ,4175,40116,8559,0.104,2026-08-20 12:52:11,526217,87
Q83319,Typhoid fever,ta,partial,குடற்காய்ச்சல்,17556,40116,55652,0.438,2026-09-21 15:47:53,526217,1768
Q83319,Typhoid fever,tcy,missing,,,40116,,,,526217,0
Q83319,Typhoid fever,te,stub,టైఫాయిడ్,5574,40116,16558,0.139,2024-08-15 05:48:11,526217,1067
Q83319,Typhoid fever,ur,stub,ٹائیفائڈ بخار,810,40116,2371,0.02,2025-05-04 13:32:33,526217,365
Q83323,Fertilizer,as,missing,,,48715,,,,164180,0
Q83323,Fertilizer,bh,missing,,,48715,,,,164180,0
Q83323,Fertilizer,bn,partial,সার,16806,48715,91229,0.345,2026-09-26 14:10:46,164180,1907
Q83323,Fertilizer,gom,missing,,,48715,,,,164180,0
Q83323,Fertilizer,gu,missing,,,48715,,,,164180,0
Q83323,Fertilizer,hi,stub,उर्वरक,5537,48715,17184,0.114,2025-01-11 05:05:57,164180,2297
Q83323,Fertilizer,kn,partial,ರಸಗೊಬ್ಬರ,20697,48715,69560,0.425,2026-03-25 16:07:58,164180,1728
Q83323,Fertilizer,ks,missing,,,48715,,,,164180,0
Q83323,Fertilizer,mai,missing,,,48715,,,,164180,0
Q83323,Fertilizer,ml,partial,വളം,23349,48715,103361,0.479,2026-09-25 02:37:49,164180,860
Q83323,Fertilizer,mni,missing,,,48715,,,,164180,0
Q83323,Fertilizer,mr,stub,खत,687,48715,3367,0.014,2024-05-14 18:07:00,164180,531
Q83323,Fertilizer,ne,stub,उर्वरक,1255,48715,3627,0.026,2024-03-27 02:52:43,164180,98
Q83323,Fertilizer,or,missing,,,48715,,,,164180,0
Q83323,Fertilizer,pa,partial,ਖਾਦ,21327,48715,58882,0.438,2024-12-30 11:34:46,164180,769
Q83323,Fertilizer,sa,missing,,,48715,,,,164180,0
Q83323,Fertilizer,sat,stub,ᱠᱷᱚᱛ ᱟᱨ ᱥᱟᱨ,3372,48715,8693,0.069,2024-08-08 03:16:59,164180,147
Q83323,Fertilizer,sd,missing,,,48715,,,,164180,0
Q83323,Fertilizer,ta,partial,உரம்,7341,48715,25038,0.151,2026-06-17 22:47:45,164180,1489
Q83323,Fertilizer,tcy,missing,,,48715,,,,164180,0
Q83323,Fertilizer,te,stub,ఎరువు,1498,48715,4357,0.031,2025-05-28 07:27:38,164180,1070
Q83323,Fertilizer,ur,stub,کھاد,2954,48715,5908,0.061,2026-04-26 06:52:12,164180,635
Q835061,Mastitis,as,stub,মেষ্টিটিছ,2324,22582,10265,0.103,2026-08-07 02:37:42,55111,39
Q835061,Mastitis,bh,missing,,,22582,,,,55111,0
Q835061,Mastitis,bn,missing,,,22582,,,,55111,0
Q835061,Mastitis,gom,missing,,,22582,,,,55111,0
Q835061,Mastitis,gu,missing,,,22582,,,,55111,0
Q835061,Mastitis,hi,partial,स्तन की सूजन,3479,22582,12841,0.154,2021-12-02 23:20:20,55111,778
Q835061,Mastitis,kn,missing,,,22582,,,,55111,0
Q835061,Mastitis,ks,missing,,,22582,,,,55111,0
Q835061,Mastitis,mai,stub,स्तनक सूजन,729,22582,5278,0.032,2026-08-22 21:02:35,55111,42
Q835061,Mastitis,ml,good,മാസ്റ്റൈറ്റിസ്,14497,22582,56930,0.642,2025-10-09 20:25:03,55111,563
Q835061,Mastitis,mni,missing,,,22582,,,,55111,0
Q835061,Mastitis,mr,missing,,,22582,,,,55111,0
Q835061,Mastitis,ne,missing,,,22582,,,,55111,0
Q835061,Mastitis,or,stub,ମାସ୍ଟାଇଟିସ,1028,22582,7195,0.046,2026-08-02 17:50:48,55111,68
Q835061,Mastitis,pa,stub,ਛਾਤੀਆਂ ਦੀ ਸੋਜ,3118,22582,12444,0.138,2024-12-15 02:50:14,55111,74
Q835061,Mastitis,sa,missing,,,22582,,,,55111,0
Q835061,Mastitis,sat,missing,,,22582,,,,55111,0
Q835061,Mastitis,sd,missing,,,22582,,,,55111,0
Q835061,Mastitis,ta,stub,முலையழற்சி,431,22582,1888,0.019,2015-07-25 09:09:12,55111,113
Q835061,Mastitis,tcy,missing,,,22582,,,,55111,0
Q835061,Mastitis,te,stub,మాస్టిటిస్,1014,22582,6308,0.045,2026-08-26 10:09:09,55111,2
Q835061,Mastitis,ur,missing,,,22582,,,,55111,0
Q836356,Croup,as,missing,,,12680,,,,166740,0
Q836356,Croup,bh,missing,,,12680,,,,166740,0
Q836356,Croup,bn,good,খুংরিকাশি,9343,12680,33416,0.737,2024-10-02 16:06:01,166740,100
Q836356,Croup,gom,missing,,,12680,,,,166740,0
Q836356,Croup,gu,missing,,,12680,,,,166740,0
Q836356,Croup,hi,good,कंठ-रोग,9658,12680,32258,0.762,2025-03-28 13:07:10,166740,1315
Q836356,Croup,kn,missing,,,12680,,,,166740,0
Q836356,Croup,ks,missing,,,12680,,,,166740,0
Q836356,Croup,mai,missing,,,12680,,,,166740,0
Q836356,Croup,ml,missing,,,12680,,,,166740,0
Q836356,Croup,mni,missing,,,12680,,,,166740,0
Q836356,Croup,mr,missing,,,12680,,,,166740,0
Q836356,Croup,ne,stub,क्रुप,831,12680,2812,0.066,2025-08-25 14:28:42,166740,75
Q836356,Croup,or,good,ଉର୍ଦ୍ଧ୍ୱଶ୍ୱାସନଳୀ ପ୍ରଦାହ,7826,12680,31544,0.617,2026-08-02 20:56:21,166740,90
Q836356,Croup,pa,good,ਖਰਖਰੀ,9290,12680,30043,0.733,2024-04-05 23:11:21,166740,72
Q836356,Croup,sa,missing,,,12680,,,,166740,0
Q836356,Croup,sat,missing,,,12680,,,,166740,0
Q836356,Croup,sd,missing,,,12680,,,,166740,0
Q836356,Croup,ta,good,தொண்டைக் கட்டு,13059,12680,44486,1.0,2025-10-23 19:01:08,166740,1714
Q836356,Croup,tcy,missing,,,12680,,,,166740,0
Q836356,Croup,te,missing,,,12680,,,,166740,0
Q836356,Croup,ur,missing,,,12680,,,,166740,0
Q8392,Zoophilia,as,partial,পশুকামিতা,4249,12347,19518,0.344,2026-08-07 03:15:36,1072907,528
Q8392,Zoophilia,bh,stub,पशु-रति,458,12347,2227,0.037,2026-08-30 08:09:10,1072907,456
Q8392,Zoophilia,bn,good,পশুকামিতা,12055,12347,69598,0.976,2026-08-11 17:58:09,1072907,3014
Q8392,Zoophilia,gom,missing,,,12347,,,,1072907,0
Q8392,Zoophilia,gu,missing,,,12347,,,,1072907,0
Q8392,Zoophilia,hi,stub,पशु-रति,535,12347,2471,0.043,2025-07-03 09:18:12,1072907,446
Q8392,Zoophilia,kn,missing,,,12347,,,,1072907,0
Q8392,Zoophilia,ks,missing,,,12347,,,,1072907,0
Q8392,Zoophilia,mai,missing,,,12347,,,,1072907,0
Q8392,Zoophilia,ml,missing,,,12347,,,,1072907,0
Q8392,Zoophilia,mni,missing,,,12347,,,,1072907,0
Q8392,Zoophilia,mr,missing,,,12347,,,,1072907,0
Q8392,Zoophilia,ne,missing,,,12347,,,,1072907,0
Q8392,Zoophilia,or,missing,,,12347,,,,1072907,0
Q8392,Zoophilia,pa,missing,,,12347,,,,1072907,0
Q8392,Zoophilia,sa,missing,,,12347,,,,1072907,0
Q8392,Zoophilia,sat,missing,,,12347,,,,1072907,0
Q8392,Zoophilia,sd,missing,,,12347,,,,1072907,0
Q8392,Zoophilia,ta,partial,விலங்குகளுடனான பாலுறவு,2562,12347,9421,0.207,2026-09-11 15:51:15,1072907,911
Q8392,Zoophilia,tcy,missing,,,12347,,,,1072907,0
Q8392,Zoophilia,te,stub,పశుప్రాయత,1313,12347,5005,0.106,2023-05-12 01:46:55,1072907,1493
Q8392,Zoophilia,ur,stub,بہیمیت,1201,12347,4101,0.097,2026-04-06 19:33:09,1072907,903
Q83931,Locust,as,missing,,,21091,,,,337512,0
Q83931,Locust,bh,missing,,,21091,,,,337512,0
Q83931,Locust,bn,stub,পঙ্গপাল,2595,21091,11056,0.123,2026-08-08 05:26:11,337512,861
Q83931,Locust,gom,missing,,,21091,,,,337512,0
Q83931,Locust,gu,missing,,,21091,,,,337512,0
Q83931,Locust,hi,partial,टिड्डी,6173,21091,16542,0.293,2024-07-15 09:10:06,337512,1624
Q83931,Locust,kn,stub,ಮಿಡತೆ,2918,21091,9961,0.138,2026-09-25 11:41:35,337512,527
Q83931,Locust,ks,missing,,,21091,,,,337512,0
Q83931,Locust,mai,missing,,,21091,,,,337512,0
Q83931,Locust,ml,stub,വെട്ടുകിളി,2904,21091,8721,0.138,2025-12-04 09:38:46,337512,962
Q83931,Locust,mni,missing,,,21091,,,,337512,0
Q83931,Locust,mr,stub,टोळ,1573,21091,4975,0.075,2022-02-02 13:13:05,337512,503
Q83931,Locust,ne,partial,सलह,6639,21091,21684,0.315,2023-09-25 21:22:46,337512,164
Q83931,Locust,or,stub,ପଙ୍ଗପାଳ,384,21091,1450,0.018,2020-05-30 02:41:43,337512,96
Q83931,Locust,pa,missing,,,21091,,,,337512,0
Q83931,Locust,sa,missing,,,21091,,,,337512,0
Q83931,Locust,sat,stub,ᱯᱚᱝᱜᱚᱯᱟᱞ(Locust),1139,21091,3876,0.054,2026-07-11 03:31:52,337512,45
Q83931,Locust,sd,stub,ماڪڙ (ٽڊا),3006,21091,7373,0.143,2026-09-26 03:19:07,337512,86
Q83931,Locust,ta,missing,,,21091,,,,337512,0
Q83931,Locust,tcy,missing,,,21091,,,,337512,0
Q83931,Locust,te,stub,మిడత,572,21091,2417,0.027,2025-03-05 16:15:07,337512,1635
Q83931,Locust,ur,partial,ٹڈی (جراد),9789,21091,18528,0.464,2026-09-03 10:52:14,337512,215
Q840143,Streptococcal pharyngitis,as,missing,,,9983,,,,174662,0
Q840143,Streptococcal pharyngitis,bh,missing,,,9983,,,,174662,0
Q840143,Streptococcal pharyngitis,bn,good,স্ট্রেপটোকোকাল ফ্যারিঞ্জাইটিস,7866,9983,36222,0.788,2025-10-13 05:49:42,174662,543
Q840143,Streptococcal pharyngitis,gom,missing,,,9983,,,,174662,0
Q840143,Streptococcal pharyngitis,gu,missing,,,9983,,,,174662,0
Q840143,Streptococcal pharyngitis,hi,stub,स्ट्रेप्टोकॉकसी ग्रसनीशोथ,1135,9983,4153,0.114,2026-06-30 17:39:59,174662,34
Q840143,Streptococcal pharyngitis,kn,good,ಸ್ಟ್ರೆಪ್ಟೊಕಾಕಲ್ ಫಾರಿಂಜೈಟಿಸ್,8517,9983,36911,0.853,2026-08-07 16:32:07,174662,195
Q840143,Streptococcal pharyngitis,ks,missing,,,9983,,,,174662,0
Q840143,Streptococcal pharyngitis,mai,missing,,,9983,,,,174662,0
Q840143,Streptococcal pharyngitis,ml,missing,,,9983,,,,174662,0
Q840143,Streptococcal pharyngitis,mni,missing,,,9983,,,,174662,0
Q840143,Streptococcal pharyngitis,mr,good,स्ट्रेप्टोकोकल फॅरिन्जायटिस,7864,9983,34239,0.788,2026-08-23 19:49:54,174662,175
Q840143,Streptococcal pharyngitis,ne,good,स्ट्रेप थ्रोट,7524,9983,33196,0.754,2026-09-30 06:45:52,174662,116
Q840143,Streptococcal pharyngitis,or,partial,ସ୍ଟ୍ରେପ୍ଟୋକୋକାଲ ଫାରିଞ୍ଜାଇଟିସ,4407,9983,19682,0.441,2023-10-09 08:28:10,174662,126
Q840143,Streptococcal pharyngitis,pa,good,ਸਟ੍ਰੈਪਟੋਕੋਕਲ ਫੇਰਿਨਜਾਈਟਿਸ,7995,9983,31186,0.801,2025-10-10 20:22:21,174662,79
Q840143,Streptococcal pharyngitis,sa,missing,,,9983,,,,174662,0
Q840143,Streptococcal pharyngitis,sat,missing,,,9983,,,,174662,0
Q840143,Streptococcal pharyngitis,sd,missing,,,9983,,,,174662,0
Q840143,Streptococcal pharyngitis,ta,missing,,,9983,,,,174662,0
Q840143,Streptococcal pharyngitis,tcy,missing,,,9983,,,,174662,0
Q840143,Streptococcal pharyngitis,te,good,స్ట్రెప్టోకాకల్ ఫారింగైటిస్,8252,9983,32515,0.827,2025-10-23 03:15:30,174662,93
Q840143,Streptococcal pharyngitis,ur,missing,,,9983,,,,174662,0
Q84263196,COVID-19,as,partial,কৰ'নাভাইৰাছ ৰোগ ২০১৯,21352,71534,134717,0.298,2026-09-29 03:32:16,1257237,1839
Q84263196,COVID-19,bh,stub,कोविड-19,2143,71534,15665,0.03,2022-06-28 08:03:09,1257237,181
Q84263196,COVID-19,bn,partial,কোভিড-১৯,16346,71534,83777,0.229,2026-09-15 13:42:59,1257237,3198
Q84263196,COVID-19,gom,missing,,,71534,,,,1257237,0
Q84263196,COVID-19,gu,stub,કોરોનાવાયરસ રોગ ૨૦૧૯,5314,71534,48024,0.074,2025-09-02 15:53:04,1257237,1909
Q84263196,COVID-19,hi,stub,कोरोनावायरस रोग 2019,6070,71534,21834,0.085,2025-03-08 12:54:43,1257237,1301
Q84263196,COVID-19,kn,partial,ಕೋವಿಡ್-೧೯,26731,71534,129966,0.374,2026-09-30 06:34:29,1257237,3342
Q84263196,COVID-19,ks,stub,کورونا,47,71534,171,0.001,2022-08-10 03:43:33,1257237,254
Q84263196,COVID-19,mai,stub,कोरोना भाइरस रोग (कोभिड-१९),910,71534,2461,0.013,2020-07-15 03:50:21,1257237,121
Q84263196,COVID-19,ml,partial,കോവിഡ്-19,20785,71534,92854,0.291,2024-11-15 20:59:52,1257237,1573
Q84263196,COVID-19,mni,stub,ꯀꯣꯔꯣꯅꯥ ꯚꯥꯏꯔꯁ ꯂꯩꯅꯥ ꯲꯰꯱꯹,258,71534,5268,0.004,2025-09-01 23:44:18,1257237,411
Q84263196,COVID-19,mr,partial,कोविड-१९,16070,71534,59765,0.225,2026-07-31 22:14:33,1257237,2757
Q84263196,COVID-19,ne,stub,कोरोनाभाइरस रोग २०१९,455,71534,1319,0.006,2025-08-25 14:28:41,1257237,151
Q84263196,COVID-19,or,stub,କୋଭିଡ-୧୯,1182,71534,18615,0.017,2024-08-07 13:15:20,1257237,466
Q84263196,COVID-19,pa,partial,ਕੋਰੋਨਾਵਾਇਰਸ ਮਹਾਮਾਰੀ 2019,16772,71534,97971,0.234,2026-09-29 07:13:58,1257237,769
Q84263196,COVID-19,sa,missing,,,71534,,,,1257237,0
Q84263196,COVID-19,sat,stub,ᱠᱚᱨᱳᱱᱟᱵᱷᱟᱭᱨᱟᱥ ᱟᱡᱟᱨ ᱒᱐᱑᱙,4098,71534,13069,0.057,2026-08-16 03:08:58,1257237,235
Q84263196,COVID-19,sd,stub,ڪوروناوائرس روڳ 2019,9007,71534,51995,0.126,2025-07-08 05:37:56,1257237,245
Q84263196,COVID-19,ta,stub,கோவிட்-19,2334,71534,13346,0.033,2026-06-29 00:41:56,1257237,479
Q84263196,COVID-19,tcy,stub,ಕೊರೋನಾವೈರಸ್ ಸೀಕ್ ೨೦೧೯,5180,71534,21206,0.072,2026-08-15 00:52:42,1257237,401
Q84263196,COVID-19,te,partial,కోవిడ్-19 వ్యాధి,12631,71534,45259,0.177,2026-05-15 22:43:21,1257237,1121
Q84263196,COVID-19,ur,partial,کورونا وائرس کا مرض,15584,71534,86825,0.218,2026-06-28 18:29:31,1257237,792
Q844590,Body dysmorphic disorder,as,missing,,,18650,,,,415007,0
Q844590,Body dysmorphic disorder,bh,missing,,,18650,,,,415007,0
Q844590,Body dysmorphic disorder,bn,stub,আপাত দেহরূপবিকার ব্যাধি,1924,18650,10498,0.103,2026-09-25 10:15:23,415007,155
Q844590,Body dysmorphic disorder,gom,missing,,,18650,,,,415007,0
Q844590,Body dysmorphic disorder,gu,missing,,,18650,,,,415007,0
Q844590,Body dysmorphic disorder,hi,missing,,,18650,,,,415007,0
Q844590,Body dysmorphic disorder,kn,missing,,,18650,,,,415007,0
Q844590,Body dysmorphic disorder,ks,missing,,,18650,,,,415007,0
Q844590,Body dysmorphic disorder,mai,missing,,,18650,,,,415007,0
Q844590,Body dysmorphic disorder,ml,missing,,,18650,,,,415007,0
Q844590,Body dysmorphic disorder,mni,missing,,,18650,,,,415007,0
Q844590,Body dysmorphic disorder,mr,missing,,,18650,,,,415007,0
Q844590,Body dysmorphic disorder,ne,missing,,,18650,,,,415007,0
Q844590,Body dysmorphic disorder,or,stub,ଶାରୀରିକ କୁରୂପ ବେମାରୀ,1456,18650,6806,0.078,2025-07-10 06:54:55,415007,69
Q844590,Body dysmorphic disorder,pa,missing,,,18650,,,,415007,0
Q844590,Body dysmorphic disorder,sa,missing,,,18650,,,,415007,0
Q844590,Body dysmorphic disorder,sat,missing,,,18650,,,,415007,0
Q844590,Body dysmorphic disorder,sd,missing,,,18650,,,,415007,0
Q844590,Body dysmorphic disorder,ta,missing,,,18650,,,,415007,0
Q844590,Body dysmorphic disorder,tcy,missing,,,18650,,,,415007,0
Q844590,Body dysmorphic disorder,te,stub,బాడీ డైస్మోర్ఫిక్ డిజార్డర్,1450,18650,5966,0.078,2026-09-11 16:36:24,415007,0
Q844590,Body dysmorphic disorder,ur,stub,باڈی ڈسمورفیا,841,18650,3239,0.045,2026-08-05 19:34:29,415007,88
Q844717,Spina bifida,as,missing,,,34788,,,,384630,0
Q844717,Spina bifida,bh,missing,,,34788,,,,384630,0
Q844717,Spina bifida,bn,missing,,,34788,,,,384630,0
Q844717,Spina bifida,gom,missing,,,34788,,,,384630,0
Q844717,Spina bifida,gu,missing,,,34788,,,,384630,0
Q844717,Spina bifida,hi,missing,,,34788,,,,384630,0
Q844717,Spina bifida,kn,missing,,,34788,,,,384630,0
Q844717,Spina bifida,ks,missing,,,34788,,,,384630,0
Q844717,Spina bifida,mai,missing,,,34788,,,,384630,0
Q844717,Spina bifida,ml,missing,,,34788,,,,384630,0
Q844717,Spina bifida,mni,missing,,,34788,,,,384630,0
Q844717,Spina bifida,mr,missing,,,34788,,,,384630,0
Q844717,Spina bifida,ne,missing,,,34788,,,,384630,0
Q844717,Spina bifida,or,stub,ସ୍ପାଇନା ବାଇଫିଡା,2259,34788,11037,0.065,2026-08-03 00:50:32,384630,58
Q844717,Spina bifida,pa,missing,,,34788,,,,384630,0
Q844717,Spina bifida,sa,missing,,,34788,,,,384630,0
Q844717,Spina bifida,sat,missing,,,34788,,,,384630,0
Q844717,Spina bifida,sd,missing,,,34788,,,,384630,0
Q844717,Spina bifida,ta,stub,முதுகு நாண் பிறவி குறைபாடு,3256,34788,17567,0.094,2019-12-29 08:16:24,384630,271
Q844717,Spina bifida,tcy,missing,,,34788,,,,384630,0
Q844717,Spina bifida,te,stub,స్పినా బీఫిడా,2715,34788,14596,0.078,2026-09-19 17:16:17,384630,0
Q844717,Spina bifida,ur,missing,,,34788,,,,384630,0
Q8452,Abortion,as,stub,গৰ্ভপাত,4019,55676,20697,0.072,2026-09-23 05:19:08,252065,449
Q8452,Abortion,bh,missing,,,55676,,,,252065,0
Q8452,Abortion,bn,stub,গর্ভপাত,4024,55676,24846,0.072,2025-10-02 18:52:56,252065,8523
Q8452,Abortion,gom,missing,,,55676,,,,252065,0
Q8452,Abortion,gu,stub,પ્રેરિત ગર્ભપાત,2692,55676,16090,0.048,2026-09-24 03:46:33,252065,469
Q8452,Abortion,hi,stub,गर्भपात,5835,55676,41391,0.105,2026-09-03 20:42:51,252065,1254
Q8452,Abortion,kn,stub,ಪ್ರಚೋದಿತ ಗರ್ಭಪಾತ,2766,55676,16471,0.05,2026-09-25 02:52:26,252065,408
Q8452,Abortion,ks,missing,,,55676,,,,252065,0
Q8452,Abortion,mai,stub,गर्भपतन,508,55676,1972,0.009,2017-03-07 14:28:55,252065,99
Q8452,Abortion,ml,partial,ഗർഭഛിദ്രം,10154,55676,46923,0.182,2026-09-03 22:26:04,252065,1780
Q8452,Abortion,mni,missing,,,55676,,,,252065,0
Q8452,Abortion,mr,stub,गर्भपात,4374,55676,17431,0.079,2024-07-10 11:33:07,252065,1032
Q8452,Abortion,ne,stub,गर्भपतन,6325,55676,20218,0.114,2025-09-28 09:44:49,252065,834
Q8452,Abortion,or,stub,ଗର୍ଭପାତ,2399,55676,13316,0.043,2026-09-23 23:29:28,252065,128
Q8452,Abortion,pa,stub,ਗਰਭਪਾਤ,2260,55676,12378,0.041,2020-09-15 11:20:12,252065,197
Q8452,Abortion,sa,missing,,,55676,,,,252065,0
Q8452,Abortion,sat,missing,,,55676,,,,252065,0
Q8452,Abortion,sd,stub,ابارشن,202,55676,549,0.004,2024-06-06 03:55:47,252065,66
Q8452,Abortion,ta,partial,கருக்கலைப்பு,10923,55676,57090,0.196,2026-06-21 21:03:50,252065,4812
Q8452,Abortion,tcy,stub,ಗರ್ಬ ಪೋಪುನೆ,3142,55676,11062,0.056,2025-12-23 11:04:34,252065,202
Q8452,Abortion,te,stub,గర్భస్రావం,7082,55676,27082,0.127,2026-09-29 14:40:27,252065,712
Q8452,Abortion,ur,stub,اسقاط (حمل),1517,55676,3865,0.027,2024-02-10 06:21:56,252065,744
Q845787,Histrionic personality disorder,as,missing,,,22024,,,,407805,0
Q845787,Histrionic personality disorder,bh,missing,,,22024,,,,407805,0
Q845787,Histrionic personality disorder,bn,missing,,,22024,,,,407805,0
Q845787,Histrionic personality disorder,gom,missing,,,22024,,,,407805,0
Q845787,Histrionic personality disorder,gu,missing,,,22024,,,,407805,0
Q845787,Histrionic personality disorder,hi,missing,,,22024,,,,407805,0
Q845787,Histrionic personality disorder,kn,stub,ಸ್ವಕೇಂದ್ರಿತ ವ್ಯಕ್ತಿತ್ವ ಮನೋರೋಗ,2861,22024,10218,0.13,2026-03-26 11:36:53,407805,116
Q845787,Histrionic personality disorder,ks,missing,,,22024,,,,407805,0
Q845787,Histrionic personality disorder,mai,missing,,,22024,,,,407805,0
Q845787,Histrionic personality disorder,ml,missing,,,22024,,,,407805,0
Q845787,Histrionic personality disorder,mni,missing,,,22024,,,,407805,0
Q845787,Histrionic personality disorder,mr,missing,,,22024,,,,407805,0
Q845787,Histrionic personality disorder,ne,missing,,,22024,,,,407805,0
Q845787,Histrionic personality disorder,or,stub,ନାଟକୀୟ ବ୍ୟକ୍ତିତ୍ୱ ରୋଗ,1087,22024,5433,0.049,2025-08-22 07:18:35,407805,62
Q845787,Histrionic personality disorder,pa,missing,,,22024,,,,407805,0
Q845787,Histrionic personality disorder,sa,missing,,,22024,,,,407805,0
Q845787,Histrionic personality disorder,sat,missing,,,22024,,,,407805,0
Q845787,Histrionic personality disorder,sd,missing,,,22024,,,,407805,0
Q845787,Histrionic personality disorder,ta,missing,,,22024,,,,407805,0
Q845787,Histrionic personality disorder,tcy,stub,ಸ್ವಕೇಂದ್ರಿತೊ ವ್ಯಕ್ತಿತ್ವೊ ಮನೋರೋಗೊ,2848,22024,9709,0.129,2024-12-17 14:36:18,407805,75
Q845787,Histrionic personality disorder,te,stub,హిస్ట్రియోనిక్ పర్సనాలిటీ డిజార్డర్,1103,22024,5413,0.05,2026-09-13 05:42:53,407805,0
Q845787,Histrionic personality disorder,ur,missing,,,22024,,,,407805,0
Q846227,Antiviral drug,as,missing,,,31101,,,,57472,0
Q846227,Antiviral drug,bh,missing,,,31101,,,,57472,0
Q846227,Antiviral drug,bn,partial,ভাইরাস নিরোধক,6878,31101,20476,0.221,2023-07-08 15:23:33,57472,465
Q846227,Antiviral drug,gom,missing,,,31101,,,,57472,0
Q846227,Antiviral drug,gu,missing,,,31101,,,,57472,0
Q846227,Antiviral drug,hi,stub,एण्टीवायरल,143,31101,449,0.005,2013-02-10 10:50:23,57472,62
Q846227,Antiviral drug,kn,missing,,,31101,,,,57472,0
Q846227,Antiviral drug,ks,missing,,,31101,,,,57472,0
Q846227,Antiviral drug,mai,missing,,,31101,,,,57472,0
Q846227,Antiviral drug,ml,missing,,,31101,,,,57472,0
Q846227,Antiviral drug,mni,missing,,,31101,,,,57472,0
Q846227,Antiviral drug,mr,missing,,,31101,,,,57472,0
Q846227,Antiviral drug,ne,missing,,,31101,,,,57472,0
Q846227,Antiviral drug,or,stub,ଆଣ୍ଟିଭାଇରାଲ୍ ଔଷଧ,3209,31101,8397,0.103,2025-10-11 14:39:52,57472,154
Q846227,Antiviral drug,pa,missing,,,31101,,,,57472,0
Q846227,Antiviral drug,sa,missing,,,31101,,,,57472,0
Q846227,Antiviral drug,sat,missing,,,31101,,,,57472,0
Q846227,Antiviral drug,sd,missing,,,31101,,,,57472,0
Q846227,Antiviral drug,ta,missing,,,31101,,,,57472,0
Q846227,Antiviral drug,tcy,missing,,,31101,,,,57472,0
Q846227,Antiviral drug,te,missing,,,31101,,,,57472,0
Q846227,Antiviral drug,ur,missing,,,31101,,,,57472,0
Q8486,Coffee,as,stub,কফি,535,56507,2005,0.009,2021-06-01 14:18:29,548573,221
Q8486,Coffee,bh,missing,,,56507,,,,548573,0
Q8486,Coffee,bn,stub,কফি,5571,56507,25968,0.099,2026-07-27 15:55:42,548573,3365
Q8486,Coffee,gom,missing,,,56507,,,,548573,0
Q8486,Coffee,gu,missing,,,56507,,,,548573,0
Q8486,Coffee,hi,stub,कॉफ़ी,6902,56507,22208,0.122,2025-02-03 19:44:07,548573,6384
Q8486,Coffee,kn,stub,ಕಾಫಿ,4307,56507,14118,0.076,2026-03-22 16:01:32,548573,1459
Q8486,Coffee,ks,stub,کافی,70,56507,596,0.001,2022-03-26 03:56:00,548573,86
Q8486,Coffee,mai,stub,कफी,210,56507,1151,0.004,2020-03-30 00:22:09,548573,132
Q8486,Coffee,ml,stub,കാപ്പി (പാനീയം),5525,56507,17807,0.098,2023-06-17 03:57:53,548573,609
Q8486,Coffee,mni,missing,,,56507,,,,548573,0
Q8486,Coffee,mr,stub,कॉफी,4087,56507,11145,0.072,2026-07-16 06:24:33,548573,797
Q8486,Coffee,ne,stub,कफी,2210,56507,6638,0.039,2025-07-09 19:03:54,548573,532
Q8486,Coffee,or,missing,,,56507,,,,548573,0
Q8486,Coffee,pa,stub,ਕੌਫ਼ੀ,1088,56507,4780,0.019,2023-05-29 07:04:05,548573,195
Q8486,Coffee,sa,stub,काफीपेयम्,4842,56507,13028,0.086,2023-09-30 23:22:28,548573,169
Q8486,Coffee,sat,stub,ᱠᱚᱯᱷᱤ,2975,56507,8240,0.053,2025-12-05 14:21:51,548573,105
Q8486,Coffee,sd,stub,ڪافي (مشروب),491,56507,1636,0.009,2025-12-11 07:11:02,548573,94
Q8486,Coffee,ta,stub,காப்பி,8012,56507,29091,0.142,2025-09-28 07:57:27,548573,2034
Q8486,Coffee,tcy,missing,,,56507,,,,548573,0
Q8486,Coffee,te,partial,కాఫీ,16223,56507,46962,0.287,2025-06-08 07:24:53,548573,1100
Q8486,Coffee,ur,good,کافی,49654,56507,155288,0.879,2026-08-15 04:35:26,548573,2932
Q850171,Job interview,as,missing,,,94711,,,,21965,0
Q850171,Job interview,bh,missing,,,94711,,,,21965,0
Q850171,Job interview,bn,stub,চাকরি সাক্ষাৎকার,2347,94711,8831,0.025,2026-02-20 16:36:33,21965,236
Q850171,Job interview,gom,missing,,,94711,,,,21965,0
Q850171,Job interview,gu,missing,,,94711,,,,21965,0
Q850171,Job interview,hi,stub,नौकरी के लिए साक्षात्कार,1682,94711,5586,0.018,2026-09-16 07:23:05,21965,325
Q850171,Job interview,kn,missing,,,94711,,,,21965,0
Q850171,Job interview,ks,missing,,,94711,,,,21965,0
Q850171,Job interview,mai,missing,,,94711,,,,21965,0
Q850171,Job interview,ml,missing,,,94711,,,,21965,0
Q850171,Job interview,mni,missing,,,94711,,,,21965,0
Q850171,Job interview,mr,missing,,,94711,,,,21965,0
Q850171,Job interview,ne,missing,,,94711,,,,21965,0
Q850171,Job interview,or,missing,,,94711,,,,21965,0
Q850171,Job interview,pa,missing,,,94711,,,,21965,0
Q850171,Job interview,sa,missing,,,94711,,,,21965,0
Q850171,Job interview,sat,missing,,,94711,,,,21965,0
Q850171,Job interview,sd,missing,,,94711,,,,21965,0
Q850171,Job interview,ta,stub,வேலைக்கான நேர்முகத் தேர்வு,2634,94711,7456,0.028,2016-09-06 13:10:11,21965,196
Q850171,Job interview,tcy,missing,,,94711,,,,21965,0
Q850171,Job interview,te,missing,,,94711,,,,21965,0
Q850171,Job interview,ur,stub,ملازمت کا انٹرویو,1646,94711,4548,0.017,2025-05-21 15:03:28,21965,145
Q852163,Low back pain,as,missing,,,43954,,,,107709,0
Q852163,Low back pain,bh,missing,,,43954,,,,107709,0
Q852163,Low back pain,bn,missing,,,43954,,,,107709,0
Q852163,Low back pain,gom,missing,,,43954,,,,107709,0
Q852163,Low back pain,gu,missing,,,43954,,,,107709,0
Q852163,Low back pain,hi,stub,निम्न पृष्ठ वेदना,214,43954,2033,0.005,2020-03-18 06:03:15,107709,113
Q852163,Low back pain,kn,missing,,,43954,,,,107709,0
Q852163,Low back pain,ks,missing,,,43954,,,,107709,0
Q852163,Low back pain,mai,missing,,,43954,,,,107709,0
Q852163,Low back pain,ml,missing,,,43954,,,,107709,0
Q852163,Low back pain,mni,missing,,,43954,,,,107709,0
Q852163,Low back pain,mr,missing,,,43954,,,,107709,0
Q852163,Low back pain,ne,missing,,,43954,,,,107709,0
Q852163,Low back pain,or,partial,କଟି ଯନ୍ତ୍ରଣା,19440,43954,71179,0.442,2026-08-02 18:06:27,107709,162
Q852163,Low back pain,pa,missing,,,43954,,,,107709,0
Q852163,Low back pain,sa,missing,,,43954,,,,107709,0
Q852163,Low back pain,sat,missing,,,43954,,,,107709,0
Q852163,Low back pain,sd,missing,,,43954,,,,107709,0
Q852163,Low back pain,ta,stub,கீழ் முதுகு வலி,2178,43954,10526,0.05,2025-12-10 16:49:55,107709,283
Q852163,Low back pain,tcy,missing,,,43954,,,,107709,0
Q852163,Low back pain,te,stub,వెన్నునొప్పి,2913,43954,12446,0.066,2026-08-02 09:42:56,107709,747
Q852163,Low back pain,ur,stub,درد کمر,545,43954,1325,0.012,2026-06-16 22:36:40,107709,85
Q853930,Starvation,as,missing,,,15014,,,,138842,0
Q853930,Starvation,bh,missing,,,15014,,,,138842,0
Q853930,Starvation,bn,missing,,,15014,,,,138842,0
Q853930,Starvation,gom,missing,,,15014,,,,138842,0
Q853930,Starvation,gu,missing,,,15014,,,,138842,0
Q853930,Starvation,hi,good,भुखमरी,10513,15014,51850,0.7,2026-07-07 11:44:31,138842,455
Q853930,Starvation,kn,missing,,,15014,,,,138842,0
Q853930,Starvation,ks,missing,,,15014,,,,138842,0
Q853930,Starvation,mai,missing,,,15014,,,,138842,0
Q853930,Starvation,ml,missing,,,15014,,,,138842,0
Q853930,Starvation,mni,missing,,,15014,,,,138842,0
Q853930,Starvation,mr,missing,,,15014,,,,138842,0
Q853930,Starvation,ne,missing,,,15014,,,,138842,0
Q853930,Starvation,or,missing,,,15014,,,,138842,0
Q853930,Starvation,pa,missing,,,15014,,,,138842,0
Q853930,Starvation,sa,missing,,,15014,,,,138842,0
Q853930,Starvation,sat,missing,,,15014,,,,138842,0
Q853930,Starvation,sd,missing,,,15014,,,,138842,0
Q853930,Starvation,ta,stub,பட்டினி,827,15014,3594,0.055,2020-02-23 14:39:01,138842,223
Q853930,Starvation,tcy,missing,,,15014,,,,138842,0
Q853930,Starvation,te,missing,,,15014,,,,138842,0
Q853930,Starvation,ur,missing,,,15014,,,,138842,0
Q85765724,Jal Jeevan Mission,as,missing,,,4733,,,,32540,0
Q85765724,Jal Jeevan Mission,bh,missing,,,4733,,,,32540,0
Q85765724,Jal Jeevan Mission,bn,missing,,,4733,,,,32540,0
Q85765724,Jal Jeevan Mission,gom,missing,,,4733,,,,32540,0
Q85765724,Jal Jeevan Mission,gu,missing,,,4733,,,,32540,0
Q85765724,Jal Jeevan Mission,hi,stub,हर घर जल,462,4733,2510,0.098,2024-04-09 08:24:48,32540,1686
Q85765724,Jal Jeevan Mission,kn,missing,,,4733,,,,32540,0
Q85765724,Jal Jeevan Mission,ks,missing,,,4733,,,,32540,0
Q85765724,Jal Jeevan Mission,mai,missing,,,4733,,,,32540,0
Q85765724,Jal Jeevan Mission,ml,missing,,,4733,,,,32540,0
Q85765724,Jal Jeevan Mission,mni,missing,,,4733,,,,32540,0
Q85765724,Jal Jeevan Mission,mr,missing,,,4733,,,,32540,0
Q85765724,Jal Jeevan Mission,ne,missing,,,4733,,,,32540,0
Q85765724,Jal Jeevan Mission,or,missing,,,4733,,,,32540,0
Q85765724,Jal Jeevan Mission,pa,missing,,,4733,,,,32540,0
Q85765724,Jal Jeevan Mission,sa,missing,,,4733,,,,32540,0
Q85765724,Jal Jeevan Mission,sat,missing,,,4733,,,,32540,0
Q85765724,Jal Jeevan Mission,sd,missing,,,4733,,,,32540,0
Q85765724,Jal Jeevan Mission,ta,good,கிராமப்புற வீட்டுக் குடிநீர் வழங்கும் திட்டம்,3166,4733,23077,0.669,2026-06-25 06:55:03,32540,2245
Q85765724,Jal Jeevan Mission,tcy,missing,,,4733,,,,32540,0
Q85765724,Jal Jeevan Mission,te,missing,,,4733,,,,32540,0
Q85765724,Jal Jeevan Mission,ur,missing,,,4733,,,,32540,0
Q86,Headache,as,stub,মূৰৰ বিষ,1117,32578,3606,0.034,2021-12-11 10:52:50,99307,324
Q86,Headache,bh,missing,,,32578,,,,99307,0
Q86,Headache,bn,stub,মাথাব্যথা,1281,32578,5810,0.039,2026-07-14 01:38:59,99307,586
Q86,Headache,gom,missing,,,32578,,,,99307,0
Q86,Headache,gu,missing,,,32578,,,,99307,0
Q86,Headache,hi,stub,सिरदर्द,4678,32578,12294,0.144,2025-07-02 16:43:54,99307,575
Q86,Headache,kn,stub,ತಲೆನೋವು,691,32578,2564,0.021,2026-03-23 20:57:27,99307,219
Q86,Headache,ks,stub,کلہٕ دود,245,32578,1142,0.008,2024-09-25 18:01:01,99307,84
Q86,Headache,mai,missing,,,32578,,,,99307,0
Q86,Headache,ml,stub,തലവേദന,3245,32578,11413,0.1,2026-07-09 22:31:35,99307,245
Q86,Headache,mni,missing,,,32578,,,,99307,0
Q86,Headache,mr,stub,डोकेदुखी,804,32578,2388,0.025,2024-11-05 03:34:03,99307,465
Q86,Headache,ne,missing,,,32578,,,,99307,0
Q86,Headache,or,partial,ମୁଣ୍ଡ ବିନ୍ଧା,7455,32578,30266,0.229,2026-08-14 06:00:43,99307,220
Q86,Headache,pa,stub,ਸਿਰ ਪੀੜ,389,32578,1488,0.012,2020-09-17 03:53:35,99307,88
Q86,Headache,sa,stub,शिरोवेदना,1640,32578,5254,0.05,2026-07-10 05:08:43,99307,110
Q86,Headache,sat,stub,ᱵᱚᱦᱚᱜ ᱦᱟᱹᱥᱩ,1377,32578,4159,0.042,2020-10-10 16:48:07,99307,88
Q86,Headache,sd,stub,مٿي جو سور,1380,32578,3033,0.042,2026-02-21 00:00:57,99307,30
Q86,Headache,ta,partial,தலைவலி,9097,32578,27040,0.279,2026-09-22 20:23:08,99307,777
Q86,Headache,tcy,missing,,,32578,,,,99307,0
Q86,Headache,te,stub,తలనొప్పి,3772,32578,11357,0.116,2022-12-30 08:36:03,99307,460
Q86,Headache,ur,stub,سر درد,2090,32578,4361,0.064,2025-03-30 03:00:58,99307,151
Q889503,Soil erosion,as,missing,,,31809,,,,39971,0
Q889503,Soil erosion,bh,missing,,,31809,,,,39971,0
Q889503,Soil erosion,bn,partial,ভূমিক্ষয়,7201,31809,33554,0.226,2026-09-23 12:44:04,39971,1785
Q889503,Soil erosion,gom,missing,,,31809,,,,39971,0
Q889503,Soil erosion,gu,missing,,,31809,,,,39971,0
Q889503,Soil erosion,hi,missing,,,31809,,,,39971,0
Q889503,Soil erosion,kn,partial,ಮಣ್ಣಿನ ಸವಕಳಿ,8235,31809,23343,0.259,2026-03-25 07:38:11,39971,2529
Q889503,Soil erosion,ks,missing,,,31809,,,,39971,0
Q889503,Soil erosion,mai,missing,,,31809,,,,39971,0
Q889503,Soil erosion,ml,missing,,,31809,,,,39971,0
Q889503,Soil erosion,mni,missing,,,31809,,,,39971,0
Q889503,Soil erosion,mr,missing,,,31809,,,,39971,0
Q889503,Soil erosion,ne,stub,भू-क्षय,465,31809,1509,0.015,2025-06-12 15:05:54,39971,286
Q889503,Soil erosion,or,missing,,,31809,,,,39971,0
Q889503,Soil erosion,pa,missing,,,31809,,,,39971,0
Q889503,Soil erosion,sa,missing,,,31809,,,,39971,0
Q889503,Soil erosion,sat,missing,,,31809,,,,39971,0
Q889503,Soil erosion,sd,missing,,,31809,,,,39971,0
Q889503,Soil erosion,ta,stub,மண் அரிமானம்,1076,31809,3534,0.034,2021-08-11 23:57:00,39971,227
Q889503,Soil erosion,tcy,missing,,,31809,,,,39971,0
Q889503,Soil erosion,te,missing,,,31809,,,,39971,0
Q889503,Soil erosion,ur,missing,,,31809,,,,39971,0
Q9121,Atom,as,stub,পৰমাণু,5293,52861,16669,0.1,2024-07-25 02:56:46,397947,829
Q9121,Atom,bh,stub,परमाणु,132,52861,621,0.002,2016-09-07 06:42:49,397947,221
Q9121,Atom,bn,partial,পরমাণু,9353,52861,29305,0.177,2025-11-26 18:24:37,397947,5554
Q9121,Atom,gom,missing,,,52861,,,,397947,0
Q9121,Atom,gu,stub,અણુ,717,52861,1983,0.014,2025-10-23 15:36:46,397947,252
Q9121,Atom,hi,stub,परमाणु,5321,52861,17048,0.101,2025-02-01 13:26:14,397947,2819
Q9121,Atom,kn,partial,ಪರಮಾಣು,24769,52861,82177,0.469,2026-03-24 18:19:16,397947,2694
Q9121,Atom,ks,stub,کنہٕ,388,52861,941,0.007,2026-08-14 18:01:22,397947,246
Q9121,Atom,mai,stub,परमाणु,61,52861,232,0.001,2017-04-14 04:22:57,397947,184
Q9121,Atom,ml,partial,അണു,17981,52861,62274,0.34,2025-12-02 10:57:39,397947,1119
Q9121,Atom,mni,missing,,,52861,,,,397947,0
Q9121,Atom,mr,stub,अणू,1858,52861,6226,0.035,2022-09-19 09:00:44,397947,1368
Q9121,Atom,ne,stub,परमाणु,625,52861,3247,0.012,2021-11-02 15:40:31,397947,256
Q9121,Atom,or,stub,ପରମାଣୁ,1169,52861,3242,0.022,2024-07-22 18:05:27,397947,229
Q9121,Atom,pa,stub,ਪਰਮਾਣੂ,2482,52861,10752,0.047,2026-03-29 23:36:48,397947,271
Q9121,Atom,sa,stub,परमाणुः,609,52861,3402,0.012,2020-08-12 08:56:17,397947,134
Q9121,Atom,sat,missing,,,52861,,,,397947,0
Q9121,Atom,sd,stub,ائٽم,778,52861,2071,0.015,2026-08-05 23:37:23,397947,159
Q9121,Atom,ta,partial,அணு,14133,52861,41377,0.267,2025-12-02 14:30:41,397947,2798
Q9121,Atom,tcy,missing,,,52861,,,,397947,0
Q9121,Atom,te,partial,పరమాణువు,19654,52861,61297,0.372,2026-08-02 13:30:47,397947,831
Q9121,Atom,ur,stub,جوہر,7171,52861,14569,0.136,2025-11-29 04:41:12,397947,757
Q916280,Restless legs syndrome,as,missing,,,24438,,,,263316,0
Q916280,Restless legs syndrome,bh,missing,,,24438,,,,263316,0
Q916280,Restless legs syndrome,bn,missing,,,24438,,,,263316,0
Q916280,Restless legs syndrome,gom,missing,,,24438,,,,263316,0
Q916280,Restless legs syndrome,gu,missing,,,24438,,,,263316,0
Q916280,Restless legs syndrome,hi,missing,,,24438,,,,263316,0
Q916280,Restless legs syndrome,kn,missing,,,24438,,,,263316,0
Q916280,Restless legs syndrome,ks,missing,,,24438,,,,263316,0
Q916280,Restless legs syndrome,mai,missing,,,24438,,,,263316,0
Q916280,Restless legs syndrome,ml,missing,,,24438,,,,263316,0
Q916280,Restless legs syndrome,mni,missing,,,24438,,,,263316,0
Q916280,Restless legs syndrome,mr,missing,,,24438,,,,263316,0
Q916280,Restless legs syndrome,ne,missing,,,24438,,,,263316,0
Q916280,Restless legs syndrome,or,stub,ରେସ୍ଟଲେସ ଲେଗ୍ସ ସିଣ୍ଡ୍ରୋମ,1709,24438,7782,0.07,2023-10-09 05:44:55,263316,76
Q916280,Restless legs syndrome,pa,missing,,,24438,,,,263316,0
Q916280,Restless legs syndrome,sa,missing,,,24438,,,,263316,0
Q916280,Restless legs syndrome,sat,missing,,,24438,,,,263316,0
Q916280,Restless legs syndrome,sd,missing,,,24438,,,,263316,0
Q916280,Restless legs syndrome,ta,missing,,,24438,,,,263316,0
Q916280,Restless legs syndrome,tcy,missing,,,24438,,,,263316,0
Q916280,Restless legs syndrome,te,stub,రెస్ట్లెస్ కాళ్ళు సిండ్రోమ్,1683,24438,12840,0.069,2026-09-22 04:38:40,263316,0
Q916280,Restless legs syndrome,ur,missing,,,24438,,,,263316,0
Q92251,Noise pollution,as,stub,শব্দ প্ৰদূষণ,4517,54599,13320,0.083,2023-07-30 14:19:57,104749,3288
Q92251,Noise pollution,bh,stub,शोर प्रदूषण,695,54599,2407,0.013,2023-05-30 02:52:09,104749,81
Q92251,Noise pollution,bn,stub,শব্দদূষণ,2258,54599,8575,0.041,2025-07-05 15:43:20,104749,3234
Q92251,Noise pollution,gom,missing,,,54599,,,,104749,0
Q92251,Noise pollution,gu,partial,ધ્વનિ પ્રદૂષણ,8649,54599,29420,0.158,2024-01-19 10:00:48,104749,1472
Q92251,Noise pollution,hi,partial,ध्वनि प्रदूषण,8860,54599,33008,0.162,2023-10-01 15:50:37,104749,1938
Q92251,Noise pollution,kn,partial,ಶಬ್ದ ಮಾಲಿನ್ಯ,10193,54599,37283,0.187,2026-03-26 01:35:50,104749,2926
Q92251,Noise pollution,ks,missing,,,54599,,,,104749,0
Q92251,Noise pollution,mai,missing,,,54599,,,,104749,0
Q92251,Noise pollution,ml,stub,ശബ്ദമലിനീകരണം,819,54599,2842,0.015,2025-07-07 10:39:36,104749,813
Q92251,Noise pollution,mni,missing,,,54599,,,,104749,0
Q92251,Noise pollution,mr,stub,ध्वनिप्रदूषण,3175,54599,8843,0.058,2026-09-29 14:53:45,104749,7964
Q92251,Noise pollution,ne,stub,ध्वनि प्रदूषण,1339,54599,8082,0.025,2026-09-23 10:16:13,104749,203
Q92251,Noise pollution,or,missing,,,54599,,,,104749,0
Q92251,Noise pollution,pa,missing,,,54599,,,,104749,0
Q92251,Noise pollution,sa,partial,शब्दमालिन्यम्,11823,54599,32252,0.217,2020-12-05 17:13:45,104749,87
Q92251,Noise pollution,sat,missing,,,54599,,,,104749,0
Q92251,Noise pollution,sd,missing,,,54599,,,,104749,0
Q92251,Noise pollution,ta,partial,ஒலி மாசு,8680,54599,39563,0.159,2026-08-08 09:34:47,104749,1123
Q92251,Noise pollution,tcy,missing,,,54599,,,,104749,0
Q92251,Noise pollution,te,stub,శబ్ద కాలుష్యం,7259,54599,29447,0.133,2026-09-26 09:52:52,104749,1158
Q92251,Noise pollution,ur,stub,شور کی آلودگی,2354,54599,6071,0.043,2025-02-22 05:12:40,104749,756
Q926217,Microfinance,as,missing,,,66394,,,,53220,0
Q926217,Microfinance,bh,missing,,,66394,,,,53220,0
Q926217,Microfinance,bn,missing,,,66394,,,,53220,0
Q926217,Microfinance,gom,missing,,,66394,,,,53220,0
Q926217,Microfinance,gu,partial,લઘુ ધિરાણ,29916,66394,94663,0.451,2026-09-24 05:54:19,53220,142
Q926217,Microfinance,hi,partial,लघु वित्त,32291,66394,102653,0.486,2026-04-29 02:11:58,53220,327
Q926217,Microfinance,kn,partial,ಕಿರುಬಂಡವಾಳ,31990,66394,107434,0.482,2026-03-22 17:09:02,53220,2009
Q926217,Microfinance,ks,missing,,,66394,,,,53220,0
Q926217,Microfinance,mai,missing,,,66394,,,,53220,0
Q926217,Microfinance,ml,missing,,,66394,,,,53220,0
Q926217,Microfinance,mni,missing,,,66394,,,,53220,0
Q926217,Microfinance,mr,missing,,,66394,,,,53220,0
Q926217,Microfinance,ne,missing,,,66394,,,,53220,0
Q926217,Microfinance,or,missing,,,66394,,,,53220,0
Q926217,Microfinance,pa,missing,,,66394,,,,53220,0
Q926217,Microfinance,sa,missing,,,66394,,,,53220,0
Q926217,Microfinance,sat,missing,,,66394,,,,53220,0
Q926217,Microfinance,sd,missing,,,66394,,,,53220,0
Q926217,Microfinance,ta,good,சிறுநிதி,39335,66394,125934,0.592,2026-07-19 01:16:47,53220,681
Q926217,Microfinance,tcy,missing,,,66394,,,,53220,0
Q926217,Microfinance,te,missing,,,66394,,,,53220,0
Q926217,Microfinance,ur,stub,مائیکرو فائنانس,551,66394,1870,0.008,2025-03-05 18:51:00,53220,339
Q932258,Finger millet,as,missing,,,18373,,,,83094,0
Q932258,Finger millet,bh,missing,,,18373,,,,83094,0
Q932258,Finger millet,bn,missing,,,18373,,,,83094,0
Q932258,Finger millet,gom,missing,,,18373,,,,83094,0
Q932258,Finger millet,gu,stub,નાગલી,2412,18373,9412,0.131,2021-07-27 07:31:07,83094,2145
Q932258,Finger millet,hi,stub,रागी,1745,18373,7044,0.095,2026-03-25 12:34:09,83094,12213
Q932258,Finger millet,kn,good,ರಾಗಿ,9871,18373,31457,0.537,2026-03-25 16:17:58,83094,9291
Q932258,Finger millet,ks,missing,,,18373,,,,83094,0
Q932258,Finger millet,mai,missing,,,18373,,,,83094,0
Q932258,Finger millet,ml,stub,മുത്താറി,573,18373,2806,0.031,2024-10-29 06:00:20,83094,2094
Q932258,Finger millet,mni,missing,,,18373,,,,83094,0
Q932258,Finger millet,mr,stub,नाचणी,960,18373,3070,0.052,2025-07-28 19:41:17,83094,4686
Q932258,Finger millet,ne,partial,कोदो,5897,18373,17405,0.321,2025-09-28 09:09:32,83094,727
Q932258,Finger millet,or,missing,,,18373,,,,83094,0
Q932258,Finger millet,pa,stub,ਰਾਗੀ,602,18373,6330,0.033,2023-11-10 07:37:19,83094,359
Q932258,Finger millet,sa,stub,रागीधान्यम्,1410,18373,5022,0.077,2015-07-16 11:36:52,83094,79
Q932258,Finger millet,sat,missing,,,18373,,,,83094,0
Q932258,Finger millet,sd,missing,,,18373,,,,83094,0
Q932258,Finger millet,ta,stub,கேழ்வரகு,2417,18373,8875,0.132,2025-11-15 19:47:35,83094,3712
Q932258,Finger millet,tcy,stub,ರಾಗಿ,1941,18373,6897,0.106,2026-05-11 10:27:49,83094,280
Q932258,Finger millet,te,partial,రాగులు,3093,18373,10360,0.168,2026-05-18 19:39:22,83094,3585
Q932258,Finger millet,ur,missing,,,18373,,,,83094,0
Q935129,Postpartum depression,as,stub,প্ৰসৱোত্তৰ বিষণ্ণতা,1451,69393,9692,0.021,2024-12-28 02:55:26,198003,146
Q935129,Postpartum depression,bh,missing,,,69393,,,,198003,0
Q935129,Postpartum depression,bn,stub,প্রসবোত্তর বিষণ্নতা,4743,69393,26906,0.068,2026-09-24 02:32:18,198003,419
Q935129,Postpartum depression,gom,missing,,,69393,,,,198003,0
Q935129,Postpartum depression,gu,missing,,,69393,,,,198003,0
Q935129,Postpartum depression,hi,missing,,,69393,,,,198003,0
Q935129,Postpartum depression,kn,missing,,,69393,,,,198003,0
Q935129,Postpartum depression,ks,missing,,,69393,,,,198003,0
Q935129,Postpartum depression,mai,missing,,,69393,,,,198003,0
Q935129,Postpartum depression,ml,stub,പ്രസവാനന്തര വിഷാദരോഗം,1626,69393,9339,0.023,2025-02-08 05:12:01,198003,350
Q935129,Postpartum depression,mni,missing,,,69393,,,,198003,0
Q935129,Postpartum depression,mr,missing,,,69393,,,,198003,0
Q935129,Postpartum depression,ne,missing,,,69393,,,,198003,0
Q935129,Postpartum depression,or,stub,ପ୍ରସବ ପର ଅବସାଦ,2437,69393,11969,0.035,2026-08-03 06:37:41,198003,67
Q935129,Postpartum depression,pa,stub,ਪੋਸਟਪਾਰਟਮ ਡਿਪਰੈਸ਼ਨ,4120,69393,17933,0.059,2022-10-10 17:24:26,198003,74
Q935129,Postpartum depression,sa,missing,,,69393,,,,198003,0
Q935129,Postpartum depression,sat,missing,,,69393,,,,198003,0
Q935129,Postpartum depression,sd,missing,,,69393,,,,198003,0
Q935129,Postpartum depression,ta,stub,பின் மகப்பேற்று இறுக்கம்,7652,69393,35228,0.11,2026-07-25 08:26:46,198003,410
Q935129,Postpartum depression,tcy,stub,ಪೆದ್ಮೆದಿ ಸೀಕ್,2987,69393,8436,0.043,2025-11-08 06:34:21,198003,71
Q935129,Postpartum depression,te,stub,ప్రసవానంతర డిప్రెషన్,1928,69393,8526,0.028,2026-08-11 10:09:17,198003,8
Q935129,Postpartum depression,ur,stub,وضع حمل کے بعد افسردگی,2142,69393,11702,0.031,2025-04-17 18:01:07,198003,107
Q950511,Résumé,as,missing,,,13968,,,,334027,0
Q950511,Résumé,bh,missing,,,13968,,,,334027,0
Q950511,Résumé,bn,stub,রেজ্যুমে,1533,13968,7359,0.11,2024-01-27 16:11:19,334027,923
Q950511,Résumé,gom,missing,,,13968,,,,334027,0
Q950511,Résumé,gu,missing,,,13968,,,,334027,0
Q950511,Résumé,hi,stub,रिज़्यूम,1088,13968,4773,0.078,2025-04-12 07:05:46,334027,5073
Q950511,Résumé,kn,missing,,,13968,,,,334027,0
Q950511,Résumé,ks,missing,,,13968,,,,334027,0
Q950511,Résumé,mai,missing,,,13968,,,,334027,0
Q950511,Résumé,ml,stub,റെസ്യൂമെ,1925,13968,4727,0.138,2023-06-25 08:30:29,334027,172
Q950511,Résumé,mni,missing,,,13968,,,,334027,0
Q950511,Résumé,mr,stub,रेझ्युमे,1095,13968,3794,0.078,2026-01-23 12:29:48,334027,359
Q950511,Résumé,ne,missing,,,13968,,,,334027,0
Q950511,Résumé,or,missing,,,13968,,,,334027,0
Q950511,Résumé,pa,missing,,,13968,,,,334027,0
Q950511,Résumé,sa,missing,,,13968,,,,334027,0
Q950511,Résumé,sat,missing,,,13968,,,,334027,0
Q950511,Résumé,sd,missing,,,13968,,,,334027,0
Q950511,Résumé,ta,stub,தற்குறிப்பு,630,13968,2753,0.045,2015-09-01 09:26:41,334027,723
Q950511,Résumé,tcy,missing,,,13968,,,,334027,0
Q950511,Résumé,te,stub,రెస్యూమ్,1202,13968,3945,0.086,2025-09-09 07:22:17,334027,1379
Q950511,Résumé,ur,missing,,,13968,,,,334027,0
Q954674,Iron-deficiency anemia,as,missing,,,27982,,,,63558,0
Q954674,Iron-deficiency anemia,bh,missing,,,27982,,,,63558,0
Q954674,Iron-deficiency anemia,bn,missing,,,27982,,,,63558,0
Q954674,Iron-deficiency anemia,gom,missing,,,27982,,,,63558,0
Q954674,Iron-deficiency anemia,gu,missing,,,27982,,,,63558,0
Q954674,Iron-deficiency anemia,hi,missing,,,27982,,,,63558,0
Q954674,Iron-deficiency anemia,kn,missing,,,27982,,,,63558,0
Q954674,Iron-deficiency anemia,ks,missing,,,27982,,,,63558,0
Q954674,Iron-deficiency anemia,mai,missing,,,27982,,,,63558,0
Q954674,Iron-deficiency anemia,ml,missing,,,27982,,,,63558,0
Q954674,Iron-deficiency anemia,mni,missing,,,27982,,,,63558,0
Q954674,Iron-deficiency anemia,mr,missing,,,27982,,,,63558,0
Q954674,Iron-deficiency anemia,ne,missing,,,27982,,,,63558,0
Q954674,Iron-deficiency anemia,or,stub,ଲୌହ-ଅଭାବ ଜନିତ ଆନିମିଆ,2206,27982,13012,0.079,2026-08-14 02:44:20,63558,180
Q954674,Iron-deficiency anemia,pa,missing,,,27982,,,,63558,0
Q954674,Iron-deficiency anemia,sa,missing,,,27982,,,,63558,0
Q954674,Iron-deficiency anemia,sat,missing,,,27982,,,,63558,0
Q954674,Iron-deficiency anemia,sd,missing,,,27982,,,,63558,0
Q954674,Iron-deficiency anemia,ta,missing,,,27982,,,,63558,0
Q954674,Iron-deficiency anemia,tcy,missing,,,27982,,,,63558,0
Q954674,Iron-deficiency anemia,te,stub,ఐరన్ లోపం రక్తహీనత,2086,27982,12011,0.075,2026-08-14 07:06:51,63558,8
Q954674,Iron-deficiency anemia,ur,missing,,,27982,,,,63558,0
Q958797,Scleroderma,as,missing,,,12639,,,,364629,0
Q958797,Scleroderma,bh,missing,,,12639,,,,364629,0
Q958797,Scleroderma,bn,missing,,,12639,,,,364629,0
Q958797,Scleroderma,gom,missing,,,12639,,,,364629,0
Q958797,Scleroderma,gu,missing,,,12639,,,,364629,0
Q958797,Scleroderma,hi,good,स्क्लेरोदेर्मा,8331,12639,26833,0.659,2026-09-24 05:55:20,364629,186
Q958797,Scleroderma,kn,missing,,,12639,,,,364629,0
Q958797,Scleroderma,ks,missing,,,12639,,,,364629,0
Q958797,Scleroderma,mai,missing,,,12639,,,,364629,0
Q958797,Scleroderma,ml,missing,,,12639,,,,364629,0
Q958797,Scleroderma,mni,missing,,,12639,,,,364629,0
Q958797,Scleroderma,mr,missing,,,12639,,,,364629,0
Q958797,Scleroderma,ne,missing,,,12639,,,,364629,0
Q958797,Scleroderma,or,partial,ସ୍କ୍ଲେରୋଡର୍ମା,1959,12639,11855,0.155,2020-07-31 15:08:58,364629,54
Q958797,Scleroderma,pa,missing,,,12639,,,,364629,0
Q958797,Scleroderma,sa,missing,,,12639,,,,364629,0
Q958797,Scleroderma,sat,missing,,,12639,,,,364629,0
Q958797,Scleroderma,sd,missing,,,12639,,,,364629,0
Q958797,Scleroderma,ta,missing,,,12639,,,,364629,0
Q958797,Scleroderma,tcy,missing,,,12639,,,,364629,0
Q958797,Scleroderma,te,stub,స్క్లెరోడెర్మా,1799,12639,10235,0.142,2026-09-02 04:20:39,364629,2
Q958797,Scleroderma,ur,missing,,,12639,,,,364629,0
Q959606,Compound interest,as,missing,,,13989,,,,137555,0
Q959606,Compound interest,bh,stub,चक्रवृद्धि ब्याज,1686,13989,3705,0.121,2026-08-26 05:39:51,137555,91
Q959606,Compound interest,bn,good,চক্রবৃদ্ধি সুদ,10802,13989,30482,0.772,2025-01-26 07:28:32,137555,1027
Q959606,Compound interest,gom,missing,,,13989,,,,137555,0
Q959606,Compound interest,gu,missing,,,13989,,,,137555,0
Q959606,Compound interest,hi,partial,चक्रवृद्धि ब्याज,2553,13989,5785,0.183,2026-09-19 15:25:48,137555,5424
Q959606,Compound interest,kn,stub,ಚಕ್ರಬಡ್ಡಿ,765,13989,2386,0.055,2026-03-23 03:32:04,137555,208
Q959606,Compound interest,ks,missing,,,13989,,,,137555,0
Q959606,Compound interest,mai,missing,,,13989,,,,137555,0
Q959606,Compound interest,ml,missing,,,13989,,,,137555,0
Q959606,Compound interest,mni,missing,,,13989,,,,137555,0
Q959606,Compound interest,mr,missing,,,13989,,,,137555,0
Q959606,Compound interest,ne,missing,,,13989,,,,137555,0
Q959606,Compound interest,or,missing,,,13989,,,,137555,0
Q959606,Compound interest,pa,stub,ਮਿਸ਼ਰਤ ਵਿਆਜ,1079,13989,2526,0.077,2025-09-25 07:01:20,137555,69
Q959606,Compound interest,sa,missing,,,13989,,,,137555,0
Q959606,Compound interest,sat,missing,,,13989,,,,137555,0
Q959606,Compound interest,sd,missing,,,13989,,,,137555,0
Q959606,Compound interest,ta,good,கூட்டு வட்டி,20447,13989,48065,1.0,2026-06-18 13:51:33,137555,887
Q959606,Compound interest,tcy,missing,,,13989,,,,137555,0
Q959606,Compound interest,te,stub,చక్రవడ్డీ,556,13989,1948,0.04,2026-09-15 11:17:05,137555,400
Q959606,Compound interest,ur,partial,مرکب سود,4595,13989,6526,0.328,2025-01-30 00:50:28,137555,179
Q9649,Human digestive system,as,stub,পাচন তন্ত্ৰ,2225,44703,7195,0.05,2026-08-25 23:29:30,273632,2847
Q9649,Human digestive system,bh,stub,मानव पाचन तंत्र,355,44703,1001,0.008,2023-06-02 12:22:44,273632,190
Q9649,Human digestive system,bn,stub,মানব পরিপাকতন্ত্র,3506,44703,11462,0.078,2025-11-03 12:43:59,273632,3976
Q9649,Human digestive system,gom,missing,,,44703,,,,273632,0
Q9649,Human digestive system,gu,missing,,,44703,,,,273632,0
Q9649,Human digestive system,hi,partial,मानव का पाचक तंत्र,15614,44703,41603,0.349,2024-12-25 03:48:13,273632,7375
Q9649,Human digestive system,kn,good,ಮಾನವನ ಪಚನ ವ್ಯವಸ್ಥೆ,36233,44703,106481,0.811,2026-03-25 10:03:31,273632,2127
Q9649,Human digestive system,ks,stub,شرٛٔپرَن تَگ,513,44703,1321,0.011,2025-12-20 16:04:32,273632,120
Q9649,Human digestive system,mai,missing,,,44703,,,,273632,0
Q9649,Human digestive system,ml,stub,ദഹനവ്യൂഹം,1786,44703,7901,0.04,2026-06-20 20:22:02,273632,588
Q9649,Human digestive system,mni,missing,,,44703,,,,273632,0
Q9649,Human digestive system,mr,missing,,,44703,,,,273632,0
Q9649,Human digestive system,ne,missing,,,44703,,,,273632,0
Q9649,Human digestive system,or,missing,,,44703,,,,273632,0
Q9649,Human digestive system,pa,stub,ਮਨੁੱਖੀ ਪਾਚਣ ਪ੍ਰਣਾਲੀ,948,44703,3130,0.021,2020-09-16 12:02:28,273632,1147
Q9649,Human digestive system,sa,missing,,,44703,,,,273632,0
Q9649,Human digestive system,sat,missing,,,44703,,,,273632,0
Q9649,Human digestive system,sd,stub,انساني هاضمي جو سرشتو,3473,44703,7049,0.078,2026-03-08 13:34:21,273632,154
Q9649,Human digestive system,ta,partial,மனித சமிபாட்டு மண்டலம்,13734,44703,43140,0.307,2026-07-24 04:31:33,273632,1675
Q9649,Human digestive system,tcy,missing,,,44703,,,,273632,0
Q9649,Human digestive system,te,stub,మానవ జీర్ణవ్యవస్థ,1023,44703,3120,0.023,2026-08-15 05:03:58,273632,1983
Q9649,Human digestive system,ur,stub,انسانی نظام انہضام,136,44703,825,0.003,2025-06-11 04:47:17,273632,991
Q9687,Traffic collision,as,missing,,,48109,,,,150248,0
Q9687,Traffic collision,bh,missing,,,48109,,,,150248,0
Q9687,Traffic collision,bn,missing,,,48109,,,,150248,0
Q9687,Traffic collision,gom,missing,,,48109,,,,150248,0
Q9687,Traffic collision,gu,missing,,,48109,,,,150248,0
Q9687,Traffic collision,hi,stub,यातायात टक्कर,3302,48109,9568,0.069,2026-06-10 13:32:34,150248,314
Q9687,Traffic collision,kn,missing,,,48109,,,,150248,0
Q9687,Traffic collision,ks,missing,,,48109,,,,150248,0
Q9687,Traffic collision,mai,missing,,,48109,,,,150248,0
Q9687,Traffic collision,ml,partial,റോഡപകടം,10882,48109,46562,0.226,2026-09-24 20:38:14,150248,1046
Q9687,Traffic collision,mni,missing,,,48109,,,,150248,0
Q9687,Traffic collision,mr,missing,,,48109,,,,150248,0
Q9687,Traffic collision,ne,stub,सवारी दुर्घटना,615,48109,3657,0.013,2026-08-09 01:32:53,150248,729
Q9687,Traffic collision,or,missing,,,48109,,,,150248,0
Q9687,Traffic collision,pa,missing,,,48109,,,,150248,0
Q9687,Traffic collision,sa,missing,,,48109,,,,150248,0
Q9687,Traffic collision,sat,missing,,,48109,,,,150248,0
Q9687,Traffic collision,sd,missing,,,48109,,,,150248,0
Q9687,Traffic collision,ta,stub,சாலை விபத்து,888,48109,3481,0.018,2022-10-15 01:45:49,150248,457
Q9687,Traffic collision,tcy,missing,,,48109,,,,150248,0
Q9687,Traffic collision,te,stub,రహదారి ప్రమాదం,1377,48109,5463,0.029,2025-05-25 07:27:53,150248,627
Q9687,Traffic collision,ur,stub,حادثہ سڑک,1699,48109,4739,0.035,2026-05-15 06:30:08,150248,374
Q9690,Fatigue,as,missing,,,25029,,,,109148,0
Q9690,Fatigue,bh,missing,,,25029,,,,109148,0
Q9690,Fatigue,bn,missing,,,25029,,,,109148,0
Q9690,Fatigue,gom,missing,,,25029,,,,109148,0
Q9690,Fatigue,gu,missing,,,25029,,,,109148,0
Q9690,Fatigue,hi,partial,थकान (चिकित्सा),5989,25029,21059,0.239,2023-10-02 18:55:31,109148,308
Q9690,Fatigue,kn,stub,ಆಯಾಸ,925,25029,3117,0.037,2026-03-22 01:55:49,109148,217
Q9690,Fatigue,ks,missing,,,25029,,,,109148,0
Q9690,Fatigue,mai,missing,,,25029,,,,109148,0
Q9690,Fatigue,ml,missing,,,25029,,,,109148,0
Q9690,Fatigue,mni,missing,,,25029,,,,109148,0
Q9690,Fatigue,mr,missing,,,25029,,,,109148,0
Q9690,Fatigue,ne,missing,,,25029,,,,109148,0
Q9690,Fatigue,or,missing,,,25029,,,,109148,0
Q9690,Fatigue,pa,missing,,,25029,,,,109148,0
Q9690,Fatigue,sa,missing,,,25029,,,,109148,0
Q9690,Fatigue,sat,missing,,,25029,,,,109148,0
Q9690,Fatigue,sd,missing,,,25029,,,,109148,0
Q9690,Fatigue,ta,stub,களைப்பு,1118,25029,4570,0.045,2022-11-07 01:21:36,109148,836
Q9690,Fatigue,tcy,missing,,,25029,,,,109148,0
Q9690,Fatigue,te,stub,నీరసం,2048,25029,5996,0.082,2023-04-04 01:39:28,109148,353
Q9690,Fatigue,ur,stub,تھکاوٹ,2469,25029,5607,0.099,2025-12-14 16:43:15,109148,241
