lang,rank,qid,en_title,status,existing_title,en_views
as,1,Q11660,Artificial intelligence,stub,কৃত্ৰিম বুদ্ধিমত্তা,3661437
as,2,Q10693,Periodic table,stub,পৰ্যাবৃত্ত তালিকা,3338660
as,3,Q405,Moon,stub,চন্দ্ৰ,2006752
as,4,Q230003,Lok Sabha,stub,লোকসভা,1863666
as,5,Q12052688,Aadhaar,stub,আধাৰ (ভাৰতীয় একক পৰিচয় প্ৰাধিকৰণ),1526110
as,6,Q544,Solar System,stub,সৌৰজগত,1477613
as,7,Q12204,Tuberculosis,stub,যক্ষ্মা,1471158
as,8,Q38404,Autism,missing,,1450975
as,9,Q75,Internet,stub,ইণ্টাৰনেট,1434012
as,10,Q181923,Attention deficit hyperactivity disorder,missing,,1358012
as,11,Q208166,Borderline personality disorder,missing,,1330677
as,12,Q10737,Suicide,stub,আত্মহত্যা,1280610
as,13,Q36956,Leprosy,stub,কুষ্ঠ,1266813
as,14,Q161790,Asperger syndrome,missing,,1255761
as,15,Q244730,Rajya Sabha,stub,ৰাজ্যসভা,1230376
as,16,Q183134,Sepsis,missing,,1187188
as,17,Q19939,Tiger,missing,,1171170
as,18,Q41112,Schizophrenia,stub,স্কিজ'ফ্ৰেনিয়া,1162985
as,19,Q68,Computer,stub,কম্পিউটাৰ,1157780
as,20,Q51993,Ebola,stub,ইব'লা ভাইৰাছ ৰোগ,1106892
as,21,Q395,Mathematics,stub,গণিত,1105004
as,22,Q39222,Rabies,stub,জলাতংক,1085297
as,23,Q131755,Bipolar disorder,stub,বাইপ’লাৰ ৰোগ,1064399
as,24,Q201989,Lyme disease,missing,,1041266
as,25,Q188874,Colorectal cancer,stub,ক’ল’ৰেক্টেল কেন্সাৰ,924887
as,26,Q282142,Glioblastoma,missing,,912919
as,27,Q190564,Huntington's disease,missing,,910640
as,28,Q12214,Smallpox,stub,বৰআই,903042
as,29,Q12192,Pneumonia,stub,নিউম'নিয়া,889369
as,30,Q174589,Agoraphobia,stub,এগোৰাফ’বিয়া,888541
as,31,Q217519,Bubonic plague,missing,,879000
as,32,Q181843,Necrophilia,missing,,869866
as,33,Q191779,Tourette syndrome,missing,,849755
as,34,Q178059,Paraphilia,missing,,845489
as,35,Q205764,Endometriosis,missing,,835130
as,36,Q178190,Obsessive–compulsive disorder,missing,,804935
as,37,Q503,Banana,stub,কল,788629
as,38,Q125928,Climate change,stub,জলবায়ু পৰিৱৰ্তন,783050
as,39,Q12199,HIV/AIDS,stub,এইচ.আই.ভি/এইড্‌ছ,748106
as,40,Q7430,DNA,stub,ডি এন এ,677163
as,41,Q118418,Antisocial personality disorder,missing,,664192
as,42,Q10998,Potato,stub,আলু (পাচলি),657748
as,43,Q189580,Acromegaly,missing,,649893
as,44,Q12152,Myocardial infarction,stub,মাইঅ'কাৰ্দিয়েল ইনফাৰ্কচন,644882
as,45,Q79793,Measles,stub,সৰুআই,625712
as,46,Q5142470,Raynaud syndrome,missing,,623454
as,47,Q23501,Tomato,missing,,603258
as,48,Q182155,Shingles,missing,,582344
as,49,Q223102,Peritonitis,missing,,578931
as,50,Q11575,Maize,stub,মাকৈ,577892
as,51,Q129279,Dysentery,missing,,577801
as,52,Q183548,Voyeurism,missing,,572194
as,53,Q12195,Polio,stub,প'লিঅ'মায়েলাইটিছ,557780
as,54,Q8486,Coffee,stub,কফি,556842
as,55,Q83319,Typhoid fever,stub,টাইফইড,550428
as,56,Q178194,Cystic fibrosis,missing,,528559
as,57,Q208414,Lymphoma,stub,লিম্ফ'মা,519499
as,58,Q267907,Hypersexuality,missing,,517633
as,59,Q134649,Diphtheria,stub,ডিপথেৰীয়া,515585
as,60,Q55998,Pleurisy,missing,,515296
as,61,Q11982,Photosynthesis,stub,সালোক সংশ্লেষণ,513872
as,62,Q12090,Cholera,stub,কলেৰা,513798
as,63,Q12156,Malaria,stub,মেলেৰিয়া,512952
as,64,Q275459,Acute radiation syndrome,missing,,512459
as,65,Q199804,Chronic obstructive pulmonary disease,stub,ক্ৰনিক অবষ্ট্ৰাক্টিভ পালমোনাৰী ডিজিজ,509642
as,66,Q194101,Dwarfism,missing,,504505
as,67,Q152234,Edema,missing,,503823
as,68,Q7944,Earthquake,stub,ভূমিকম্প,500777
as,69,Q135005,Phishing,missing,,498694
as,70,Q12202,Stroke,stub,ষ্ট্ৰ'ক,495627
as,71,Q37383,Peanut,missing,,490383
as,72,Q167178,Scabies,missing,,490308
as,73,Q184627,Human papillomavirus infection,missing,,489762
as,74,Q12078,Cancer,stub,কৰ্কট ৰোগ,488931
as,75,Q202387,Post-traumatic stress disorder,missing,,488291
as,76,Q169,Mango,stub,আম,478546
as,77,Q154865,Botulism,missing,,474405
as,78,Q207855,Amblyopia,missing,,467887
as,79,Q185034,Sickle cell disease,missing,,467373
as,80,Q207367,Infectious mononucleosis,missing,,461656
as,81,Q163865,Scurvy,stub,স্কাৰ্ভী,461489
as,82,Q558077,Williams syndrome,missing,,458811
as,83,Q2836,Aphasia,missing,,454138
as,84,Q154878,Toxoplasmosis,missing,,453401
as,85,Q204933,Decapitation,missing,,449861
as,86,Q202849,Turner syndrome,missing,,448556
as,87,Q5090,Rice,stub,চাউল,444227
as,88,Q22645,Smartphone,stub,স্মাৰ্টফোন,440423
as,89,Q83030,Dementia,stub,ডিমেন্‌চিয়া,438437
as,90,Q8092,Tropical cyclone,stub,ক্ৰান্তীয় ঘূৰ্ণীবতাহ,438246
as,91,Q159701,Glaucoma,missing,,434758
as,92,Q1072,Heart,stub,হৃদযন্ত্ৰ,425972
as,93,Q11995,Pregnancy,stub,গৰ্ভধাৰণ,418922
as,94,Q498237,Schizoid personality disorder,missing,,416766
as,95,Q180614,Melanoma,missing,,416231
as,96,Q9121,Atom,stub,পৰমাণু,415213
as,97,Q188605,Emphysema,missing,,415016
as,98,Q189561,Narcolepsy,missing,,414765
as,99,Q844590,Body dysmorphic disorder,missing,,414692
as,100,Q845787,Histrionic personality disorder,missing,,413915
bh,1,Q11660,Artificial intelligence,stub,आर्टिफिशियल इंटेलिजेंस,3661437
bh,2,Q10693,Periodic table,stub,पीरियॉडिक टेबल,3338660
bh,3,Q405,Moon,stub,चंद्रमा,2006752
bh,4,Q230003,Lok Sabha,stub,लोकसभा,1863666
bh,5,Q12052688,Aadhaar,stub,आधार,1526110
bh,6,Q12204,Tuberculosis,missing,,1471158
bh,7,Q38404,Autism,missing,,1450975
bh,8,Q181923,Attention deficit hyperactivity disorder,missing,,1358012
bh,9,Q208166,Borderline personality disorder,missing,,1330677
bh,10,Q84263196,COVID-19,stub,कोविड-19,1304689
bh,11,Q10737,Suicide,missing,,1280610
bh,12,Q36956,Leprosy,missing,,1266813
bh,13,Q161790,Asperger syndrome,missing,,1255761
bh,14,Q244730,Rajya Sabha,stub,राज्यसभा,1230376
bh,15,Q183134,Sepsis,missing,,1187188
bh,16,Q19939,Tiger,stub,बाघ,1171170
bh,17,Q41112,Schizophrenia,missing,,1162985
bh,18,Q68,Computer,stub,कंप्यूटर,1157780
bh,19,Q8392,Zoophilia,stub,पशु-रति,1108861
bh,20,Q51993,Ebola,missing,,1106892
bh,21,Q395,Mathematics,stub,गणित,1105004
bh,22,Q39222,Rabies,missing,,1085297
bh,23,Q131755,Bipolar disorder,missing,,1064399
bh,24,Q201989,Lyme disease,missing,,1041266
bh,25,Q188874,Colorectal cancer,missing,,924887
bh,26,Q282142,Glioblastoma,missing,,912919
bh,27,Q190564,Huntington's disease,missing,,910640
bh,28,Q12214,Smallpox,missing,,903042
bh,29,Q12192,Pneumonia,missing,,889369
bh,30,Q174589,Agoraphobia,missing,,888541
bh,31,Q217519,Bubonic plague,missing,,879000
bh,32,Q181843,Necrophilia,missing,,869866
bh,33,Q191779,Tourette syndrome,missing,,849755
bh,34,Q178059,Paraphilia,missing,,845489
bh,35,Q205764,Endometriosis,missing,,835130
bh,36,Q178190,Obsessive–compulsive disorder,missing,,804935
bh,37,Q503,Banana,stub,केरा,788629
bh,38,Q125928,Climate change,stub,जलवायु बदलाव,783050
bh,39,Q12199,HIV/AIDS,missing,,748106
bh,40,Q7430,DNA,stub,डीएनए,677163
bh,41,Q118418,Antisocial personality disorder,missing,,664192
bh,42,Q10998,Potato,missing,,657748
bh,43,Q189580,Acromegaly,missing,,649893
bh,44,Q12152,Myocardial infarction,missing,,644882
bh,45,Q477108,Constitution of India,stub,भारतीय संविधान,637157
bh,46,Q79793,Measles,stub,खसरा रोग,625712
bh,47,Q5142470,Raynaud syndrome,missing,,623454
bh,48,Q23501,Tomato,stub,टमाटर,603258
bh,49,Q42844,Major depressive disorder,missing,,584300
bh,50,Q182155,Shingles,missing,,582344
bh,51,Q223102,Peritonitis,missing,,578931
bh,52,Q11575,Maize,missing,,577892
bh,53,Q129279,Dysentery,missing,,577801
bh,54,Q183548,Voyeurism,missing,,572194
bh,55,Q12195,Polio,missing,,557780
bh,56,Q8486,Coffee,missing,,556842
bh,57,Q83319,Typhoid fever,missing,,550428
bh,58,Q178194,Cystic fibrosis,missing,,528559
bh,59,Q208414,Lymphoma,missing,,519499
bh,60,Q267907,Hypersexuality,missing,,517633
bh,61,Q134649,Diphtheria,missing,,515585
bh,62,Q55998,Pleurisy,missing,,515296
bh,63,Q11982,Photosynthesis,stub,प्रकाश संश्लेषण,513872
bh,64,Q12090,Cholera,missing,,513798
bh,65,Q12156,Malaria,stub,मलेरिया,512952
bh,66,Q275459,Acute radiation syndrome,missing,,512459
bh,67,Q199804,Chronic obstructive pulmonary disease,missing,,509642
bh,68,Q194101,Dwarfism,missing,,504505
bh,69,Q152234,Edema,missing,,503823
bh,70,Q7944,Earthquake,stub,भुँइडोल,500777
bh,71,Q135005,Phishing,missing,,498694
bh,72,Q12202,Stroke,missing,,495627
bh,73,Q7868,Cell (biology),stub,कोष (जीवविज्ञान),494340
bh,74,Q37383,Peanut,missing,,490383
bh,75,Q167178,Scabies,missing,,490308
bh,76,Q184627,Human papillomavirus infection,missing,,489762
bh,77,Q12078,Cancer,stub,कैंसर,488931
bh,78,Q202387,Post-traumatic stress disorder,missing,,488291
bh,79,Q154865,Botulism,missing,,474405
bh,80,Q207855,Amblyopia,missing,,467887
bh,81,Q185034,Sickle cell disease,missing,,467373
bh,82,Q207367,Infectious mononucleosis,missing,,461656
bh,83,Q163865,Scurvy,missing,,461489
bh,84,Q558077,Williams syndrome,missing,,458811
bh,85,Q133244,Jaundice,missing,,454356
bh,86,Q2836,Aphasia,missing,,454138
bh,87,Q154878,Toxoplasmosis,missing,,453401
bh,88,Q204933,Decapitation,missing,,449861
bh,89,Q202849,Turner syndrome,missing,,448556
bh,90,Q5090,Rice,stub,चाउर,444227
bh,91,Q22645,Smartphone,stub,स्मार्टफोन,440423
bh,92,Q83030,Dementia,missing,,438437
bh,93,Q8092,Tropical cyclone,stub,उष्णकटिबंधी चक्रवात,438246
bh,94,Q159701,Glaucoma,missing,,434758
bh,95,Q3342808,Coconut,missing,,429158
bh,96,Q1072,Heart,stub,दिल,425972
bh,97,Q11995,Pregnancy,missing,,418922
bh,98,Q498237,Schizoid personality disorder,missing,,416766
bh,99,Q180614,Melanoma,missing,,416231
bh,100,Q44727,Chickenpox,missing,,415238
bn,1,Q230003,Lok Sabha,stub,লোকসভা,1863666
bn,2,Q38404,Autism,stub,আত্মসংবৃতি,1450975
bn,3,Q75,Internet,stub,ইন্টারনেট,1434012
bn,4,Q181923,Attention deficit hyperactivity disorder,missing,,1358012
bn,5,Q208166,Borderline personality disorder,stub,বর্ডারলাইন পারসনালিটি ডিজর্ডার,1330677
bn,6,Q36956,Leprosy,stub,কুষ্ঠ,1266813
bn,7,Q183134,Sepsis,stub,জীবাণুদূষণ,1187188
bn,8,Q41112,Schizophrenia,stub,ভগ্নমনস্কতা,1162985
bn,9,Q51993,Ebola,stub,ইবোলা,1106892
bn,10,Q201989,Lyme disease,stub,লাইম রোগ,1041266
bn,11,Q188874,Colorectal cancer,stub,মলাশয়ের ক্যান্সার,924887
bn,12,Q282142,Glioblastoma,stub,গ্লিওব্লাস্টোমা,912919
bn,13,Q190564,Huntington's disease,stub,হান্টিংটন রোগ,910640
bn,14,Q12214,Smallpox,stub,গুটিবসন্ত,903042
bn,15,Q174589,Agoraphobia,missing,,888541
bn,16,Q205764,Endometriosis,missing,,835130
bn,17,Q178190,Obsessive–compulsive disorder,stub,আবেশিক অনুকর্ষী ব্যাধি,804935
bn,18,Q118418,Antisocial personality disorder,missing,,664192
bn,19,Q5142470,Raynaud syndrome,missing,,623454
bn,20,Q42844,Major depressive disorder,stub,গুরুতর বিষাদজনিত ব্যাধি,584300
bn,21,Q182155,Shingles,missing,,582344
bn,22,Q223102,Peritonitis,missing,,578931
bn,23,Q11575,Maize,stub,ভুট্টা,577892
bn,24,Q12195,Polio,stub,পোলিও,557780
bn,25,Q8486,Coffee,stub,কফি,556842
bn,26,Q83319,Typhoid fever,stub,আন্ত্রিক জ্বর,550428
bn,27,Q208414,Lymphoma,stub,লিম্ফোমা,519499
bn,28,Q134649,Diphtheria,stub,ডিপথেরিয়া,515585
bn,29,Q55998,Pleurisy,missing,,515296
bn,30,Q11982,Photosynthesis,stub,সালোকসংশ্লেষণ,513872
bn,31,Q12090,Cholera,stub,কলেরা,513798
bn,32,Q12156,Malaria,stub,ম্যালেরিয়া,512952
bn,33,Q275459,Acute radiation syndrome,stub,প্রকট বিকিরণজনিত সংলক্ষণ,512459
bn,34,Q199804,Chronic obstructive pulmonary disease,stub,দীর্ঘস্থায়ী অবরোধক ফুসফুসীয় ব্যাধি,509642
bn,35,Q194101,Dwarfism,stub,বামনত্ব,504505
bn,36,Q167178,Scabies,stub,স্ক্যাবিস,490308
bn,37,Q184627,Human papillomavirus infection,stub,হিউম্যান প্যাপিলোমাভাইরাস সংক্রমণ,489762
bn,38,Q12078,Cancer,stub,ক্যান্সার,488931
bn,39,Q202387,Post-traumatic stress disorder,stub,দুর্ঘটনা পরবর্তী মানসিক বৈকল্য,488291
bn,40,Q154865,Botulism,stub,বটুলিজম,474405
bn,41,Q207855,Amblyopia,missing,,467887
bn,42,Q185034,Sickle cell disease,stub,কাস্তে-কোষ ব্যাধি,467373
bn,43,Q207367,Infectious mononucleosis,missing,,461656
bn,44,Q558077,Williams syndrome,missing,,458811
bn,45,Q2836,Aphasia,stub,বাক্শক্তিরোধ,454138
bn,46,Q154878,Toxoplasmosis,missing,,453401
bn,47,Q202849,Turner syndrome,stub,টার্নার সিনড্রোম,448556
bn,48,Q5090,Rice,stub,চাল,444227
bn,49,Q83030,Dementia,stub,চিত্তভ্রংশ,438437
bn,50,Q8092,Tropical cyclone,stub,ক্রান্তীয় ঘূর্ণিঝড়,438246
bn,51,Q159701,Glaucoma,stub,গ্লুকোমা,434758
bn,52,Q3342808,Coconut,missing,,429158
bn,53,Q1072,Heart,stub,হৃৎপিণ্ড,425972
bn,54,Q498237,Schizoid personality disorder,missing,,416766
bn,55,Q180614,Melanoma,missing,,416231
bn,56,Q44727,Chickenpox,stub,জলবসন্ত,415238
bn,57,Q188605,Emphysema,missing,,415016
bn,58,Q189561,Narcolepsy,missing,,414765
bn,59,Q844590,Body dysmorphic disorder,stub,আপাত দেহরূপবিকার ব্যাধি,414692
bn,60,Q845787,Histrionic personality disorder,missing,,413915
bn,61,Q332062,Sorghum,stub,জোয়ার,406358
bn,62,Q41861,Hypertension,stub,উচ্চ রক্তচাপ,405125
bn,63,Q11006,Soybean,stub,সয়াবিন,402735
bn,64,Q844717,Spina bifida,missing,,402245
bn,65,Q48318,Urea,stub,ইউরিয়া,393673
bn,66,Q43084,Black pepper,stub,গোল মরিচ,391848
bn,67,Q12198,Sexually transmitted infection,stub,যৌনবাহিত রোগ,391094
bn,68,Q41571,Epilepsy,stub,মৃগী,391064
bn,69,Q193840,Asphyxia,missing,,388124
bn,70,Q2840,Influenza,stub,ইনফ্লুয়েঞ্জা,386242
bn,71,Q12725,Electricity,stub,তড়িৎ,379916
bn,72,Q15645384,Wheat,stub,গম,377680
bn,73,Q958797,Scleroderma,missing,,376931
bn,74,Q192309,Tinnitus,missing,,374845
bn,75,Q11094,Hashimoto's thyroiditis,stub,হাশিমোতো রোগ,364510
bn,76,Q15326,Alcoholism,stub,মদ্যাসক্তি,349033
bn,77,Q950511,Résumé,stub,রেজ্যুমে,348250
bn,78,Q33741,Lightning,stub,বজ্রপাত,346631
bn,79,Q168403,Myopia,stub,নিকটদৃষ্টি,344334
bn,80,Q622527,Self-harm,missing,,339067
bn,81,Q181754,Heart failure,stub,হৃৎপিণ্ডের অকৃতকার্যতা,337830
bn,82,Q23485,Onion,stub,পিঁয়াজ,335851
bn,83,Q62736,Osteoarthritis,stub,অস্টিওআর্থ্রাইটিস,335239
bn,84,Q83931,Locust,stub,পঙ্গপাল,332735
bn,85,Q168805,Gangrene,stub,পচনশীল ক্ষত,332222
bn,86,Q47912,Lung cancer,stub,ফুসফুসের ক্যান্সার,315597
bn,87,Q27679782,Goods and Services Tax (India),stub,পণ্য ও পরিষেবা কর (ভারত),314201
bn,88,Q492038,Human brain,stub,মানব মস্তিষ্ক,309690
bn,89,Q565276,Sciatica,missing,,302026
bn,90,Q11457,Cotton,stub,তুলা,292820
bn,91,Q9649,Human digestive system,stub,মানব পরিপাকতন্ত্র,290835
bn,92,Q181257,Prostate cancer,stub,প্রোস্টেট ক্যান্সার,290412
bn,93,Q36940,Sugarcane,stub,আখ,290191
bn,94,Q1036696,Hypothermia,stub,অবোষ্ণতা,283830
bn,95,Q152401,Foot-and-mouth disease,missing,,282253
bn,96,Q1869874,Insomnia,stub,অনিদ্রা,279938
bn,97,Q209647,Delirium tremens,missing,,278001
bn,98,Q42967,Monsoon,stub,মৌসুমি বায়ু,277392
bn,99,Q916280,Restless legs syndrome,missing,,270697
bn,100,Q8452,Abortion,stub,গর্ভপাত,267136
gom,1,Q11660,Artificial intelligence,stub,कृत्रिम बुध्दी,3661437
gom,2,Q10693,Periodic table,missing,,3338660
gom,3,Q405,Moon,stub,चंद्रीम,2006752
gom,4,Q230003,Lok Sabha,missing,,1863666
gom,5,Q12052688,Aadhaar,missing,,1526110
gom,6,Q544,Solar System,missing,,1477613
gom,7,Q12204,Tuberculosis,missing,,1471158
gom,8,Q38404,Autism,missing,,1450975
gom,9,Q75,Internet,missing,,1434012
gom,10,Q181923,Attention deficit hyperactivity disorder,missing,,1358012
gom,11,Q208166,Borderline personality disorder,missing,,1330677
gom,12,Q84263196,COVID-19,missing,,1304689
gom,13,Q10737,Suicide,missing,,1280610
gom,14,Q36956,Leprosy,missing,,1266813
gom,15,Q161790,Asperger syndrome,missing,,1255761
gom,16,Q244730,Rajya Sabha,missing,,1230376
gom,17,Q183134,Sepsis,missing,,1187188
gom,18,Q19939,Tiger,stub,Vag,1171170
gom,19,Q41112,Schizophrenia,missing,,1162985
gom,20,Q68,Computer,missing,,1157780
gom,21,Q8392,Zoophilia,missing,,1108861
gom,22,Q51993,Ebola,missing,,1106892
gom,23,Q395,Mathematics,stub,ಗಣಿತ್,1105004
gom,24,Q39222,Rabies,missing,,1085297
gom,25,Q131755,Bipolar disorder,missing,,1064399
gom,26,Q201989,Lyme disease,missing,,1041266
gom,27,Q188874,Colorectal cancer,missing,,924887
gom,28,Q282142,Glioblastoma,missing,,912919
gom,29,Q190564,Huntington's disease,missing,,910640
gom,30,Q12214,Smallpox,missing,,903042
gom,31,Q12192,Pneumonia,missing,,889369
gom,32,Q174589,Agoraphobia,missing,,888541
gom,33,Q217519,Bubonic plague,missing,,879000
gom,34,Q181843,Necrophilia,missing,,869866
gom,35,Q191779,Tourette syndrome,missing,,849755
gom,36,Q178059,Paraphilia,missing,,845489
gom,37,Q205764,Endometriosis,missing,,835130
gom,38,Q178190,Obsessive–compulsive disorder,missing,,804935
gom,39,Q503,Banana,missing,,788629
gom,40,Q125928,Climate change,missing,,783050
gom,41,Q12199,HIV/AIDS,stub,एड्स,748106
gom,42,Q7430,DNA,missing,,677163
gom,43,Q118418,Antisocial personality disorder,missing,,664192
gom,44,Q10998,Potato,stub,आळूं,657748
gom,45,Q189580,Acromegaly,missing,,649893
gom,46,Q12152,Myocardial infarction,missing,,644882
gom,47,Q477108,Constitution of India,missing,,637157
gom,48,Q79793,Measles,missing,,625712
gom,49,Q5142470,Raynaud syndrome,missing,,623454
gom,50,Q23501,Tomato,missing,,603258
gom,51,Q42844,Major depressive disorder,missing,,584300
gom,52,Q182155,Shingles,missing,,582344
gom,53,Q223102,Peritonitis,missing,,578931
gom,54,Q11575,Maize,missing,,577892
gom,55,Q129279,Dysentery,missing,,577801
gom,56,Q183548,Voyeurism,missing,,572194
gom,57,Q12195,Polio,missing,,557780
gom,58,Q8486,Coffee,missing,,556842
gom,59,Q83319,Typhoid fever,missing,,550428
gom,60,Q178194,Cystic fibrosis,missing,,528559
gom,61,Q208414,Lymphoma,missing,,519499
gom,62,Q267907,Hypersexuality,missing,,517633
gom,63,Q134649,Diphtheria,missing,,515585
gom,64,Q55998,Pleurisy,missing,,515296
gom,65,Q11982,Photosynthesis,missing,,513872
gom,66,Q12090,Cholera,missing,,513798
gom,67,Q12156,Malaria,missing,,512952
gom,68,Q275459,Acute radiation syndrome,missing,,512459
gom,69,Q199804,Chronic obstructive pulmonary disease,missing,,509642
gom,70,Q194101,Dwarfism,missing,,504505
gom,71,Q152234,Edema,missing,,503823
gom,72,Q7944,Earthquake,missing,,500777
gom,73,Q135005,Phishing,missing,,498694
gom,74,Q12202,Stroke,missing,,495627
gom,75,Q7868,Cell (biology),missing,,494340
gom,76,Q37383,Peanut,missing,,490383
gom,77,Q167178,Scabies,missing,,490308
gom,78,Q184627,Human papillomavirus infection,missing,,489762
gom,79,Q12078,Cancer,missing,,488931
gom,80,Q202387,Post-traumatic stress disorder,missing,,488291
gom,81,Q154865,Botulism,missing,,474405
gom,82,Q207855,Amblyopia,missing,,467887
gom,83,Q185034,Sickle cell disease,missing,,467373
gom,84,Q207367,Infectious mononucleosis,missing,,461656
gom,85,Q163865,Scurvy,missing,,461489
gom,86,Q558077,Williams syndrome,missing,,458811
gom,87,Q133244,Jaundice,missing,,454356
gom,88,Q2836,Aphasia,missing,,454138
gom,89,Q154878,Toxoplasmosis,missing,,453401
gom,90,Q204933,Decapitation,missing,,449861
gom,91,Q202849,Turner syndrome,missing,,448556
gom,92,Q5090,Rice,missing,,444227
gom,93,Q22645,Smartphone,missing,,440423
gom,94,Q83030,Dementia,missing,,438437
gom,95,Q8092,Tropical cyclone,missing,,438246
gom,96,Q159701,Glaucoma,missing,,434758
gom,97,Q3342808,Coconut,missing,,429158
gom,98,Q1072,Heart,stub,काळीज,425972
gom,99,Q11995,Pregnancy,stub,Gurvachar vo Gorbhest‌ponn,418922
gom,100,Q498237,Schizoid personality disorder,missing,,416766
gu,1,Q11660,Artificial intelligence,missing,,3661437
gu,2,Q10693,Periodic table,stub,આવર્ત કોષ્ટક,3338660
gu,3,Q405,Moon,stub,ચંદ્ર,2006752
gu,4,Q230003,Lok Sabha,stub,લોક સભા,1863666
gu,5,Q12052688,Aadhaar,missing,,1526110
gu,6,Q38404,Autism,missing,,1450975
gu,7,Q181923,Attention deficit hyperactivity disorder,missing,,1358012
gu,8,Q208166,Borderline personality disorder,missing,,1330677
gu,9,Q84263196,COVID-19,stub,કોરોનાવાયરસ રોગ ૨૦૧૯,1304689
gu,10,Q10737,Suicide,stub,આત્મહત્યા,1280610
gu,11,Q36956,Leprosy,stub,રક્તપિત,1266813
gu,12,Q161790,Asperger syndrome,missing,,1255761
gu,13,Q244730,Rajya Sabha,stub,રાજ્ય સભા,1230376
gu,14,Q183134,Sepsis,missing,,1187188
gu,15,Q41112,Schizophrenia,missing,,1162985
gu,16,Q8392,Zoophilia,missing,,1108861
gu,17,Q51993,Ebola,missing,,1106892
gu,18,Q131755,Bipolar disorder,missing,,1064399
gu,19,Q201989,Lyme disease,missing,,1041266
gu,20,Q188874,Colorectal cancer,missing,,924887
gu,21,Q282142,Glioblastoma,missing,,912919
gu,22,Q190564,Huntington's disease,missing,,910640
gu,23,Q12214,Smallpox,stub,શીતળા,903042
gu,24,Q12192,Pneumonia,missing,,889369
gu,25,Q217519,Bubonic plague,missing,,879000
gu,26,Q181843,Necrophilia,missing,,869866
gu,27,Q191779,Tourette syndrome,missing,,849755
gu,28,Q178059,Paraphilia,missing,,845489
gu,29,Q205764,Endometriosis,missing,,835130
gu,30,Q178190,Obsessive–compulsive disorder,missing,,804935
gu,31,Q503,Banana,stub,કેળાં,788629
gu,32,Q7430,DNA,missing,,677163
gu,33,Q118418,Antisocial personality disorder,missing,,664192
gu,34,Q10998,Potato,stub,બટાકાં,657748
gu,35,Q189580,Acromegaly,missing,,649893
gu,36,Q79793,Measles,missing,,625712
gu,37,Q5142470,Raynaud syndrome,missing,,623454
gu,38,Q23501,Tomato,missing,,603258
gu,39,Q182155,Shingles,missing,,582344
gu,40,Q223102,Peritonitis,missing,,578931
gu,41,Q11575,Maize,stub,મકાઈ,577892
gu,42,Q129279,Dysentery,missing,,577801
gu,43,Q183548,Voyeurism,missing,,572194
gu,44,Q8486,Coffee,missing,,556842
gu,45,Q83319,Typhoid fever,stub,ટાઇફોઇડ,550428
gu,46,Q178194,Cystic fibrosis,missing,,528559
gu,47,Q208414,Lymphoma,missing,,519499
gu,48,Q267907,Hypersexuality,missing,,517633
gu,49,Q134649,Diphtheria,missing,,515585
gu,50,Q55998,Pleurisy,missing,,515296
gu,51,Q12090,Cholera,missing,,513798
gu,52,Q275459,Acute radiation syndrome,missing,,512459
gu,53,Q199804,Chronic obstructive pulmonary disease,missing,,509642
gu,54,Q194101,Dwarfism,missing,,504505
gu,55,Q152234,Edema,missing,,503823
gu,56,Q12202,Stroke,missing,,495627
gu,57,Q7868,Cell (biology),missing,,494340
gu,58,Q37383,Peanut,missing,,490383
gu,59,Q167178,Scabies,missing,,490308
gu,60,Q184627,Human papillomavirus infection,missing,,489762
gu,61,Q202387,Post-traumatic stress disorder,missing,,488291
gu,62,Q154865,Botulism,missing,,474405
gu,63,Q207855,Amblyopia,missing,,467887
gu,64,Q185034,Sickle cell disease,stub,સિકલસેલ એનીમિયા રોગ,467373
gu,65,Q207367,Infectious mononucleosis,missing,,461656
gu,66,Q163865,Scurvy,missing,,461489
gu,67,Q558077,Williams syndrome,missing,,458811
gu,68,Q2836,Aphasia,missing,,454138
gu,69,Q154878,Toxoplasmosis,missing,,453401
gu,70,Q204933,Decapitation,missing,,449861
gu,71,Q202849,Turner syndrome,missing,,448556
gu,72,Q5090,Rice,missing,,444227
gu,73,Q22645,Smartphone,missing,,440423
gu,74,Q83030,Dementia,stub,ડિમેન્શિયા,438437
gu,75,Q8092,Tropical cyclone,missing,,438246
gu,76,Q159701,Glaucoma,missing,,434758
gu,77,Q3342808,Coconut,missing,,429158
gu,78,Q1072,Heart,missing,,425972
gu,79,Q11995,Pregnancy,missing,,418922
gu,80,Q498237,Schizoid personality disorder,missing,,416766
gu,81,Q180614,Melanoma,missing,,416231
gu,82,Q44727,Chickenpox,missing,,415238
gu,83,Q9121,Atom,stub,અણુ,415213
gu,84,Q188605,Emphysema,missing,,415016
gu,85,Q189561,Narcolepsy,missing,,414765
gu,86,Q844590,Body dysmorphic disorder,missing,,414692
gu,87,Q845787,Histrionic personality disorder,missing,,413915
gu,88,Q339221,Gynecomastia,missing,,411031
gu,89,Q332062,Sorghum,missing,,406358
gu,90,Q41861,Hypertension,missing,,405125
gu,91,Q11006,Soybean,stub,સોયાબીન,402735
gu,92,Q844717,Spina bifida,missing,,402245
gu,93,Q183560,Intellectual disability,missing,,393944
gu,94,Q48318,Urea,stub,યુરિયા,393673
gu,95,Q12206,Diabetes,stub,મધુપ્રમેહ,391102
gu,96,Q41571,Epilepsy,stub,વાઈ,391064
gu,97,Q193840,Asphyxia,missing,,388124
gu,98,Q2840,Influenza,missing,,386242
gu,99,Q41478,Hemorrhoid,missing,,383026
gu,100,Q12725,Electricity,stub,વીજળી,379916
hi,1,Q10693,Periodic table,stub,आवर्त सारणी,3338660
hi,2,Q405,Moon,stub,चन्द्रमा,2006752
hi,3,Q12052688,Aadhaar,stub,आधार कार्ड,1526110
hi,4,Q181923,Attention deficit hyperactivity disorder,stub,ध्यानाभाव एवं अतिसक्रियता विकार,1358012
hi,5,Q208166,Borderline personality disorder,stub,सीमांत व्यक्तित्व विकार,1330677
hi,6,Q84263196,COVID-19,stub,कोरोनावायरस रोग 2019,1304689
hi,7,Q183134,Sepsis,stub,पूतीभवन,1187188
hi,8,Q19939,Tiger,stub,बाघ,1171170
hi,9,Q41112,Schizophrenia,stub,मनोविदलता,1162985
hi,10,Q8392,Zoophilia,stub,पशु-रति,1108861
hi,11,Q51993,Ebola,stub,इबोला वायरस रोग,1106892
hi,12,Q39222,Rabies,stub,रेबीज़,1085297
hi,13,Q131755,Bipolar disorder,stub,द्विध्रुवी विकार,1064399
hi,14,Q201989,Lyme disease,stub,लाइम रोग,1041266
hi,15,Q282142,Glioblastoma,stub,ग्लयोब्लास्टोमा मल्टीफार्मी,912919
hi,16,Q217519,Bubonic plague,stub,ग्रंथिल प्लेग,879000
hi,17,Q181843,Necrophilia,stub,शव कामुकता,869866
hi,18,Q191779,Tourette syndrome,stub,टॉरेट संलक्षण,849755
hi,19,Q178059,Paraphilia,stub,अपकामुकता,845489
hi,20,Q205764,Endometriosis,stub,एंडोमेट्रियोसिस,835130
hi,21,Q178190,Obsessive–compulsive disorder,stub,मनोग्रसित-बाध्यता विकार,804935
hi,22,Q503,Banana,stub,केला,788629
hi,23,Q7430,DNA,stub,डीऑक्सीराइबो न्यूक्लिक अम्ल,677163
hi,24,Q118418,Antisocial personality disorder,missing,,664192
hi,25,Q10998,Potato,stub,आलू,657748
hi,26,Q189580,Acromegaly,stub,एक्रोमेगेली,649893
hi,27,Q5142470,Raynaud syndrome,missing,,623454
hi,28,Q23501,Tomato,stub,टमाटर,603258
hi,29,Q42844,Major depressive disorder,stub,एकध्रुवीय अवसाद,584300
hi,30,Q182155,Shingles,stub,भैंसिया दाद,582344
hi,31,Q11575,Maize,stub,मक्का (अनाज),577892
hi,32,Q183548,Voyeurism,stub,वॉयरिज़म,572194
hi,33,Q8486,Coffee,stub,कॉफ़ी,556842
hi,34,Q83319,Typhoid fever,stub,आंत्र ज्वर,550428
hi,35,Q178194,Cystic fibrosis,stub,सिस्टिक फाइब्रोसिस,528559
hi,36,Q208414,Lymphoma,stub,लिम्फोमा,519499
hi,37,Q267907,Hypersexuality,stub,अति कामुकता,517633
hi,38,Q55998,Pleurisy,stub,प्लूरिसी,515296
hi,39,Q12090,Cholera,stub,हैजा,513798
hi,40,Q275459,Acute radiation syndrome,stub,एक्यूट रेडिएशन सिंड्रोम,512459
hi,41,Q194101,Dwarfism,stub,बौनापन,504505
hi,42,Q152234,Edema,stub,शोफ,503823
hi,43,Q12202,Stroke,stub,स्ट्रोक,495627
hi,44,Q37383,Peanut,stub,मूँगफली,490383
hi,45,Q167178,Scabies,stub,खाज,490308
hi,46,Q184627,Human papillomavirus infection,stub,मानव अंकुरार्बुद विषाणु,489762
hi,47,Q202387,Post-traumatic stress disorder,stub,अभिघातजन्य तनाव विकार,488291
hi,48,Q154865,Botulism,missing,,474405
hi,49,Q207855,Amblyopia,stub,मंददृष्टि,467887
hi,50,Q207367,Infectious mononucleosis,stub,संक्रामक मोनोन्यूक्लिओसिस,461656
hi,51,Q163865,Scurvy,stub,स्कर्वी,461489
hi,52,Q558077,Williams syndrome,missing,,458811
hi,53,Q2836,Aphasia,stub,वाचाघात,454138
hi,54,Q154878,Toxoplasmosis,stub,टोक्सोप्लाज़मोसिज़,453401
hi,55,Q204933,Decapitation,stub,शिरच्छेद,449861
hi,56,Q5090,Rice,stub,चावल,444227
hi,57,Q22645,Smartphone,stub,स्मार्टफ़ोन,440423
hi,58,Q3342808,Coconut,missing,,429158
hi,59,Q498237,Schizoid personality disorder,missing,,416766
hi,60,Q180614,Melanoma,stub,मेलेनोमा,416231
hi,61,Q9121,Atom,stub,परमाणु,415213
hi,62,Q189561,Narcolepsy,stub,नार्कोलेप्सी,414765
hi,63,Q844590,Body dysmorphic disorder,missing,,414692
hi,64,Q845787,Histrionic personality disorder,missing,,413915
hi,65,Q339221,Gynecomastia,stub,पुंस्तनवृद्धि,411031
hi,66,Q8070,Tsunami,stub,सूनामी,405008
hi,67,Q844717,Spina bifida,missing,,402245
hi,68,Q183560,Intellectual disability,stub,बौद्धिक अशक्‍तता,393944
hi,69,Q48318,Urea,stub,यूरिया,393673
hi,70,Q2840,Influenza,stub,इनफ़्लुएंज़ा,386242
hi,71,Q6097,Tea,stub,चाय,380606
hi,72,Q192309,Tinnitus,stub,कान बजना,374845
hi,73,Q11094,Hashimoto's thyroiditis,stub,हाशिमोटो थायरॉइडाइटिस,364510
hi,74,Q950511,Résumé,stub,रिज़्यूम,348250
hi,75,Q202758,Hypoglycemia,stub,अधोमधुरक्तता,345186
hi,76,Q168403,Myopia,stub,निकटदृष्टि दोष,344334
hi,77,Q622527,Self-harm,stub,आत्मक्षति,339067
hi,78,Q181754,Heart failure,stub,हृदय विफलन,337830
hi,79,Q216866,Conjoined twins,stub,संयुक्त जुड़वाँ,336659
hi,80,Q62736,Osteoarthritis,stub,अस्थिसंध्यार्ति,335239
hi,81,Q644318,Vasculitis,missing,,324665
hi,82,Q40878,Diarrhea,stub,अतिसार,318324
hi,83,Q213600,Sleep apnea,stub,निद्राश्वसन-अवरोध,317342
hi,84,Q11457,Cotton,stub,कपास,292820
hi,85,Q5445,Anemia,stub,रक्ताल्पता,291931
hi,86,Q167844,Conjunctivitis,stub,नेत्र शोथ,288432
hi,87,Q161380,Credit card,stub,क्रेडिट कार्ड,284146
hi,88,Q152401,Foot-and-mouth disease,stub,मुंहपका-खुरपका रोग,282253
hi,89,Q1869874,Insomnia,stub,अनिद्रा,279938
hi,90,Q12171,Menstruation,missing,,275371
hi,91,Q7873,Blood,stub,रक्त,272423
hi,92,Q916280,Restless legs syndrome,missing,,270697
hi,93,Q161801,SIDS,stub,अचानक शिशु मृत्यु सिंड्रोम,269721
hi,94,Q8452,Abortion,stub,गर्भपात,267136
hi,95,Q460591,Decompression sickness,missing,,266977
hi,96,Q35865,Inflation,stub,मुद्रास्फीति,266051
hi,97,Q159557,Coma,stub,निश्चेतनता,265859
hi,98,Q12174,Obesity,stub,मोटापा,262816
hi,99,Q12705,Renewable energy,stub,अक्षय ऊर्जा,253955
hi,100,Q189389,Aneurysm,stub,धमनी विस्फार,251816
kn,1,Q10693,Periodic table,stub,ಆವರ್ತ ಕೋಷ್ಟಕ,3338660
kn,2,Q12204,Tuberculosis,stub,ಕ್ಷಯ,1471158
kn,3,Q38404,Autism,stub,ಆಟಿಸಮ್,1450975
kn,4,Q181923,Attention deficit hyperactivity disorder,missing,,1358012
kn,5,Q10737,Suicide,stub,ಆತ್ಮಹತ್ಯೆ,1280610
kn,6,Q161790,Asperger syndrome,missing,,1255761
kn,7,Q183134,Sepsis,missing,,1187188
kn,8,Q8392,Zoophilia,missing,,1108861
kn,9,Q51993,Ebola,missing,,1106892
kn,10,Q131755,Bipolar disorder,stub,ದ್ವಿಧ್ರುವಿ ಅಸ್ವಸ್ಥತೆ,1064399
kn,11,Q201989,Lyme disease,missing,,1041266
kn,12,Q188874,Colorectal cancer,missing,,924887
kn,13,Q282142,Glioblastoma,missing,,912919
kn,14,Q217519,Bubonic plague,missing,,879000
kn,15,Q181843,Necrophilia,missing,,869866
kn,16,Q178059,Paraphilia,missing,,845489
kn,17,Q205764,Endometriosis,missing,,835130
kn,18,Q178190,Obsessive–compulsive disorder,stub,ಗೀಳು ಮನೋರೋಗ,804935
kn,19,Q118418,Antisocial personality disorder,missing,,664192
kn,20,Q10998,Potato,stub,ಆಲೂಗಡ್ಡೆ,657748
kn,21,Q189580,Acromegaly,missing,,649893
kn,22,Q182155,Shingles,missing,,582344
kn,23,Q223102,Peritonitis,missing,,578931
kn,24,Q129279,Dysentery,missing,,577801
kn,25,Q183548,Voyeurism,missing,,572194
kn,26,Q12195,Polio,missing,,557780
kn,27,Q8486,Coffee,stub,ಕಾಫಿ,556842
kn,28,Q83319,Typhoid fever,stub,ವಿಷಮಶೀತ ಜ್ವರ,550428
kn,29,Q178194,Cystic fibrosis,missing,,528559
kn,30,Q208414,Lymphoma,missing,,519499
kn,31,Q267907,Hypersexuality,missing,,517633
kn,32,Q55998,Pleurisy,missing,,515296
kn,33,Q11982,Photosynthesis,stub,ದ್ಯುತಿಸಂಶ್ಲೇಷಣೆ,513872
kn,34,Q12090,Cholera,stub,ಕಾಲೆರಾ,513798
kn,35,Q275459,Acute radiation syndrome,missing,,512459
kn,36,Q194101,Dwarfism,stub,ಕುಬ್ಜತೆ,504505
kn,37,Q135005,Phishing,missing,,498694
kn,38,Q12202,Stroke,missing,,495627
kn,39,Q167178,Scabies,stub,ಕಜ್ಜಿ,490308
kn,40,Q184627,Human papillomavirus infection,missing,,489762
kn,41,Q202387,Post-traumatic stress disorder,missing,,488291
kn,42,Q154865,Botulism,missing,,474405
kn,43,Q207855,Amblyopia,missing,,467887
kn,44,Q207367,Infectious mononucleosis,missing,,461656
kn,45,Q163865,Scurvy,stub,ರಕ್ತಪಿತ್ತವ್ಯಾಧಿ,461489
kn,46,Q558077,Williams syndrome,missing,,458811
kn,47,Q2836,Aphasia,missing,,454138
kn,48,Q154878,Toxoplasmosis,missing,,453401
kn,49,Q204933,Decapitation,missing,,449861
kn,50,Q5090,Rice,stub,ಅಕ್ಕಿ,444227
kn,51,Q22645,Smartphone,stub,ಸ್ಮಾರ್ಟ್ ಫೋನ್,440423
kn,52,Q159701,Glaucoma,stub,ಗ್ಲೊಕೊಮಾ,434758
kn,53,Q3342808,Coconut,missing,,429158
kn,54,Q1072,Heart,stub,ಹೃದಯ,425972
kn,55,Q498237,Schizoid personality disorder,missing,,416766
kn,56,Q180614,Melanoma,missing,,416231
kn,57,Q188605,Emphysema,stub,ಗಾಳಿಯುಬ್ಬಟೆ ರೋಗ,415016
kn,58,Q189561,Narcolepsy,stub,ನಾರ್ಕೊಲೆಪ್ಸಿ ಎಂಬ ಒಂದು ನಿದ್ರಾರೋಗ,414765
kn,59,Q844590,Body dysmorphic disorder,missing,,414692
kn,60,Q845787,Histrionic personality disorder,stub,ಸ್ವಕೇಂದ್ರಿತ ವ್ಯಕ್ತಿತ್ವ ಮನೋರೋಗ,413915
kn,61,Q339221,Gynecomastia,missing,,411031
kn,62,Q332062,Sorghum,missing,,406358
kn,63,Q41861,Hypertension,missing,,405125
kn,64,Q11006,Soybean,stub,ಸೋಯಾ ಅವರೆ,402735
kn,65,Q844717,Spina bifida,missing,,402245
kn,66,Q183560,Intellectual disability,stub,ಬುದ್ದಿಮಾಂದ್ಯತೆ,393944
kn,67,Q12206,Diabetes,stub,ಮಧುಮೇಹ,391102
kn,68,Q12198,Sexually transmitted infection,stub,ಮೇಹರೋಗ,391094
kn,69,Q41571,Epilepsy,stub,ಅಪಸ್ಮಾರ,391064
kn,70,Q193840,Asphyxia,missing,,388124
kn,71,Q2840,Influenza,stub,ಇನ್ಫ್ಲುಯೆನ್ಜ,386242
kn,72,Q12725,Electricity,stub,ವಿದ್ಯುಚ್ಛಕ್ತಿ,379916
kn,73,Q958797,Scleroderma,missing,,376931
kn,74,Q8087,Geometry,stub,ರೇಖಾಗಣಿತ,375368
kn,75,Q192309,Tinnitus,missing,,374845
kn,76,Q1063,Evolution,stub,ವಿಕಾಸ,368547
kn,77,Q11094,Hashimoto's thyroiditis,missing,,364510
kn,78,Q950511,Résumé,missing,,348250
kn,79,Q33741,Lightning,stub,ಮಿಂಚು,346631
kn,80,Q14625808,Cardamom,missing,,344530
kn,81,Q168403,Myopia,missing,,344334
kn,82,Q16501,Hypothyroidism,missing,,342960
kn,83,Q622527,Self-harm,missing,,339067
kn,84,Q181754,Heart failure,missing,,337830
kn,85,Q216866,Conjoined twins,stub,ಸಯಾಮಿ ಅವಳಿಗಳು,336659
kn,86,Q199615,Encephalitis,missing,,336294
kn,87,Q83931,Locust,stub,ಮಿಡತೆ,332735
kn,88,Q168805,Gangrene,missing,,332222
kn,89,Q644318,Vasculitis,missing,,324665
kn,90,Q65049774,Chandrayaan-3,stub,ಚಂದ್ರಯಾನ-೩,320156
kn,91,Q40878,Diarrhea,stub,ಅತಿಸಾರ,318324
kn,92,Q213600,Sleep apnea,missing,,317342
kn,93,Q492038,Human brain,stub,ಮಾನವ ಮಿದುಳು,309690
kn,94,Q565276,Sciatica,missing,,302026
kn,95,Q12135,Mental disorder,stub,ಮಾನಸಿಕ ರೋಗಗಳು,293215
kn,96,Q181257,Prostate cancer,missing,,290412
kn,97,Q167844,Conjunctivitis,missing,,288432
kn,98,Q154430,Anxiety,stub,ಆತಂಕ,287626
kn,99,Q1036696,Hypothermia,missing,,283830
kn,100,Q209647,Delirium tremens,missing,,278001
ks,1,Q11660,Artificial intelligence,stub,بَنٲومٕژ ذَہٲنِیَتھ,3661437
ks,2,Q10693,Periodic table,missing,,3338660
ks,3,Q405,Moon,stub,زوٗن,2006752
ks,4,Q230003,Lok Sabha,missing,,1863666
ks,5,Q12052688,Aadhaar,stub,آدھار,1526110
ks,6,Q544,Solar System,stub,سِرؠ‌یہِ مَنٛڈُل,1477613
ks,7,Q12204,Tuberculosis,stub,سِلہٕ,1471158
ks,8,Q38404,Autism,stub,آٹزم,1450975
ks,9,Q75,Internet,stub,اِنٹَرنؠٹ,1434012
ks,10,Q181923,Attention deficit hyperactivity disorder,stub,توجہ خسار ہایپر ایکٹیوٹی ڈس آرڈر,1358012
ks,11,Q208166,Borderline personality disorder,missing,,1330677
ks,12,Q84263196,COVID-19,stub,کورونا,1304689
ks,13,Q10737,Suicide,stub,خۄدکشی,1280610
ks,14,Q36956,Leprosy,stub,میٚونٛد,1266813
ks,15,Q161790,Asperger syndrome,stub,ایسپرجر سنڈروم,1255761
ks,16,Q244730,Rajya Sabha,missing,,1230376
ks,17,Q183134,Sepsis,stub,سیپسِس,1187188
ks,18,Q19939,Tiger,stub,شیر,1171170
ks,19,Q41112,Schizophrenia,missing,,1162985
ks,20,Q68,Computer,stub,کَمپیوٗٹَر,1157780
ks,21,Q8392,Zoophilia,missing,,1108861
ks,22,Q51993,Ebola,stub,ایبولا,1106892
ks,23,Q395,Mathematics,stub,گرٛؠندُت,1105004
ks,24,Q39222,Rabies,stub,ریبیز,1085297
ks,25,Q131755,Bipolar disorder,missing,,1064399
ks,26,Q201989,Lyme disease,missing,,1041266
ks,27,Q188874,Colorectal cancer,missing,,924887
ks,28,Q282142,Glioblastoma,stub,گلیوبلوسٹوما,912919
ks,29,Q190564,Huntington's disease,missing,,910640
ks,30,Q12214,Smallpox,stub,شُتٕلؠ,903042
ks,31,Q12192,Pneumonia,stub,نمونیا,889369
ks,32,Q174589,Agoraphobia,missing,,888541
ks,33,Q217519,Bubonic plague,missing,,879000
ks,34,Q181843,Necrophilia,missing,,869866
ks,35,Q191779,Tourette syndrome,missing,,849755
ks,36,Q178059,Paraphilia,missing,,845489
ks,37,Q205764,Endometriosis,missing,,835130
ks,38,Q178190,Obsessive–compulsive disorder,missing,,804935
ks,39,Q503,Banana,stub,کیلہٕ,788629
ks,40,Q125928,Climate change,stub,آب و ہواہٕچ تبدیٖلی,783050
ks,41,Q12199,HIV/AIDS,stub,ایڈٕس,748106
ks,42,Q7430,DNA,stub,ڈی این اے,677163
ks,43,Q118418,Antisocial personality disorder,missing,,664192
ks,44,Q10998,Potato,stub,ٲلو,657748
ks,45,Q189580,Acromegaly,missing,,649893
ks,46,Q12152,Myocardial infarction,stub,دِلُک دورٕ,644882
ks,47,Q477108,Constitution of India,stub,بھارتُک ٲییٖن,637157
ks,48,Q79793,Measles,stub,ہۆلہٕ ۂج,625712
ks,49,Q5142470,Raynaud syndrome,missing,,623454
ks,50,Q23501,Tomato,stub,رُوانٛگن,603258
ks,51,Q42844,Major depressive disorder,missing,,584300
ks,52,Q182155,Shingles,stub,مَلدر,582344
ks,53,Q223102,Peritonitis,missing,,578931
ks,54,Q11575,Maize,stub,مکاے وٕٹ,577892
ks,55,Q129279,Dysentery,missing,,577801
ks,56,Q183548,Voyeurism,missing,,572194
ks,57,Q12195,Polio,stub,پولیو,557780
ks,58,Q8486,Coffee,stub,کافی,556842
ks,59,Q83319,Typhoid fever,missing,,550428
ks,60,Q178194,Cystic fibrosis,missing,,528559
ks,61,Q208414,Lymphoma,missing,,519499
ks,62,Q267907,Hypersexuality,missing,,517633
ks,63,Q134649,Diphtheria,stub,ۂٹؠ وِسُر,515585
ks,64,Q55998,Pleurisy,missing,,515296
ks,65,Q11982,Photosynthesis,stub,گاشِرؠ مِلوَن,513872
ks,66,Q12090,Cholera,stub,کالرا,513798
ks,67,Q12156,Malaria,missing,,512952
ks,68,Q275459,Acute radiation syndrome,stub,اکیوٹ ریڈیشن سنڈروم,512459
ks,69,Q199804,Chronic obstructive pulmonary disease,missing,,509642
ks,70,Q194101,Dwarfism,missing,,504505
ks,71,Q152234,Edema,stub,وَرَم,503823
ks,72,Q7944,Earthquake,stub,بٕنیُل,500777
ks,73,Q135005,Phishing,missing,,498694
ks,74,Q12202,Stroke,missing,,495627
ks,75,Q7868,Cell (biology),stub,سؠل,494340
ks,76,Q37383,Peanut,missing,,490383
ks,77,Q167178,Scabies,missing,,490308
ks,78,Q184627,Human papillomavirus infection,missing,,489762
ks,79,Q12078,Cancer,stub,کَنسَر,488931
ks,80,Q202387,Post-traumatic stress disorder,missing,,488291
ks,81,Q169,Mango,stub,اَمٛب,478546
ks,82,Q154865,Botulism,missing,,474405
ks,83,Q207855,Amblyopia,missing,,467887
ks,84,Q185034,Sickle cell disease,missing,,467373
ks,85,Q207367,Infectious mononucleosis,missing,,461656
ks,86,Q163865,Scurvy,stub,سکروی,461489
ks,87,Q558077,Williams syndrome,missing,,458811
ks,88,Q133244,Jaundice,missing,,454356
ks,89,Q2836,Aphasia,missing,,454138
ks,90,Q154878,Toxoplasmosis,missing,,453401
ks,91,Q204933,Decapitation,missing,,449861
ks,92,Q202849,Turner syndrome,missing,,448556
ks,93,Q5090,Rice,stub,تۆمُل,444227
ks,94,Q22645,Smartphone,stub,سمارٹ فون,440423
ks,95,Q83030,Dementia,stub,زَوال عقٕل,438437
ks,96,Q8092,Tropical cyclone,missing,,438246
ks,97,Q159701,Glaucoma,missing,,434758
ks,98,Q3342808,Coconut,missing,,429158
ks,99,Q1072,Heart,stub,دِل (جِسمٲنؠ اَنٛگ),425972
ks,100,Q11995,Pregnancy,stub,بیٚیہِ زُو,418922
mai,1,Q11660,Artificial intelligence,missing,,3661437
mai,2,Q10693,Periodic table,missing,,3338660
mai,3,Q405,Moon,missing,,2006752
mai,4,Q230003,Lok Sabha,missing,,1863666
mai,5,Q12052688,Aadhaar,missing,,1526110
mai,6,Q544,Solar System,stub,सौर्य परिवार,1477613
mai,7,Q12204,Tuberculosis,missing,,1471158
mai,8,Q38404,Autism,missing,,1450975
mai,9,Q75,Internet,missing,,1434012
mai,10,Q181923,Attention deficit hyperactivity disorder,missing,,1358012
mai,11,Q208166,Borderline personality disorder,missing,,1330677
mai,12,Q84263196,COVID-19,stub,कोरोना भाइरस रोग (कोभिड-१९),1304689
mai,13,Q10737,Suicide,missing,,1280610
mai,14,Q36956,Leprosy,missing,,1266813
mai,15,Q161790,Asperger syndrome,missing,,1255761
mai,16,Q244730,Rajya Sabha,stub,राज्य सभा,1230376
mai,17,Q183134,Sepsis,missing,,1187188
mai,18,Q19939,Tiger,stub,बाघ,1171170
mai,19,Q41112,Schizophrenia,missing,,1162985
mai,20,Q68,Computer,stub,कम्प्युटर,1157780
mai,21,Q8392,Zoophilia,missing,,1108861
mai,22,Q51993,Ebola,stub,इबोला,1106892
mai,23,Q395,Mathematics,stub,गणित,1105004
mai,24,Q39222,Rabies,stub,रेबिज,1085297
mai,25,Q131755,Bipolar disorder,missing,,1064399
mai,26,Q201989,Lyme disease,missing,,1041266
mai,27,Q188874,Colorectal cancer,missing,,924887
mai,28,Q282142,Glioblastoma,missing,,912919
mai,29,Q190564,Huntington's disease,missing,,910640
mai,30,Q12214,Smallpox,missing,,903042
mai,31,Q12192,Pneumonia,missing,,889369
mai,32,Q174589,Agoraphobia,missing,,888541
mai,33,Q217519,Bubonic plague,missing,,879000
mai,34,Q181843,Necrophilia,missing,,869866
mai,35,Q191779,Tourette syndrome,missing,,849755
mai,36,Q178059,Paraphilia,missing,,845489
mai,37,Q205764,Endometriosis,missing,,835130
mai,38,Q178190,Obsessive–compulsive disorder,missing,,804935
mai,39,Q503,Banana,stub,केरा,788629
mai,40,Q125928,Climate change,missing,,783050
mai,41,Q12199,HIV/AIDS,stub,एड्स,748106
mai,42,Q7430,DNA,missing,,677163
mai,43,Q118418,Antisocial personality disorder,missing,,664192
mai,44,Q10998,Potato,missing,,657748
mai,45,Q189580,Acromegaly,missing,,649893
mai,46,Q12152,Myocardial infarction,missing,,644882
mai,47,Q477108,Constitution of India,stub,भारतक संविधान,637157
mai,48,Q79793,Measles,missing,,625712
mai,49,Q5142470,Raynaud syndrome,missing,,623454
mai,50,Q23501,Tomato,stub,टमाटर,603258
mai,51,Q42844,Major depressive disorder,missing,,584300
mai,52,Q182155,Shingles,missing,,582344
mai,53,Q223102,Peritonitis,missing,,578931
mai,54,Q11575,Maize,stub,मकै,577892
mai,55,Q129279,Dysentery,missing,,577801
mai,56,Q183548,Voyeurism,missing,,572194
mai,57,Q12195,Polio,missing,,557780
mai,58,Q8486,Coffee,stub,कफी,556842
mai,59,Q83319,Typhoid fever,missing,,550428
mai,60,Q178194,Cystic fibrosis,missing,,528559
mai,61,Q208414,Lymphoma,missing,,519499
mai,62,Q267907,Hypersexuality,missing,,517633
mai,63,Q134649,Diphtheria,missing,,515585
mai,64,Q55998,Pleurisy,missing,,515296
mai,65,Q12090,Cholera,stub,हैजा,513798
mai,66,Q12156,Malaria,missing,,512952
mai,67,Q275459,Acute radiation syndrome,missing,,512459
mai,68,Q199804,Chronic obstructive pulmonary disease,missing,,509642
mai,69,Q194101,Dwarfism,missing,,504505
mai,70,Q152234,Edema,missing,,503823
mai,71,Q7944,Earthquake,missing,,500777
mai,72,Q135005,Phishing,missing,,498694
mai,73,Q12202,Stroke,missing,,495627
mai,74,Q7868,Cell (biology),missing,,494340
mai,75,Q37383,Peanut,missing,,490383
mai,76,Q167178,Scabies,missing,,490308
mai,77,Q184627,Human papillomavirus infection,missing,,489762
mai,78,Q12078,Cancer,missing,,488931
mai,79,Q202387,Post-traumatic stress disorder,missing,,488291
mai,80,Q169,Mango,stub,आम,478546
mai,81,Q154865,Botulism,missing,,474405
mai,82,Q207855,Amblyopia,missing,,467887
mai,83,Q185034,Sickle cell disease,missing,,467373
mai,84,Q207367,Infectious mononucleosis,missing,,461656
mai,85,Q163865,Scurvy,missing,,461489
mai,86,Q558077,Williams syndrome,missing,,458811
mai,87,Q133244,Jaundice,missing,,454356
mai,88,Q2836,Aphasia,missing,,454138
mai,89,Q154878,Toxoplasmosis,missing,,453401
mai,90,Q204933,Decapitation,missing,,449861
mai,91,Q202849,Turner syndrome,missing,,448556
mai,92,Q5090,Rice,stub,चाउर,444227
mai,93,Q22645,Smartphone,missing,,440423
mai,94,Q83030,Dementia,missing,,438437
mai,95,Q8092,Tropical cyclone,missing,,438246
mai,96,Q159701,Glaucoma,missing,,434758
mai,97,Q3342808,Coconut,missing,,429158
mai,98,Q1072,Heart,missing,,425972
mai,99,Q11995,Pregnancy,missing,,418922
mai,100,Q498237,Schizoid personality disorder,missing,,416766
ml,1,Q11660,Artificial intelligence,stub,നി‍ർമ്മിത ബുദ്ധി,3661437
ml,2,Q10693,Periodic table,stub,ആവർത്തനപ്പട്ടിക,3338660
ml,3,Q230003,Lok Sabha,stub,ലോക്‌സഭ,1863666
ml,4,Q75,Internet,stub,ഇന്റർനെറ്റ്,1434012
ml,5,Q181923,Attention deficit hyperactivity disorder,stub,അറ്റൻഷൻ ഡെഫിസിറ്റ് ഹൈപ്പർ ആക്ടിവിറ്റി ഡിസോർഡർ,1358012
ml,6,Q208166,Borderline personality disorder,stub,ബോർഡർലൈൻ പേഴ്സണാലിറ്റി ഡിസോർഡർ,1330677
ml,7,Q36956,Leprosy,stub,കുഷ്ഠം,1266813
ml,8,Q161790,Asperger syndrome,stub,ആസ്പെർജെർ സിൻഡ്രോം,1255761
ml,9,Q183134,Sepsis,stub,സെപ്സിസ്,1187188
ml,10,Q41112,Schizophrenia,stub,സ്കിസോഫ്രീനിയ,1162985
ml,11,Q68,Computer,stub,കമ്പ്യൂട്ടർ,1157780
ml,12,Q8392,Zoophilia,missing,,1108861
ml,13,Q51993,Ebola,stub,എബോള,1106892
ml,14,Q131755,Bipolar disorder,stub,ബൈപോളാർ ഡിസോർഡർ,1064399
ml,15,Q201989,Lyme disease,stub,ലൈം രോഗം,1041266
ml,16,Q188874,Colorectal cancer,missing,,924887
ml,17,Q190564,Huntington's disease,missing,,910640
ml,18,Q174589,Agoraphobia,missing,,888541
ml,19,Q217519,Bubonic plague,stub,ബ്യൂബോണിക് പ്ലേഗ്,879000
ml,20,Q181843,Necrophilia,missing,,869866
ml,21,Q191779,Tourette syndrome,missing,,849755
ml,22,Q178059,Paraphilia,missing,,845489
ml,23,Q178190,Obsessive–compulsive disorder,stub,ഒബ്സെസ്സിവ് കംപൾസിവ് ഡിസോർഡർ,804935
ml,24,Q125928,Climate change,stub,കാലാവസ്ഥാവ്യതിയാനം,783050
ml,25,Q118418,Antisocial personality disorder,missing,,664192
ml,26,Q10998,Potato,stub,ഉരുളക്കിഴങ്ങ്,657748
ml,27,Q189580,Acromegaly,stub,അക്രോമെഗാലി,649893
ml,28,Q5142470,Raynaud syndrome,missing,,623454
ml,29,Q182155,Shingles,missing,,582344
ml,30,Q223102,Peritonitis,missing,,578931
ml,31,Q11575,Maize,stub,ചോളം,577892
ml,32,Q129279,Dysentery,stub,വയറുകടി,577801
ml,33,Q183548,Voyeurism,missing,,572194
ml,34,Q12195,Polio,stub,പോളിയോ,557780
ml,35,Q8486,Coffee,stub,കാപ്പി (പാനീയം),556842
ml,36,Q83319,Typhoid fever,stub,ടൈഫോയ്ഡ്,550428
ml,37,Q178194,Cystic fibrosis,stub,സിസ്റ്റിക് ഫൈബ്രോസിസ്,528559
ml,38,Q208414,Lymphoma,stub,ലിംഫോമ,519499
ml,39,Q55998,Pleurisy,stub,പ്ലൂറസി,515296
ml,40,Q11982,Photosynthesis,stub,പ്രകാശസംശ്ലേഷണം,513872
ml,41,Q12090,Cholera,stub,കോളറ,513798
ml,42,Q12156,Malaria,stub,മലമ്പനി,512952
ml,43,Q275459,Acute radiation syndrome,missing,,512459
ml,44,Q199804,Chronic obstructive pulmonary disease,stub,ക്രോണിക് ഒബ്‌സ്ട്രക്ടീവ് പൾമൊണറി ഡിസീസ്,509642
ml,45,Q194101,Dwarfism,stub,ഹൃസ്വകായത്വം,504505
ml,46,Q152234,Edema,missing,,503823
ml,47,Q135005,Phishing,stub,ഫിഷിംഗ്,498694
ml,48,Q12202,Stroke,stub,മസ്തിഷ്കാഘാതം,495627
ml,49,Q167178,Scabies,stub,സ്കാബീസ്,490308
ml,50,Q184627,Human papillomavirus infection,stub,ഹ്യൂമൻ പാപ്പിലോമ വൈറസ്,489762
ml,51,Q202387,Post-traumatic stress disorder,stub,പോസ്റ്റ് ട്രൊമാറ്റിക് സ്ട്രെസ് ഡിസോർഡർ,488291
ml,52,Q185034,Sickle cell disease,stub,അരിവാൾ കോശ വിളർച്ച,467373
ml,53,Q207367,Infectious mononucleosis,missing,,461656
ml,54,Q163865,Scurvy,stub,സ്കർവി,461489
ml,55,Q558077,Williams syndrome,missing,,458811
ml,56,Q2836,Aphasia,missing,,454138
ml,57,Q154878,Toxoplasmosis,missing,,453401
ml,58,Q202849,Turner syndrome,missing,,448556
ml,59,Q22645,Smartphone,stub,സ്മാർട്ട് ഫോൺ,440423
ml,60,Q83030,Dementia,stub,മേധാക്ഷയം,438437
ml,61,Q8092,Tropical cyclone,stub,ഉഷ്ണമേഖലാകൊടുങ്കാറ്റ്,438246
ml,62,Q1072,Heart,stub,ഹൃദയം,425972
ml,63,Q11995,Pregnancy,stub,ഗർഭം,418922
ml,64,Q498237,Schizoid personality disorder,missing,,416766
ml,65,Q180614,Melanoma,missing,,416231
ml,66,Q189561,Narcolepsy,missing,,414765
ml,67,Q844590,Body dysmorphic disorder,missing,,414692
ml,68,Q845787,Histrionic personality disorder,missing,,413915
ml,69,Q339221,Gynecomastia,missing,,411031
ml,70,Q332062,Sorghum,missing,,406358
ml,71,Q8070,Tsunami,stub,സുനാമി,405008
ml,72,Q11006,Soybean,stub,സോയാബീൻസ്,402735
ml,73,Q844717,Spina bifida,missing,,402245
ml,74,Q81375,Chickpea,stub,കടല,397782
ml,75,Q183560,Intellectual disability,missing,,393944
ml,76,Q48318,Urea,stub,യൂറിയ,393673
ml,77,Q41571,Epilepsy,stub,അപസ്മാരം,391064
ml,78,Q193840,Asphyxia,missing,,388124
ml,79,Q2840,Influenza,stub,ഇൻഫ്ലുവെൻസ,386242
ml,80,Q41478,Hemorrhoid,stub,അർശസ്,383026
ml,81,Q15645384,Wheat,stub,ഗോതമ്പ്,377680
ml,82,Q958797,Scleroderma,missing,,376931
ml,83,Q192309,Tinnitus,missing,,374845
ml,84,Q11094,Hashimoto's thyroiditis,missing,,364510
ml,85,Q131226,Lentil,missing,,359852
ml,86,Q950511,Résumé,stub,റെസ്യൂമെ,348250
ml,87,Q33741,Lightning,stub,മിന്നൽ,346631
ml,88,Q202758,Hypoglycemia,stub,ഹൈപ്പോഗ്ലൈസീമിയ,345186
ml,89,Q14625808,Cardamom,stub,ഏലക്ക,344530
ml,90,Q16501,Hypothyroidism,missing,,342960
ml,91,Q622527,Self-harm,missing,,339067
ml,92,Q181754,Heart failure,missing,,337830
ml,93,Q216866,Conjoined twins,stub,സയാമീസ് ഇരട്ടകൾ,336659
ml,94,Q23485,Onion,stub,ഉള്ളി,335851
ml,95,Q62736,Osteoarthritis,missing,,335239
ml,96,Q83931,Locust,stub,വെട്ടുകിളി,332735
ml,97,Q3968,Algebra,stub,ബീജഗണിതം,332571
ml,98,Q168805,Gangrene,missing,,332222
ml,99,Q644318,Vasculitis,missing,,324665
ml,100,Q65049774,Chandrayaan-3,stub,ചന്ദ്രയാൻ-3,320156
mni,1,Q11660,Artificial intelligence,missing,,3661437
mni,2,Q10693,Periodic table,missing,,3338660
mni,3,Q405,Moon,stub,ꯊꯥ (ꯊꯄꯤ),2006752
mni,4,Q230003,Lok Sabha,missing,,1863666
mni,5,Q12052688,Aadhaar,missing,,1526110
mni,6,Q544,Solar System,missing,,1477613
mni,7,Q12204,Tuberculosis,missing,,1471158
mni,8,Q38404,Autism,missing,,1450975
mni,9,Q75,Internet,stub,ꯂꯥꯡꯁꯦꯜ,1434012
mni,10,Q181923,Attention deficit hyperactivity disorder,missing,,1358012
mni,11,Q208166,Borderline personality disorder,missing,,1330677
mni,12,Q84263196,COVID-19,stub,ꯀꯣꯔꯣꯅꯥ ꯚꯥꯏꯔꯁ ꯂꯩꯅꯥ ꯲꯰꯱꯹,1304689
mni,13,Q10737,Suicide,missing,,1280610
mni,14,Q36956,Leprosy,missing,,1266813
mni,15,Q161790,Asperger syndrome,missing,,1255761
mni,16,Q244730,Rajya Sabha,missing,,1230376
mni,17,Q183134,Sepsis,missing,,1187188
mni,18,Q19939,Tiger,stub,ꯀꯩ (ꯁꯥ),1171170
mni,19,Q41112,Schizophrenia,missing,,1162985
mni,20,Q68,Computer,missing,,1157780
mni,21,Q8392,Zoophilia,missing,,1108861
mni,22,Q51993,Ebola,missing,,1106892
mni,23,Q395,Mathematics,stub,ꯆꯩꯁꯤꯡꯂꯣꯟ,1105004
mni,24,Q39222,Rabies,missing,,1085297
mni,25,Q131755,Bipolar disorder,missing,,1064399
mni,26,Q201989,Lyme disease,missing,,1041266
mni,27,Q188874,Colorectal cancer,missing,,924887
mni,28,Q282142,Glioblastoma,missing,,912919
mni,29,Q190564,Huntington's disease,missing,,910640
mni,30,Q12214,Smallpox,missing,,903042
mni,31,Q12192,Pneumonia,missing,,889369
mni,32,Q174589,Agoraphobia,missing,,888541
mni,33,Q217519,Bubonic plague,missing,,879000
mni,34,Q181843,Necrophilia,missing,,869866
mni,35,Q191779,Tourette syndrome,missing,,849755
mni,36,Q178059,Paraphilia,missing,,845489
mni,37,Q205764,Endometriosis,missing,,835130
mni,38,Q178190,Obsessive–compulsive disorder,missing,,804935
mni,39,Q503,Banana,missing,,788629
mni,40,Q125928,Climate change,missing,,783050
mni,41,Q12199,HIV/AIDS,missing,,748106
mni,42,Q7430,DNA,missing,,677163
mni,43,Q118418,Antisocial personality disorder,missing,,664192
mni,44,Q10998,Potato,missing,,657748
mni,45,Q189580,Acromegaly,missing,,649893
mni,46,Q12152,Myocardial infarction,missing,,644882
mni,47,Q477108,Constitution of India,stub,ꯏꯟꯗꯤꯌꯥꯒꯤ ꯑꯁꯨꯞꯄ ꯆꯠꯅ-ꯀꯥꯡꯂꯣꯟ,637157
mni,48,Q79793,Measles,missing,,625712
mni,49,Q5142470,Raynaud syndrome,missing,,623454
mni,50,Q23501,Tomato,missing,,603258
mni,51,Q42844,Major depressive disorder,missing,,584300
mni,52,Q182155,Shingles,missing,,582344
mni,53,Q223102,Peritonitis,missing,,578931
mni,54,Q11575,Maize,stub,ꯆꯨꯆꯥꯛ,577892
mni,55,Q129279,Dysentery,missing,,577801
mni,56,Q183548,Voyeurism,missing,,572194
mni,57,Q12195,Polio,missing,,557780
mni,58,Q8486,Coffee,missing,,556842
mni,59,Q83319,Typhoid fever,missing,,550428
mni,60,Q178194,Cystic fibrosis,missing,,528559
mni,61,Q208414,Lymphoma,missing,,519499
mni,62,Q267907,Hypersexuality,missing,,517633
mni,63,Q134649,Diphtheria,missing,,515585
mni,64,Q55998,Pleurisy,missing,,515296
mni,65,Q11982,Photosynthesis,missing,,513872
mni,66,Q12090,Cholera,missing,,513798
mni,67,Q12156,Malaria,missing,,512952
mni,68,Q275459,Acute radiation syndrome,missing,,512459
mni,69,Q199804,Chronic obstructive pulmonary disease,missing,,509642
mni,70,Q194101,Dwarfism,missing,,504505
mni,71,Q152234,Edema,missing,,503823
mni,72,Q7944,Earthquake,missing,,500777
mni,73,Q135005,Phishing,missing,,498694
mni,74,Q12202,Stroke,missing,,495627
mni,75,Q7868,Cell (biology),missing,,494340
mni,76,Q37383,Peanut,missing,,490383
mni,77,Q167178,Scabies,missing,,490308
mni,78,Q184627,Human papillomavirus infection,missing,,489762
mni,79,Q12078,Cancer,missing,,488931
mni,80,Q202387,Post-traumatic stress disorder,missing,,488291
mni,81,Q169,Mango,stub,ꯍꯩꯅꯧ,478546
mni,82,Q154865,Botulism,missing,,474405
mni,83,Q207855,Amblyopia,missing,,467887
mni,84,Q185034,Sickle cell disease,missing,,467373
mni,85,Q207367,Infectious mononucleosis,missing,,461656
mni,86,Q163865,Scurvy,missing,,461489
mni,87,Q558077,Williams syndrome,missing,,458811
mni,88,Q133244,Jaundice,missing,,454356
mni,89,Q2836,Aphasia,missing,,454138
mni,90,Q154878,Toxoplasmosis,missing,,453401
mni,91,Q204933,Decapitation,missing,,449861
mni,92,Q202849,Turner syndrome,missing,,448556
mni,93,Q5090,Rice,missing,,444227
mni,94,Q22645,Smartphone,missing,,440423
mni,95,Q83030,Dementia,missing,,438437
mni,96,Q8092,Tropical cyclone,missing,,438246
mni,97,Q159701,Glaucoma,missing,,434758
mni,98,Q3342808,Coconut,missing,,429158
mni,99,Q1072,Heart,stub,ꯊꯃꯣꯢ,425972
mni,100,Q11995,Pregnancy,missing,,418922
mr,1,Q11660,Artificial intelligence,stub,कृत्रिम बुद्धिमत्ता,3661437
mr,2,Q10693,Periodic table,stub,आवर्त सारणी,3338660
mr,3,Q230003,Lok Sabha,stub,लोकसभा,1863666
mr,4,Q12052688,Aadhaar,stub,आधार कार्ड,1526110
mr,5,Q38404,Autism,stub,स्वमग्नता,1450975
mr,6,Q181923,Attention deficit hyperactivity disorder,stub,अवधान अस्थिरता आणि अतिक्रियाशीलता विकृती,1358012
mr,7,Q208166,Borderline personality disorder,missing,,1330677
mr,8,Q10737,Suicide,stub,आत्महत्या,1280610
mr,9,Q161790,Asperger syndrome,missing,,1255761
mr,10,Q244730,Rajya Sabha,stub,राज्यसभा,1230376
mr,11,Q183134,Sepsis,missing,,1187188
mr,12,Q41112,Schizophrenia,stub,छिन्‍नमनस्कता,1162985
mr,13,Q8392,Zoophilia,missing,,1108861
mr,14,Q51993,Ebola,stub,इबोला,1106892
mr,15,Q131755,Bipolar disorder,stub,बायपोलर डिसऑर्डर,1064399
mr,16,Q201989,Lyme disease,missing,,1041266
mr,17,Q188874,Colorectal cancer,stub,मोठ्या आतड्याचा कर्करोग,924887
mr,18,Q282142,Glioblastoma,missing,,912919
mr,19,Q190564,Huntington's disease,missing,,910640
mr,20,Q12214,Smallpox,stub,देवी (रोग),903042
mr,21,Q12192,Pneumonia,stub,न्यूमोनिया,889369
mr,22,Q174589,Agoraphobia,missing,,888541
mr,23,Q217519,Bubonic plague,missing,,879000
mr,24,Q181843,Necrophilia,missing,,869866
mr,25,Q191779,Tourette syndrome,missing,,849755
mr,26,Q178059,Paraphilia,missing,,845489
mr,27,Q205764,Endometriosis,missing,,835130
mr,28,Q178190,Obsessive–compulsive disorder,stub,अत्याग्रही विकार,804935
mr,29,Q12199,HIV/AIDS,stub,अक्वायर्ड इम्यूनो डेफिशियन्सी सिंड्रोम,748106
mr,30,Q7430,DNA,stub,डीएनए,677163
mr,31,Q118418,Antisocial personality disorder,missing,,664192
mr,32,Q10998,Potato,missing,,657748
mr,33,Q189580,Acromegaly,missing,,649893
mr,34,Q12152,Myocardial infarction,stub,हृदयाघात,644882
mr,35,Q79793,Measles,missing,,625712
mr,36,Q5142470,Raynaud syndrome,missing,,623454
mr,37,Q23501,Tomato,stub,टोमॅटो,603258
mr,38,Q42844,Major depressive disorder,stub,मुख्य नैराश्याचा विकार,584300
mr,39,Q182155,Shingles,missing,,582344
mr,40,Q223102,Peritonitis,missing,,578931
mr,41,Q11575,Maize,stub,मका,577892
mr,42,Q129279,Dysentery,missing,,577801
mr,43,Q183548,Voyeurism,missing,,572194
mr,44,Q8486,Coffee,stub,कॉफी,556842
mr,45,Q83319,Typhoid fever,stub,विषमज्वर,550428
mr,46,Q178194,Cystic fibrosis,missing,,528559
mr,47,Q208414,Lymphoma,missing,,519499
mr,48,Q267907,Hypersexuality,missing,,517633
mr,49,Q134649,Diphtheria,stub,घटसर्प,515585
mr,50,Q55998,Pleurisy,missing,,515296
mr,51,Q12090,Cholera,stub,पटकी,513798
mr,52,Q12156,Malaria,stub,मलेरिया,512952
mr,53,Q275459,Acute radiation syndrome,missing,,512459
mr,54,Q199804,Chronic obstructive pulmonary disease,missing,,509642
mr,55,Q194101,Dwarfism,stub,बुटकेपणा,504505
mr,56,Q152234,Edema,missing,,503823
mr,57,Q12202,Stroke,missing,,495627
mr,58,Q7868,Cell (biology),stub,पेशी,494340
mr,59,Q37383,Peanut,stub,भुईमूग,490383
mr,60,Q167178,Scabies,stub,खरूज,490308
mr,61,Q184627,Human papillomavirus infection,stub,मानवी पॅपिलोमा विषाणू,489762
mr,62,Q202387,Post-traumatic stress disorder,stub,आघातानंतरच्या ताणाचा विकार,488291
mr,63,Q154865,Botulism,missing,,474405
mr,64,Q207855,Amblyopia,missing,,467887
mr,65,Q207367,Infectious mononucleosis,missing,,461656
mr,66,Q163865,Scurvy,missing,,461489
mr,67,Q558077,Williams syndrome,missing,,458811
mr,68,Q133244,Jaundice,missing,,454356
mr,69,Q2836,Aphasia,missing,,454138
mr,70,Q154878,Toxoplasmosis,missing,,453401
mr,71,Q204933,Decapitation,stub,शिरच्छेद,449861
mr,72,Q202849,Turner syndrome,missing,,448556
mr,73,Q5090,Rice,stub,तांदूळ,444227
mr,74,Q22645,Smartphone,stub,स्मार्टफोन,440423
mr,75,Q83030,Dementia,missing,,438437
mr,76,Q8092,Tropical cyclone,stub,हरिकेन,438246
mr,77,Q159701,Glaucoma,stub,काचबिंदू,434758
mr,78,Q3342808,Coconut,missing,,429158
mr,79,Q1072,Heart,stub,हृदय,425972
mr,80,Q498237,Schizoid personality disorder,missing,,416766
mr,81,Q180614,Melanoma,missing,,416231
mr,82,Q9121,Atom,stub,अणू,415213
mr,83,Q188605,Emphysema,missing,,415016
mr,84,Q189561,Narcolepsy,stub,नार्कोलेप्सी,414765
mr,85,Q844590,Body dysmorphic disorder,missing,,414692
mr,86,Q845787,Histrionic personality disorder,missing,,413915
mr,87,Q339221,Gynecomastia,missing,,411031
mr,88,Q332062,Sorghum,missing,,406358
mr,89,Q41861,Hypertension,stub,उच्च रक्तदाब,405125
mr,90,Q8070,Tsunami,stub,त्सुनामी,405008
mr,91,Q11006,Soybean,stub,सोयाबीन,402735
mr,92,Q844717,Spina bifida,missing,,402245
mr,93,Q81375,Chickpea,stub,हरभरा,397782
mr,94,Q183560,Intellectual disability,missing,,393944
mr,95,Q48318,Urea,stub,युरिया खत,393673
mr,96,Q43084,Black pepper,stub,मिरवेल,391848
mr,97,Q12198,Sexually transmitted infection,stub,लैंगिक संक्रमित संसर्ग,391094
mr,98,Q41571,Epilepsy,stub,अपस्मार,391064
mr,99,Q193840,Asphyxia,missing,,388124
mr,100,Q2840,Influenza,stub,इन्फ्लुएन्झा,386242
ne,1,Q11660,Artificial intelligence,stub,कृत्रिम बौद्धिकता,3661437
ne,2,Q10693,Periodic table,stub,पेरियोडिक तालिका,3338660
ne,3,Q405,Moon,stub,चन्द्रमा,2006752
ne,4,Q230003,Lok Sabha,stub,लोक सभा,1863666
ne,5,Q12052688,Aadhaar,missing,,1526110
ne,6,Q544,Solar System,stub,सूर्यमण्डल,1477613
ne,7,Q12204,Tuberculosis,stub,क्षयरोग,1471158
ne,8,Q38404,Autism,stub,अटिज्म,1450975
ne,9,Q75,Internet,stub,इन्टरनेट,1434012
ne,10,Q181923,Attention deficit hyperactivity disorder,missing,,1358012
ne,11,Q208166,Borderline personality disorder,missing,,1330677
ne,12,Q84263196,COVID-19,stub,कोरोनाभाइरस रोग २०१९,1304689
ne,13,Q10737,Suicide,stub,आत्महत्या,1280610
ne,14,Q36956,Leprosy,stub,कुष्ठरोग,1266813
ne,15,Q161790,Asperger syndrome,missing,,1255761
ne,16,Q244730,Rajya Sabha,stub,राज्‍य सभा,1230376
ne,17,Q183134,Sepsis,stub,सेप्सिस,1187188
ne,18,Q41112,Schizophrenia,missing,,1162985
ne,19,Q8392,Zoophilia,missing,,1108861
ne,20,Q51993,Ebola,stub,इबोला,1106892
ne,21,Q395,Mathematics,stub,गणित,1105004
ne,22,Q39222,Rabies,stub,रेबिज,1085297
ne,23,Q131755,Bipolar disorder,missing,,1064399
ne,24,Q201989,Lyme disease,missing,,1041266
ne,25,Q188874,Colorectal cancer,stub,कोलोरेक्टर क्यान्सर,924887
ne,26,Q282142,Glioblastoma,missing,,912919
ne,27,Q190564,Huntington's disease,missing,,910640
ne,28,Q12214,Smallpox,stub,बिफर,903042
ne,29,Q12192,Pneumonia,stub,न्युमोनिया,889369
ne,30,Q174589,Agoraphobia,missing,,888541
ne,31,Q217519,Bubonic plague,missing,,879000
ne,32,Q181843,Necrophilia,missing,,869866
ne,33,Q191779,Tourette syndrome,missing,,849755
ne,34,Q178059,Paraphilia,missing,,845489
ne,35,Q205764,Endometriosis,missing,,835130
ne,36,Q178190,Obsessive–compulsive disorder,missing,,804935
ne,37,Q503,Banana,stub,केरा,788629
ne,38,Q125928,Climate change,stub,जलवायु परिवर्तन,783050
ne,39,Q12199,HIV/AIDS,stub,एड्स,748106
ne,40,Q7430,DNA,stub,डीएनए,677163
ne,41,Q118418,Antisocial personality disorder,missing,,664192
ne,42,Q10998,Potato,stub,आलु,657748
ne,43,Q189580,Acromegaly,missing,,649893
ne,44,Q12152,Myocardial infarction,missing,,644882
ne,45,Q477108,Constitution of India,stub,भारतीय संविधान,637157
ne,46,Q79793,Measles,stub,दादुरा,625712
ne,47,Q5142470,Raynaud syndrome,missing,,623454
ne,48,Q42844,Major depressive disorder,stub,डिप्रेसन,584300
ne,49,Q182155,Shingles,stub,जनै खटिरा,582344
ne,50,Q223102,Peritonitis,missing,,578931
ne,51,Q129279,Dysentery,stub,आउँ,577801
ne,52,Q183548,Voyeurism,missing,,572194
ne,53,Q12195,Polio,missing,,557780
ne,54,Q8486,Coffee,stub,कफी,556842
ne,55,Q83319,Typhoid fever,stub,टाइफाइड,550428
ne,56,Q178194,Cystic fibrosis,missing,,528559
ne,57,Q208414,Lymphoma,missing,,519499
ne,58,Q267907,Hypersexuality,missing,,517633
ne,59,Q55998,Pleurisy,missing,,515296
ne,60,Q11982,Photosynthesis,stub,प्रकाश संश्लेषण,513872
ne,61,Q12090,Cholera,stub,हैजा,513798
ne,62,Q12156,Malaria,stub,औलो,512952
ne,63,Q275459,Acute radiation syndrome,missing,,512459
ne,64,Q199804,Chronic obstructive pulmonary disease,stub,सीओपीडी,509642
ne,65,Q194101,Dwarfism,missing,,504505
ne,66,Q152234,Edema,missing,,503823
ne,67,Q135005,Phishing,missing,,498694
ne,68,Q12202,Stroke,stub,मस्तिष्काघात,495627
ne,69,Q7868,Cell (biology),missing,,494340
ne,70,Q37383,Peanut,stub,बदाम,490383
ne,71,Q167178,Scabies,stub,लुतो,490308
ne,72,Q184627,Human papillomavirus infection,missing,,489762
ne,73,Q12078,Cancer,stub,क्यान्सर,488931
ne,74,Q202387,Post-traumatic stress disorder,missing,,488291
ne,75,Q169,Mango,stub,आँप,478546
ne,76,Q154865,Botulism,missing,,474405
ne,77,Q207855,Amblyopia,missing,,467887
ne,78,Q185034,Sickle cell disease,missing,,467373
ne,79,Q207367,Infectious mononucleosis,missing,,461656
ne,80,Q163865,Scurvy,stub,स्कर्वी,461489
ne,81,Q558077,Williams syndrome,missing,,458811
ne,82,Q133244,Jaundice,stub,कमलपित्त,454356
ne,83,Q2836,Aphasia,missing,,454138
ne,84,Q154878,Toxoplasmosis,missing,,453401
ne,85,Q204933,Decapitation,missing,,449861
ne,86,Q202849,Turner syndrome,missing,,448556
ne,87,Q5090,Rice,stub,चामल,444227
ne,88,Q22645,Smartphone,missing,,440423
ne,89,Q83030,Dementia,missing,,438437
ne,90,Q8092,Tropical cyclone,stub,उष्णदेशीय चक्रवात,438246
ne,91,Q159701,Glaucoma,stub,जलविन्दु,434758
ne,92,Q3342808,Coconut,missing,,429158
ne,93,Q1072,Heart,stub,मुटु,425972
ne,94,Q11995,Pregnancy,stub,गर्भावस्था,418922
ne,95,Q498237,Schizoid personality disorder,missing,,416766
ne,96,Q180614,Melanoma,missing,,416231
ne,97,Q44727,Chickenpox,stub,ठेउला,415238
ne,98,Q9121,Atom,stub,परमाणु,415213
ne,99,Q188605,Emphysema,missing,,415016
ne,100,Q189561,Narcolepsy,missing,,414765
or,1,Q11660,Artificial intelligence,stub,ଆର୍ଟିଫିସିଆଲ ଇଣ୍ଟେଲିଜେନ୍ସ,3661437
or,2,Q10693,Periodic table,stub,ପର୍ଯ୍ୟାୟ ସାରଣୀ,3338660
or,3,Q405,Moon,stub,ଜହ୍ନ,2006752
or,4,Q230003,Lok Sabha,stub,ଲୋକ ସଭା,1863666
or,5,Q12052688,Aadhaar,missing,,1526110
or,6,Q544,Solar System,stub,ସୌର ଜଗତ,1477613
or,7,Q38404,Autism,stub,ଅଟିଜିମ୍‌,1450975
or,8,Q75,Internet,stub,ଇଣ୍ଟରନେଟ,1434012
or,9,Q181923,Attention deficit hyperactivity disorder,stub,ଧ୍ୟାନାଭାବ ଓ ଅତିସକ୍ରିୟତା ବିକାର,1358012
or,10,Q208166,Borderline personality disorder,stub,ବର୍ଡର ଲାଇନ ପର୍ସନାଲିଟି ଡିଜଅର୍ଡ଼ର,1330677
or,11,Q84263196,COVID-19,stub,କୋଭିଡ-୧୯,1304689
or,12,Q10737,Suicide,stub,ଆତ୍ମହତ୍ୟା,1280610
or,13,Q161790,Asperger syndrome,stub,ଆସ୍ପର୍ଗର୍ ସିଣ୍ଡ୍ରୋମ୍,1255761
or,14,Q183134,Sepsis,stub,ସେପ୍ସିସ,1187188
or,15,Q19939,Tiger,stub,ବାଘ,1171170
or,16,Q41112,Schizophrenia,stub,ସିଜୋଫ୍ରେନିଆ,1162985
or,17,Q8392,Zoophilia,missing,,1108861
or,18,Q51993,Ebola,stub,ଇବୋଲା ଭୂତାଣୁ ରୋଗ,1106892
or,19,Q395,Mathematics,stub,ଗଣିତ,1105004
or,20,Q131755,Bipolar disorder,stub,ବାଇପୋଲାର ଡିଜଅଡର,1064399
or,21,Q201989,Lyme disease,stub,ଲାଇମ ରୋଗ,1041266
or,22,Q188874,Colorectal cancer,stub,ବୃହଦନ୍ତ୍ର-ମଳାଶୟ କର୍କଟ,924887
or,23,Q282142,Glioblastoma,stub,ଗ୍ଲାୟୋବ୍ଲାସ୍ଟୋମା ମଲ୍ଟିଫର୍ମ,912919
or,24,Q190564,Huntington's disease,stub,ହଣ୍ଟିଙ୍ଗଟନ୍ସ ଡିଜିଜ୍,910640
or,25,Q12214,Smallpox,stub,ବସନ୍ତ ରୋଗ,903042
or,26,Q174589,Agoraphobia,stub,ଆଗୋରାଫୋବିଆ,888541
or,27,Q217519,Bubonic plague,stub,ବୁବୋନିକ୍ ପ୍ଲେଗ୍,879000
or,28,Q181843,Necrophilia,missing,,869866
or,29,Q191779,Tourette syndrome,missing,,849755
or,30,Q178059,Paraphilia,missing,,845489
or,31,Q205764,Endometriosis,stub,ଏଣ୍ଡୋମେଟ୍ରିଓସିସ,835130
or,32,Q178190,Obsessive–compulsive disorder,stub,ଅବସେସିଭ-କମ୍ପଲସିଭ ଡିଜଅର୍ଡ଼ର,804935
or,33,Q503,Banana,stub,କଦଳୀ,788629
or,34,Q125928,Climate change,missing,,783050
or,35,Q12199,HIV/AIDS,stub,ଏଚଆଇଭି/ଏଡସ,748106
or,36,Q7430,DNA,missing,,677163
or,37,Q118418,Antisocial personality disorder,stub,ଅସାମାଜିକ ବ୍ୟକ୍ତିତ୍ୱ ରୋଗ,664192
or,38,Q10998,Potato,missing,,657748
or,39,Q189580,Acromegaly,stub,ଆକ୍ରୋମେଗାଲି,649893
or,40,Q79793,Measles,stub,ମିଳିମିଳା,625712
or,41,Q5142470,Raynaud syndrome,stub,ରେନ‌ଡ ସିଣ୍ଡ୍ରୋମ,623454
or,42,Q23501,Tomato,missing,,603258
or,43,Q42844,Major depressive disorder,stub,ପ୍ରମୁଖ ଅବସାଦ ବେମାରୀ,584300
or,44,Q182155,Shingles,stub,ହର୍ପିସ୍ ଜୋସ୍ଟର,582344
or,45,Q223102,Peritonitis,stub,ପେରିଟୋନାଇଟିସ,578931
or,46,Q11575,Maize,stub,ମକା,577892
or,47,Q129279,Dysentery,stub,ଆମାଶୟ,577801
or,48,Q183548,Voyeurism,missing,,572194
or,49,Q8486,Coffee,missing,,556842
or,50,Q178194,Cystic fibrosis,stub,ସିସ୍ଟିକ୍ ଫାଇବ୍ରୋସିସ୍,528559
or,51,Q208414,Lymphoma,stub,ଲିମ୍ଫୋମା,519499
or,52,Q267907,Hypersexuality,missing,,517633
or,53,Q134649,Diphtheria,stub,କଣ୍ଠଅଳତି,515585
or,54,Q55998,Pleurisy,stub,ପ୍ଲୁରିସି,515296
or,55,Q11982,Photosynthesis,missing,,513872
or,56,Q275459,Acute radiation syndrome,stub,ତୀବ୍ର ବିକିରଣ ସିଣ୍ଡ୍ରୋମ,512459
or,57,Q194101,Dwarfism,stub,ବାମନତ୍ୱ,504505
or,58,Q152234,Edema,stub,ଇଡିମା,503823
or,59,Q7944,Earthquake,stub,ଭୂମିକମ୍ପ,500777
or,60,Q135005,Phishing,missing,,498694
or,61,Q7868,Cell (biology),stub,କୋଷ,494340
or,62,Q37383,Peanut,missing,,490383
or,63,Q184627,Human papillomavirus infection,stub,ପାପିଲୋମାଭୁତାଣୁ ସଂକ୍ରମଣ,489762
or,64,Q202387,Post-traumatic stress disorder,stub,ଆଘାତୋତ୍ତର ଚାପ ବେମାରୀ,488291
or,65,Q169,Mango,missing,,478546
or,66,Q154865,Botulism,stub,ବୋଟୁଲିଜ୍ମ,474405
or,67,Q207855,Amblyopia,stub,କ୍ଷୀଣ ଦୃଷ୍ଟି,467887
or,68,Q185034,Sickle cell disease,stub,ସିକ୍ଲ ସେଲ୍ ରୋଗ,467373
or,69,Q207367,Infectious mononucleosis,stub,ଇନଫେକ୍‌ସସ୍ ମୋନୋନ୍ୟୁକ୍ଲିଓସିସ,461656
or,70,Q163865,Scurvy,stub,ସ୍କର୍ଭି,461489
or,71,Q558077,Williams syndrome,stub,ଉଇଲିଅମସ ସିଣ୍ଡ୍ରୋମ,458811
or,72,Q2836,Aphasia,missing,,454138
or,73,Q154878,Toxoplasmosis,stub,ଟକ୍‌ସୋପ୍ଲାଜମୋସିସ୍,453401
or,74,Q204933,Decapitation,missing,,449861
or,75,Q202849,Turner syndrome,stub,ଟର୍ନର ସିଣ୍ଡ୍ରୋମ,448556
or,76,Q5090,Rice,stub,ଚାଉଳ,444227
or,77,Q22645,Smartphone,missing,,440423
or,78,Q83030,Dementia,stub,ଡିମେନ୍ସିଆ,438437
or,79,Q8092,Tropical cyclone,stub,କ୍ରାନ୍ତୀୟ ଘୂର୍ଣ୍ଣିବାତ୍ୟା,438246
or,80,Q159701,Glaucoma,stub,ଗ୍ଲକୋମା,434758
or,81,Q3342808,Coconut,missing,,429158
or,82,Q1072,Heart,stub,ହୃତ୍‌ପିଣ୍ଡ,425972
or,83,Q498237,Schizoid personality disorder,stub,ସିଜଏଡ଼ ବ୍ୟକ୍ତିତ୍ୱ ବିକାର,416766
or,84,Q180614,Melanoma,stub,ମେଲାନୋମା,416231
or,85,Q9121,Atom,stub,ପରମାଣୁ,415213
or,86,Q188605,Emphysema,missing,,415016
or,87,Q189561,Narcolepsy,stub,ନିଦ୍ରାବେଶ,414765
or,88,Q844590,Body dysmorphic disorder,stub,ଶାରୀରିକ କୁରୂପ ବେମାରୀ,414692
or,89,Q845787,Histrionic personality disorder,stub,ନାଟକୀୟ ବ୍ୟକ୍ତିତ୍ୱ ରୋଗ,413915
or,90,Q339221,Gynecomastia,stub,ଗାଇନେକୋମାଷ୍ଟିଆ,411031
or,91,Q332062,Sorghum,missing,,406358
or,92,Q11006,Soybean,missing,,402735
or,93,Q844717,Spina bifida,stub,ସ୍ପାଇନା ବାଇଫିଡା,402245
or,94,Q81375,Chickpea,stub,ଚଣା,397782
or,95,Q183560,Intellectual disability,missing,,393944
or,96,Q48318,Urea,missing,,393673
or,97,Q43084,Black pepper,stub,ଗୋଲ ମରିଚ,391848
or,98,Q12198,Sexually transmitted infection,stub,ଯୌନ କ୍ରିୟା ସଞ୍ଚାରିତ ରୋଗ ସମୂହ,391094
or,99,Q41571,Epilepsy,stub,ଅପସ୍ମାର,391064
or,100,Q193840,Asphyxia,missing,,388124
pa,1,Q10693,Periodic table,stub,ਮਿਆਦੀ ਪਹਾੜਾ,3338660
pa,2,Q405,Moon,stub,ਚੰਦਰਮਾ,2006752
pa,3,Q12052688,Aadhaar,stub,ਅਧਾਰ,1526110
pa,4,Q544,Solar System,stub,ਸੂਰਜ ਮੰਡਲ,1477613
pa,5,Q12204,Tuberculosis,stub,ਟੀਬੀ,1471158
pa,6,Q38404,Autism,stub,ਸਵੈਲੀਨਤਾ,1450975
pa,7,Q75,Internet,stub,ਇੰਟਰਨੈੱਟ,1434012
pa,8,Q181923,Attention deficit hyperactivity disorder,stub,ਅਟੈਨਸ਼ਨ ਡੈਫੀਸਿਟ ਹਾਈਪਰ ਐਕਟੀਵਿਟੀ ਡਿਸਆਰਡਰ,1358012
pa,9,Q208166,Borderline personality disorder,missing,,1330677
pa,10,Q10737,Suicide,stub,ਖ਼ੁਦਕੁਸ਼ੀ,1280610
pa,11,Q36956,Leprosy,stub,ਕੋਹੜ,1266813
pa,12,Q161790,Asperger syndrome,missing,,1255761
pa,13,Q183134,Sepsis,missing,,1187188
pa,14,Q19939,Tiger,stub,ਸ਼ੇਰ,1171170
pa,15,Q41112,Schizophrenia,stub,ਦੁਫਾੜ ਮਾਨਸਿਕਤਾ,1162985
pa,16,Q8392,Zoophilia,missing,,1108861
pa,17,Q51993,Ebola,stub,ਇਬੋਲਾ ਵਿਸ਼ਾਣੂ ਰੋਗ,1106892
pa,18,Q395,Mathematics,stub,ਗਣਿਤ,1105004
pa,19,Q39222,Rabies,stub,ਹਲਕਾਅ ਵਾਲੇ ਕੁੱਤੇ ਨੂੰ ਅਧਰੰਗ ਦਾ,1085297
pa,20,Q131755,Bipolar disorder,stub,ਬਾਈਪੋਲਰ ਡਿਸਆਰਡਰ,1064399
pa,21,Q201989,Lyme disease,missing,,1041266
pa,22,Q188874,Colorectal cancer,stub,ਕੋਲਨ ਕੈਂਸਰ,924887
pa,23,Q282142,Glioblastoma,missing,,912919
pa,24,Q190564,Huntington's disease,missing,,910640
pa,25,Q12214,Smallpox,stub,ਚੇਚਕ,903042
pa,26,Q12192,Pneumonia,stub,ਨਮੋਨੀਆ,889369
pa,27,Q174589,Agoraphobia,missing,,888541
pa,28,Q217519,Bubonic plague,missing,,879000
pa,29,Q181843,Necrophilia,missing,,869866
pa,30,Q191779,Tourette syndrome,missing,,849755
pa,31,Q178059,Paraphilia,missing,,845489
pa,32,Q205764,Endometriosis,missing,,835130
pa,33,Q178190,Obsessive–compulsive disorder,missing,,804935
pa,34,Q503,Banana,stub,ਕੇਲਾ,788629
pa,35,Q125928,Climate change,stub,ਜਲਵਾਯੂ ਤਬਦੀਲੀ,783050
pa,36,Q12199,HIV/AIDS,stub,ਏਡਜ਼,748106
pa,37,Q118418,Antisocial personality disorder,missing,,664192
pa,38,Q10998,Potato,stub,ਆਲੂ,657748
pa,39,Q189580,Acromegaly,missing,,649893
pa,40,Q12152,Myocardial infarction,stub,ਦਿਲ ਦਾ ਦੌਰਾ,644882
pa,41,Q79793,Measles,stub,ਖਸਰਾ,625712
pa,42,Q5142470,Raynaud syndrome,missing,,623454
pa,43,Q23501,Tomato,stub,ਟਮਾਟਰ,603258
pa,44,Q42844,Major depressive disorder,missing,,584300
pa,45,Q223102,Peritonitis,missing,,578931
pa,46,Q129279,Dysentery,missing,,577801
pa,47,Q183548,Voyeurism,missing,,572194
pa,48,Q12195,Polio,stub,ਪੋਲੀਓ,557780
pa,49,Q8486,Coffee,stub,ਕੌਫ਼ੀ,556842
pa,50,Q83319,Typhoid fever,stub,ਟਾਈਫਾਈਡ ਬੁਖ਼ਾਰ,550428
pa,51,Q178194,Cystic fibrosis,missing,,528559
pa,52,Q208414,Lymphoma,missing,,519499
pa,53,Q267907,Hypersexuality,missing,,517633
pa,54,Q134649,Diphtheria,missing,,515585
pa,55,Q55998,Pleurisy,missing,,515296
pa,56,Q11982,Photosynthesis,stub,ਪ੍ਰਕਾਸ਼ ਸੰਸਲੇਸ਼ਣ,513872
pa,57,Q12090,Cholera,stub,ਹੈਜ਼ਾ,513798
pa,58,Q12156,Malaria,stub,ਮਲੇਰੀਆ,512952
pa,59,Q275459,Acute radiation syndrome,missing,,512459
pa,60,Q199804,Chronic obstructive pulmonary disease,stub,ਸੀ ਓ ਪੀ ਡੀ,509642
pa,61,Q194101,Dwarfism,stub,ਬੌਣਾ,504505
pa,62,Q152234,Edema,missing,,503823
pa,63,Q135005,Phishing,stub,ਫਿਸ਼ਿੰਗ,498694
pa,64,Q12202,Stroke,stub,ਸਟਰੋਕ,495627
pa,65,Q7868,Cell (biology),stub,ਕੋਸ਼ਾਣੂ,494340
pa,66,Q37383,Peanut,stub,ਮੂੰਗਫਲੀ,490383
pa,67,Q167178,Scabies,missing,,490308
pa,68,Q184627,Human papillomavirus infection,missing,,489762
pa,69,Q12078,Cancer,stub,ਕੈਂਸਰ,488931
pa,70,Q202387,Post-traumatic stress disorder,missing,,488291
pa,71,Q154865,Botulism,missing,,474405
pa,72,Q207855,Amblyopia,missing,,467887
pa,73,Q185034,Sickle cell disease,missing,,467373
pa,74,Q207367,Infectious mononucleosis,missing,,461656
pa,75,Q163865,Scurvy,stub,ਸਕਰਵੀ,461489
pa,76,Q558077,Williams syndrome,missing,,458811
pa,77,Q133244,Jaundice,missing,,454356
pa,78,Q2836,Aphasia,missing,,454138
pa,79,Q154878,Toxoplasmosis,missing,,453401
pa,80,Q204933,Decapitation,missing,,449861
pa,81,Q202849,Turner syndrome,stub,ਟਰਨਰ ਸਿੰਡਰੋਮ,448556
pa,82,Q5090,Rice,stub,ਚਾਵਲ,444227
pa,83,Q83030,Dementia,missing,,438437
pa,84,Q8092,Tropical cyclone,stub,ਤਪਤ-ਖੰਡੀ ਵਾਵਰੋਲਾ,438246
pa,85,Q159701,Glaucoma,stub,ਕਾਲ਼ਾ ਮੋਤੀਆ,434758
pa,86,Q3342808,Coconut,missing,,429158
pa,87,Q1072,Heart,stub,ਦਿਲ,425972
pa,88,Q11995,Pregnancy,stub,ਗਰਭ ਅਵਸਥਾ,418922
pa,89,Q498237,Schizoid personality disorder,missing,,416766
pa,90,Q180614,Melanoma,stub,ਮੇਲਾਨੋਮਾ,416231
pa,91,Q44727,Chickenpox,stub,ਛੋਟੀ ਮਾਤਾ,415238
pa,92,Q9121,Atom,stub,ਪਰਮਾਣੂ,415213
pa,93,Q188605,Emphysema,missing,,415016
pa,94,Q189561,Narcolepsy,missing,,414765
pa,95,Q844590,Body dysmorphic disorder,missing,,414692
pa,96,Q845787,Histrionic personality disorder,missing,,413915
pa,97,Q339221,Gynecomastia,missing,,411031
pa,98,Q332062,Sorghum,stub,ਜਵਾਰ (ਚਰ੍ਹੀ),406358
pa,99,Q41861,Hypertension,missing,,405125
pa,100,Q8070,Tsunami,stub,ਸੁਨਾਮੀ,405008
sa,1,Q11660,Artificial intelligence,stub,कृत्रिमबुद्धिमत्ता,3661437
sa,2,Q10693,Periodic table,stub,आवर्तसारणी,3338660
sa,3,Q12052688,Aadhaar,missing,,1526110
sa,4,Q544,Solar System,stub,सूर्यमण्डलम्,1477613
sa,5,Q12204,Tuberculosis,stub,क्षयरोगः,1471158
sa,6,Q38404,Autism,missing,,1450975
sa,7,Q75,Internet,stub,अन्तर्जालम्,1434012
sa,8,Q181923,Attention deficit hyperactivity disorder,stub,ध्यानाभाव-अतिसक्रियता-विकारः,1358012
sa,9,Q208166,Borderline personality disorder,missing,,1330677
sa,10,Q84263196,COVID-19,missing,,1304689
sa,11,Q10737,Suicide,missing,,1280610
sa,12,Q36956,Leprosy,stub,कुष्ठरोगः,1266813
sa,13,Q161790,Asperger syndrome,missing,,1255761
sa,14,Q183134,Sepsis,missing,,1187188
sa,15,Q19939,Tiger,stub,व्याघ्रः,1171170
sa,16,Q41112,Schizophrenia,missing,,1162985
sa,17,Q8392,Zoophilia,missing,,1108861
sa,18,Q51993,Ebola,missing,,1106892
sa,19,Q395,Mathematics,stub,गणितम्,1105004
sa,20,Q39222,Rabies,missing,,1085297
sa,21,Q131755,Bipolar disorder,missing,,1064399
sa,22,Q201989,Lyme disease,missing,,1041266
sa,23,Q188874,Colorectal cancer,missing,,924887
sa,24,Q282142,Glioblastoma,missing,,912919
sa,25,Q190564,Huntington's disease,missing,,910640
sa,26,Q12214,Smallpox,stub,मसूरिका,903042
sa,27,Q12192,Pneumonia,missing,,889369
sa,28,Q174589,Agoraphobia,missing,,888541
sa,29,Q217519,Bubonic plague,missing,,879000
sa,30,Q181843,Necrophilia,missing,,869866
sa,31,Q191779,Tourette syndrome,missing,,849755
sa,32,Q178059,Paraphilia,missing,,845489
sa,33,Q205764,Endometriosis,missing,,835130
sa,34,Q178190,Obsessive–compulsive disorder,missing,,804935
sa,35,Q503,Banana,stub,कदलीफलम्,788629
sa,36,Q125928,Climate change,missing,,783050
sa,37,Q12199,HIV/AIDS,stub,एइड्स्,748106
sa,38,Q7430,DNA,missing,,677163
sa,39,Q118418,Antisocial personality disorder,missing,,664192
sa,40,Q10998,Potato,stub,आलुकम्,657748
sa,41,Q189580,Acromegaly,stub,शाखावृहत्ता,649893
sa,42,Q12152,Myocardial infarction,stub,हृदयाघातः,644882
sa,43,Q79793,Measles,missing,,625712
sa,44,Q5142470,Raynaud syndrome,missing,,623454
sa,45,Q23501,Tomato,stub,वार्तकी,603258
sa,46,Q42844,Major depressive disorder,missing,,584300
sa,47,Q182155,Shingles,missing,,582344
sa,48,Q223102,Peritonitis,missing,,578931
sa,49,Q11575,Maize,missing,,577892
sa,50,Q129279,Dysentery,stub,अन्नगन्धिः,577801
sa,51,Q183548,Voyeurism,missing,,572194
sa,52,Q12195,Polio,missing,,557780
sa,53,Q8486,Coffee,stub,काफीपेयम्,556842
sa,54,Q83319,Typhoid fever,missing,,550428
sa,55,Q178194,Cystic fibrosis,missing,,528559
sa,56,Q208414,Lymphoma,missing,,519499
sa,57,Q267907,Hypersexuality,missing,,517633
sa,58,Q134649,Diphtheria,missing,,515585
sa,59,Q55998,Pleurisy,missing,,515296
sa,60,Q11982,Photosynthesis,stub,प्रभासंयोगः,513872
sa,61,Q12090,Cholera,stub,विसूचिका,513798
sa,62,Q12156,Malaria,stub,मलेरियारोगः,512952
sa,63,Q275459,Acute radiation syndrome,missing,,512459
sa,64,Q199804,Chronic obstructive pulmonary disease,missing,,509642
sa,65,Q194101,Dwarfism,missing,,504505
sa,66,Q152234,Edema,missing,,503823
sa,67,Q7944,Earthquake,stub,भूकम्पः,500777
sa,68,Q135005,Phishing,missing,,498694
sa,69,Q12202,Stroke,missing,,495627
sa,70,Q7868,Cell (biology),stub,रसकोष:,494340
sa,71,Q37383,Peanut,stub,कलायः,490383
sa,72,Q167178,Scabies,missing,,490308
sa,73,Q184627,Human papillomavirus infection,missing,,489762
sa,74,Q12078,Cancer,stub,कर्कटरोगः,488931
sa,75,Q202387,Post-traumatic stress disorder,missing,,488291
sa,76,Q169,Mango,missing,,478546
sa,77,Q154865,Botulism,missing,,474405
sa,78,Q207855,Amblyopia,missing,,467887
sa,79,Q185034,Sickle cell disease,missing,,467373
sa,80,Q207367,Infectious mononucleosis,missing,,461656
sa,81,Q163865,Scurvy,missing,,461489
sa,82,Q558077,Williams syndrome,missing,,458811
sa,83,Q133244,Jaundice,missing,,454356
sa,84,Q2836,Aphasia,missing,,454138
sa,85,Q154878,Toxoplasmosis,missing,,453401
sa,86,Q204933,Decapitation,missing,,449861
sa,87,Q202849,Turner syndrome,missing,,448556
sa,88,Q5090,Rice,stub,तण्डुलाः,444227
sa,89,Q22645,Smartphone,missing,,440423
sa,90,Q83030,Dementia,missing,,438437
sa,91,Q8092,Tropical cyclone,stub,प्रभञ्जनः,438246
sa,92,Q159701,Glaucoma,missing,,434758
sa,93,Q3342808,Coconut,missing,,429158
sa,94,Q1072,Heart,stub,हृदयम्,425972
sa,95,Q11995,Pregnancy,missing,,418922
sa,96,Q498237,Schizoid personality disorder,missing,,416766
sa,97,Q180614,Melanoma,missing,,416231
sa,98,Q44727,Chickenpox,missing,,415238
sa,99,Q9121,Atom,stub,परमाणुः,415213
sa,100,Q188605,Emphysema,missing,,415016
sat,1,Q11660,Artificial intelligence,missing,,3661437
sat,2,Q10693,Periodic table,missing,,3338660
sat,3,Q405,Moon,stub,ᱪᱟᱸᱫᱚ,2006752
sat,4,Q230003,Lok Sabha,stub,ᱞᱳᱠᱥᱚᱵᱷᱟ,1863666
sat,5,Q12052688,Aadhaar,stub,ᱟᱫᱷᱟᱨ,1526110
sat,6,Q544,Solar System,stub,ᱥᱤᱧ ᱪᱟᱸᱫᱚ ᱢᱟᱱᱰᱮᱨ,1477613
sat,7,Q12204,Tuberculosis,stub,ᱥᱟᱦᱟᱸᱥ,1471158
sat,8,Q38404,Autism,missing,,1450975
sat,9,Q75,Internet,stub,ᱤᱱᱴᱚᱨᱱᱮᱴ,1434012
sat,10,Q181923,Attention deficit hyperactivity disorder,missing,,1358012
sat,11,Q208166,Borderline personality disorder,missing,,1330677
sat,12,Q84263196,COVID-19,stub,ᱠᱚᱨᱳᱱᱟᱵᱷᱟᱭᱨᱟᱥ ᱟᱡᱟᱨ ᱒᱐᱑᱙,1304689
sat,13,Q10737,Suicide,stub,ᱡᱤᱣᱤ ᱟᱞᱟᱭ,1280610
sat,14,Q36956,Leprosy,stub,ᱢᱩᱰᱨᱩᱡ ᱟᱡᱟᱨ,1266813
sat,15,Q161790,Asperger syndrome,missing,,1255761
sat,16,Q244730,Rajya Sabha,missing,,1230376
sat,17,Q183134,Sepsis,missing,,1187188
sat,18,Q19939,Tiger,stub,ᱛᱟᱹᱨᱩᱵ,1171170
sat,19,Q41112,Schizophrenia,missing,,1162985
sat,20,Q68,Computer,stub,ᱠᱚᱢᱯᱩᱴᱚᱨ,1157780
sat,21,Q8392,Zoophilia,missing,,1108861
sat,22,Q51993,Ebola,missing,,1106892
sat,23,Q395,Mathematics,stub,ᱮᱞᱠᱷᱟ,1105004
sat,24,Q39222,Rabies,missing,,1085297
sat,25,Q131755,Bipolar disorder,missing,,1064399
sat,26,Q201989,Lyme disease,missing,,1041266
sat,27,Q188874,Colorectal cancer,missing,,924887
sat,28,Q282142,Glioblastoma,missing,,912919
sat,29,Q190564,Huntington's disease,missing,,910640
sat,30,Q12214,Smallpox,stub,ᱵᱚᱥᱚᱱ,903042
sat,31,Q12192,Pneumonia,missing,,889369
sat,32,Q174589,Agoraphobia,missing,,888541
sat,33,Q217519,Bubonic plague,missing,,879000
sat,34,Q181843,Necrophilia,missing,,869866
sat,35,Q191779,Tourette syndrome,missing,,849755
sat,36,Q178059,Paraphilia,missing,,845489
sat,37,Q205764,Endometriosis,missing,,835130
sat,38,Q178190,Obsessive–compulsive disorder,missing,,804935
sat,39,Q503,Banana,stub,ᱠᱟᱭᱨᱟ,788629
sat,40,Q125928,Climate change,missing,,783050
sat,41,Q12199,HIV/AIDS,missing,,748106
sat,42,Q7430,DNA,missing,,677163
sat,43,Q118418,Antisocial personality disorder,missing,,664192
sat,44,Q10998,Potato,stub,ᱟᱹᱞᱩ,657748
sat,45,Q189580,Acromegaly,missing,,649893
sat,46,Q12152,Myocardial infarction,missing,,644882
sat,47,Q79793,Measles,missing,,625712
sat,48,Q5142470,Raynaud syndrome,missing,,623454
sat,49,Q23501,Tomato,stub,ᱵᱤᱞᱟ.ᱛᱤ,603258
sat,50,Q42844,Major depressive disorder,missing,,584300
sat,51,Q182155,Shingles,missing,,582344
sat,52,Q223102,Peritonitis,missing,,578931
sat,53,Q11575,Maize,stub,ᱡᱚᱸᱰᱨᱟ,577892
sat,54,Q129279,Dysentery,missing,,577801
sat,55,Q183548,Voyeurism,missing,,572194
sat,56,Q12195,Polio,missing,,557780
sat,57,Q8486,Coffee,stub,ᱠᱚᱯᱷᱤ,556842
sat,58,Q83319,Typhoid fever,missing,,550428
sat,59,Q178194,Cystic fibrosis,missing,,528559
sat,60,Q208414,Lymphoma,missing,,519499
sat,61,Q267907,Hypersexuality,missing,,517633
sat,62,Q134649,Diphtheria,stub,ᱰᱤᱯᱛᱷᱤᱨᱤᱭᱟ,515585
sat,63,Q55998,Pleurisy,missing,,515296
sat,64,Q11982,Photosynthesis,missing,,513872
sat,65,Q12090,Cholera,stub,ᱦᱟ.ᱭᱡᱟ,513798
sat,66,Q12156,Malaria,stub,ᱢᱮᱞᱮᱨᱤᱭᱟᱹ,512952
sat,67,Q275459,Acute radiation syndrome,missing,,512459
sat,68,Q199804,Chronic obstructive pulmonary disease,missing,,509642
sat,69,Q194101,Dwarfism,missing,,504505
sat,70,Q152234,Edema,missing,,503823
sat,71,Q7944,Earthquake,missing,,500777
sat,72,Q135005,Phishing,missing,,498694
sat,73,Q12202,Stroke,missing,,495627
sat,74,Q7868,Cell (biology),missing,,494340
sat,75,Q37383,Peanut,missing,,490383
sat,76,Q167178,Scabies,missing,,490308
sat,77,Q184627,Human papillomavirus infection,missing,,489762
sat,78,Q12078,Cancer,missing,,488931
sat,79,Q202387,Post-traumatic stress disorder,missing,,488291
sat,80,Q169,Mango,missing,,478546
sat,81,Q154865,Botulism,missing,,474405
sat,82,Q207855,Amblyopia,missing,,467887
sat,83,Q185034,Sickle cell disease,missing,,467373
sat,84,Q207367,Infectious mononucleosis,missing,,461656
sat,85,Q163865,Scurvy,missing,,461489
sat,86,Q558077,Williams syndrome,missing,,458811
sat,87,Q2836,Aphasia,missing,,454138
sat,88,Q154878,Toxoplasmosis,missing,,453401
sat,89,Q204933,Decapitation,missing,,449861
sat,90,Q202849,Turner syndrome,missing,,448556
sat,91,Q5090,Rice,stub,ᱫᱟᱠᱟ,444227
sat,92,Q22645,Smartphone,missing,,440423
sat,93,Q83030,Dementia,missing,,438437
sat,94,Q8092,Tropical cyclone,missing,,438246
sat,95,Q159701,Glaucoma,missing,,434758
sat,96,Q3342808,Coconut,missing,,429158
sat,97,Q1072,Heart,stub,ᱨᱤᱫᱟᱹᱭ,425972
sat,98,Q11995,Pregnancy,stub,ᱦᱟᱢᱟᱞ ᱦᱚᱲᱢᱚ (Pregnancy),418922
sat,99,Q498237,Schizoid personality disorder,missing,,416766
sat,100,Q180614,Melanoma,stub,ᱢᱮᱞᱮᱱᱚᱢᱟ,416231
sd,1,Q230003,Lok Sabha,missing,,1863666
sd,2,Q12052688,Aadhaar,missing,,1526110
sd,3,Q12204,Tuberculosis,stub,سلهہ,1471158
sd,4,Q38404,Autism,missing,,1450975
sd,5,Q75,Internet,stub,انٽرنيٽ,1434012
sd,6,Q181923,Attention deficit hyperactivity disorder,missing,,1358012
sd,7,Q208166,Borderline personality disorder,missing,,1330677
sd,8,Q84263196,COVID-19,stub,ڪوروناوائرس روڳ 2019,1304689
sd,9,Q10737,Suicide,stub,آپگهات,1280610
sd,10,Q36956,Leprosy,stub,ڪوڙھ,1266813
sd,11,Q161790,Asperger syndrome,missing,,1255761
sd,12,Q244730,Rajya Sabha,missing,,1230376
sd,13,Q183134,Sepsis,missing,,1187188
sd,14,Q19939,Tiger,stub,شينهن,1171170
sd,15,Q41112,Schizophrenia,stub,شيزوفرينيا,1162985
sd,16,Q8392,Zoophilia,missing,,1108861
sd,17,Q51993,Ebola,missing,,1106892
sd,18,Q39222,Rabies,missing,,1085297
sd,19,Q131755,Bipolar disorder,missing,,1064399
sd,20,Q201989,Lyme disease,missing,,1041266
sd,21,Q188874,Colorectal cancer,missing,,924887
sd,22,Q282142,Glioblastoma,stub,گلائيوبلاسٽوما,912919
sd,23,Q190564,Huntington's disease,missing,,910640
sd,24,Q12214,Smallpox,stub,ماتا (بيماري),903042
sd,25,Q12192,Pneumonia,stub,نمونيا,889369
sd,26,Q174589,Agoraphobia,missing,,888541
sd,27,Q217519,Bubonic plague,missing,,879000
sd,28,Q181843,Necrophilia,missing,,869866
sd,29,Q191779,Tourette syndrome,missing,,849755
sd,30,Q178059,Paraphilia,missing,,845489
sd,31,Q205764,Endometriosis,missing,,835130
sd,32,Q178190,Obsessive–compulsive disorder,missing,,804935
sd,33,Q503,Banana,stub,ڪيلو,788629
sd,34,Q125928,Climate change,stub,موسمياتي تبديلي,783050
sd,35,Q12199,HIV/AIDS,stub,ايڊز,748106
sd,36,Q118418,Antisocial personality disorder,missing,,664192
sd,37,Q10998,Potato,stub,پٽاٽو,657748
sd,38,Q189580,Acromegaly,missing,,649893
sd,39,Q12152,Myocardial infarction,stub,دل جو دورو,644882
sd,40,Q477108,Constitution of India,missing,,637157
sd,41,Q79793,Measles,stub,اُرڙي,625712
sd,42,Q5142470,Raynaud syndrome,missing,,623454
sd,43,Q23501,Tomato,stub,ٽماٽو,603258
sd,44,Q42844,Major depressive disorder,missing,,584300
sd,45,Q182155,Shingles,missing,,582344
sd,46,Q223102,Peritonitis,missing,,578931
sd,47,Q11575,Maize,stub,مڪئي,577892
sd,48,Q129279,Dysentery,missing,,577801
sd,49,Q183548,Voyeurism,missing,,572194
sd,50,Q12195,Polio,stub,پوليو,557780
sd,51,Q8486,Coffee,stub,ڪافي (مشروب),556842
sd,52,Q83319,Typhoid fever,stub,مدي جو تپ,550428
sd,53,Q178194,Cystic fibrosis,missing,,528559
sd,54,Q208414,Lymphoma,missing,,519499
sd,55,Q267907,Hypersexuality,missing,,517633
sd,56,Q134649,Diphtheria,stub,ڪارو کنگهه,515585
sd,57,Q55998,Pleurisy,missing,,515296
sd,58,Q11982,Photosynthesis,stub,ڦوٽوسنٿيسس,513872
sd,59,Q12090,Cholera,stub,ھيضو يا ڪوليرا,513798
sd,60,Q12156,Malaria,stub,مليريا,512952
sd,61,Q275459,Acute radiation syndrome,missing,,512459
sd,62,Q199804,Chronic obstructive pulmonary disease,stub,ڦڦڙن جي رڪاوٽ جو پراڻو مرض,509642
sd,63,Q194101,Dwarfism,missing,,504505
sd,64,Q152234,Edema,missing,,503823
sd,65,Q135005,Phishing,missing,,498694
sd,66,Q12202,Stroke,stub,اڌ رنگ,495627
sd,67,Q7868,Cell (biology),stub,جيو گھرڙو,494340
sd,68,Q37383,Peanut,stub,بوھي مڱ,490383
sd,69,Q167178,Scabies,missing,,490308
sd,70,Q184627,Human papillomavirus infection,missing,,489762
sd,71,Q12078,Cancer,stub,ڪينسر,488931
sd,72,Q202387,Post-traumatic stress disorder,missing,,488291
sd,73,Q154865,Botulism,missing,,474405
sd,74,Q207855,Amblyopia,missing,,467887
sd,75,Q185034,Sickle cell disease,missing,,467373
sd,76,Q207367,Infectious mononucleosis,missing,,461656
sd,77,Q163865,Scurvy,missing,,461489
sd,78,Q558077,Williams syndrome,missing,,458811
sd,79,Q133244,Jaundice,missing,,454356
sd,80,Q2836,Aphasia,stub,افاشيا,454138
sd,81,Q154878,Toxoplasmosis,missing,,453401
sd,82,Q204933,Decapitation,missing,,449861
sd,83,Q202849,Turner syndrome,missing,,448556
sd,84,Q5090,Rice,stub,چانور,444227
sd,85,Q83030,Dementia,missing,,438437
sd,86,Q8092,Tropical cyclone,stub,ٽراپيڪل سائيڪلون,438246
sd,87,Q159701,Glaucoma,stub,ڪارو پاڻي (بائيولاجي),434758
sd,88,Q3342808,Coconut,missing,,429158
sd,89,Q11995,Pregnancy,stub,ڳورھائپ,418922
sd,90,Q498237,Schizoid personality disorder,missing,,416766
sd,91,Q180614,Melanoma,stub,ميلانوما,416231
sd,92,Q44727,Chickenpox,stub,لاکڙو,415238
sd,93,Q9121,Atom,stub,ائٽم,415213
sd,94,Q188605,Emphysema,missing,,415016
sd,95,Q189561,Narcolepsy,missing,,414765
sd,96,Q844590,Body dysmorphic disorder,missing,,414692
sd,97,Q845787,Histrionic personality disorder,missing,,413915
sd,98,Q339221,Gynecomastia,missing,,411031
sd,99,Q332062,Sorghum,stub,ٻہ رنگي جوئر,406358
sd,100,Q41861,Hypertension,missing,,405125
ta,1,Q10693,Periodic table,stub,தனிம அட்டவணை,3338660
ta,2,Q405,Moon,stub,நிலா,2006752
ta,3,Q230003,Lok Sabha,stub,மக்களவை (இந்தியா),1863666
ta,4,Q12052688,Aadhaar,stub,ஆதார் அடையாள அட்டை,1526110
ta,5,Q181923,Attention deficit hyperactivity disorder,stub,அவதானக் குறை மிகையியக்கம் குறைபாடு,1358012
ta,6,Q208166,Borderline personality disorder,missing,,1330677
ta,7,Q84263196,COVID-19,stub,கோவிட்-19,1304689
ta,8,Q10737,Suicide,stub,தற்கொலை,1280610
ta,9,Q161790,Asperger syndrome,stub,அசுபெர்கர் கூட்டறிகுறி,1255761
ta,10,Q183134,Sepsis,missing,,1187188
ta,11,Q51993,Ebola,stub,இபோலா தீநுண்ம நோய்,1106892
ta,12,Q395,Mathematics,stub,கணிதம்,1105004
ta,13,Q39222,Rabies,stub,வெறிநாய்க்கடி நோய்,1085297
ta,14,Q131755,Bipolar disorder,stub,இருமுனையப் பிறழ்வு,1064399
ta,15,Q201989,Lyme disease,missing,,1041266
ta,16,Q188874,Colorectal cancer,stub,பெருங்குடல் மலகுடலுக்குரிய புற்று நோய்,924887
ta,17,Q190564,Huntington's disease,missing,,910640
ta,18,Q12192,Pneumonia,stub,நுரையீரல் அழற்சி,889369
ta,19,Q174589,Agoraphobia,missing,,888541
ta,20,Q217519,Bubonic plague,stub,அரையாப்பு பிளேக்கு,879000
ta,21,Q181843,Necrophilia,missing,,869866
ta,22,Q178190,Obsessive–compulsive disorder,stub,பெருவிருப்ப கட்டாய மனப்பிறழ்வு,804935
ta,23,Q12199,HIV/AIDS,stub,எயிட்சு,748106
ta,24,Q118418,Antisocial personality disorder,missing,,664192
ta,25,Q189580,Acromegaly,missing,,649893
ta,26,Q79793,Measles,stub,தட்டம்மை,625712
ta,27,Q5142470,Raynaud syndrome,missing,,623454
ta,28,Q23501,Tomato,stub,தக்காளி,603258
ta,29,Q182155,Shingles,stub,அக்கி அம்மை,582344
ta,30,Q223102,Peritonitis,missing,,578931
ta,31,Q183548,Voyeurism,stub,பார்வை மோகம்,572194
ta,32,Q8486,Coffee,stub,காப்பி,556842
ta,33,Q178194,Cystic fibrosis,missing,,528559
ta,34,Q267907,Hypersexuality,missing,,517633
ta,35,Q134649,Diphtheria,missing,,515585
ta,36,Q55998,Pleurisy,missing,,515296
ta,37,Q12090,Cholera,stub,வாந்திபேதி,513798
ta,38,Q194101,Dwarfism,missing,,504505
ta,39,Q152234,Edema,stub,நீர்வீக்கம்,503823
ta,40,Q37383,Peanut,stub,நிலக்கடலை,490383
ta,41,Q167178,Scabies,stub,சொறி,490308
ta,42,Q184627,Human papillomavirus infection,stub,மனித சடைப்புத்துத் தீ நுண்மம்,489762
ta,43,Q202387,Post-traumatic stress disorder,stub,அதிர்ச்சிக்குப் பிறகான மன அழுத்தப் பாதிப்பு,488291
ta,44,Q154865,Botulism,stub,பாட்டுலைனியம்,474405
ta,45,Q207855,Amblyopia,stub,சோம்பேறி கண்,467887
ta,46,Q185034,Sickle cell disease,stub,அரிவாள்செல் சோகை,467373
ta,47,Q163865,Scurvy,stub,ஸ்கர்வி,461489
ta,48,Q558077,Williams syndrome,stub,வில்லியம்ஸ் நோய்க்கூட்டறிகுறி,458811
ta,49,Q2836,Aphasia,missing,,454138
ta,50,Q154878,Toxoplasmosis,stub,டாக்சோபிளாஸ்மோசிஸ்,453401
ta,51,Q204933,Decapitation,missing,,449861
ta,52,Q202849,Turner syndrome,stub,தேர்னர் கூட்டறிகுறி,448556
ta,53,Q22645,Smartphone,stub,திறன்பேசி,440423
ta,54,Q8092,Tropical cyclone,stub,வெப்ப மண்டலச் சூறாவளி,438246
ta,55,Q3342808,Coconut,missing,,429158
ta,56,Q498237,Schizoid personality disorder,missing,,416766
ta,57,Q180614,Melanoma,stub,கரும்புற்றுநோய்,416231
ta,58,Q189561,Narcolepsy,missing,,414765
ta,59,Q844590,Body dysmorphic disorder,missing,,414692
ta,60,Q845787,Histrionic personality disorder,missing,,413915
ta,61,Q339221,Gynecomastia,stub,ஆண் முலை வீக்கம்,411031
ta,62,Q11006,Soybean,stub,சோயா அவரை,402735
ta,63,Q844717,Spina bifida,stub,முதுகு நாண் பிறவி குறைபாடு,402245
ta,64,Q81375,Chickpea,stub,கொண்டைக் கடலை,397782
ta,65,Q183560,Intellectual disability,stub,மனவளர்ச்சிக் குறை,393944
ta,66,Q193840,Asphyxia,missing,,388124
ta,67,Q2840,Influenza,stub,இன்ஃபுளுவென்சா,386242
ta,68,Q41478,Hemorrhoid,stub,மூலம் (நோய்),383026
ta,69,Q958797,Scleroderma,missing,,376931
ta,70,Q192309,Tinnitus,stub,காதிரைச்சல்,374845
ta,71,Q1063,Evolution,stub,படிவளர்ச்சிக் கொள்கை,368547
ta,72,Q11094,Hashimoto's thyroiditis,stub,அஷிமோட்டோவின் கேடயச் சுரப்பியழற்சி,364510
ta,73,Q131226,Lentil,stub,மைசூர்ப் பருப்பு,359852
ta,74,Q950511,Résumé,stub,தற்குறிப்பு,348250
ta,75,Q33741,Lightning,stub,மின்னல்,346631
ta,76,Q168403,Myopia,stub,கிட்டப்பார்வை,344334
ta,77,Q622527,Self-harm,missing,,339067
ta,78,Q181754,Heart failure,stub,குருதித்தேக்க இதயத் திறனிழப்பு,337830
ta,79,Q216866,Conjoined twins,stub,ஒட்டிப் பிறந்த இரட்டையர்,336659
ta,80,Q199615,Encephalitis,stub,மூளையழற்சி,336294
ta,81,Q23485,Onion,stub,வெங்காயம்,335851
ta,82,Q62736,Osteoarthritis,stub,முதுமை மூட்டழற்சி,335239
ta,83,Q83931,Locust,missing,,332735
ta,84,Q168805,Gangrene,stub,இழைய அழுகல்,332222
ta,85,Q644318,Vasculitis,stub,நாள அழற்சி,324665
ta,86,Q40878,Diarrhea,stub,வயிற்றுப்போக்கு,318324
ta,87,Q213600,Sleep apnea,missing,,317342
ta,88,Q492038,Human brain,missing,,309690
ta,89,Q565276,Sciatica,missing,,302026
ta,90,Q12135,Mental disorder,stub,உளப் பிறழ்ச்சி,293215
ta,91,Q181257,Prostate cancer,stub,முன்னிற்குஞ்சுரப்பி புற்றுநோய்,290412
ta,92,Q101971,Wart,missing,,290355
ta,93,Q36940,Sugarcane,missing,,290191
ta,94,Q167844,Conjunctivitis,stub,விழி வெண்படல அழற்சி,288432
ta,95,Q154430,Anxiety,stub,பதகளிப்பு,287626
ta,96,Q161380,Credit card,stub,கடன் அட்டை,284146
ta,97,Q1036696,Hypothermia,stub,முரண்பாடான உடையவிழ்ப்பு,283830
ta,98,Q152401,Foot-and-mouth disease,stub,கோமாரி நோய்,282253
ta,99,Q209647,Delirium tremens,missing,,278001
ta,100,Q42967,Monsoon,stub,பருவப் பெயர்ச்சிக் காற்று,277392
tcy,1,Q11660,Artificial intelligence,missing,,3661437
tcy,2,Q10693,Periodic table,missing,,3338660
tcy,3,Q405,Moon,stub,ಚಂದ್ರೆ,2006752
tcy,4,Q230003,Lok Sabha,missing,,1863666
tcy,5,Q12052688,Aadhaar,missing,,1526110
tcy,6,Q544,Solar System,stub,ಸೌರಮಂಡಲೊ,1477613
tcy,7,Q12204,Tuberculosis,missing,,1471158
tcy,8,Q38404,Autism,missing,,1450975
tcy,9,Q75,Internet,stub,ಅಂತರ್ಜಾಲೊ,1434012
tcy,10,Q181923,Attention deficit hyperactivity disorder,missing,,1358012
tcy,11,Q208166,Borderline personality disorder,missing,,1330677
tcy,12,Q84263196,COVID-19,stub,ಕೊರೋನಾವೈರಸ್ ಸೀಕ್ ೨೦೧೯,1304689
tcy,13,Q10737,Suicide,missing,,1280610
tcy,14,Q36956,Leprosy,missing,,1266813
tcy,15,Q161790,Asperger syndrome,missing,,1255761
tcy,16,Q244730,Rajya Sabha,missing,,1230376
tcy,17,Q183134,Sepsis,missing,,1187188
tcy,18,Q41112,Schizophrenia,missing,,1162985
tcy,19,Q68,Computer,stub,ಕಂಪ್ಯೂಟರ್,1157780
tcy,20,Q8392,Zoophilia,missing,,1108861
tcy,21,Q51993,Ebola,missing,,1106892
tcy,22,Q395,Mathematics,stub,ಗಣಿತ,1105004
tcy,23,Q39222,Rabies,missing,,1085297
tcy,24,Q131755,Bipolar disorder,missing,,1064399
tcy,25,Q201989,Lyme disease,missing,,1041266
tcy,26,Q188874,Colorectal cancer,missing,,924887
tcy,27,Q282142,Glioblastoma,missing,,912919
tcy,28,Q190564,Huntington's disease,missing,,910640
tcy,29,Q12214,Smallpox,stub,ಎಲ್ಯ ಸಿಡ್ಬು,903042
tcy,30,Q12192,Pneumonia,missing,,889369
tcy,31,Q174589,Agoraphobia,missing,,888541
tcy,32,Q217519,Bubonic plague,missing,,879000
tcy,33,Q181843,Necrophilia,missing,,869866
tcy,34,Q191779,Tourette syndrome,missing,,849755
tcy,35,Q178059,Paraphilia,missing,,845489
tcy,36,Q205764,Endometriosis,missing,,835130
tcy,37,Q178190,Obsessive–compulsive disorder,missing,,804935
tcy,38,Q503,Banana,stub,ಬಾರೆತ ಪರ್ಂದ್,788629
tcy,39,Q125928,Climate change,missing,,783050
tcy,40,Q12199,HIV/AIDS,missing,,748106
tcy,41,Q7430,DNA,missing,,677163
tcy,42,Q118418,Antisocial personality disorder,missing,,664192
tcy,43,Q10998,Potato,stub,ಬಟಾಟೆ,657748
tcy,44,Q189580,Acromegaly,missing,,649893
tcy,45,Q12152,Myocardial infarction,missing,,644882
tcy,46,Q79793,Measles,missing,,625712
tcy,47,Q5142470,Raynaud syndrome,missing,,623454
tcy,48,Q23501,Tomato,stub,ಟೊಮೆಟೊ,603258
tcy,49,Q42844,Major depressive disorder,missing,,584300
tcy,50,Q182155,Shingles,missing,,582344
tcy,51,Q223102,Peritonitis,missing,,578931
tcy,52,Q11575,Maize,missing,,577892
tcy,53,Q129279,Dysentery,missing,,577801
tcy,54,Q183548,Voyeurism,missing,,572194
tcy,55,Q12195,Polio,missing,,557780
tcy,56,Q8486,Coffee,missing,,556842
tcy,57,Q83319,Typhoid fever,missing,,550428
tcy,58,Q178194,Cystic fibrosis,missing,,528559
tcy,59,Q208414,Lymphoma,missing,,519499
tcy,60,Q267907,Hypersexuality,missing,,517633
tcy,61,Q134649,Diphtheria,missing,,515585
tcy,62,Q55998,Pleurisy,missing,,515296
tcy,63,Q11982,Photosynthesis,missing,,513872
tcy,64,Q12090,Cholera,missing,,513798
tcy,65,Q12156,Malaria,stub,ಮಲೇರಿಯಾ,512952
tcy,66,Q275459,Acute radiation syndrome,missing,,512459
tcy,67,Q199804,Chronic obstructive pulmonary disease,missing,,509642
tcy,68,Q194101,Dwarfism,missing,,504505
tcy,69,Q152234,Edema,missing,,503823
tcy,70,Q7944,Earthquake,missing,,500777
tcy,71,Q135005,Phishing,missing,,498694
tcy,72,Q12202,Stroke,missing,,495627
tcy,73,Q7868,Cell (biology),missing,,494340
tcy,74,Q37383,Peanut,missing,,490383
tcy,75,Q167178,Scabies,missing,,490308
tcy,76,Q184627,Human papillomavirus infection,missing,,489762
tcy,77,Q12078,Cancer,stub,ಕ್ಯಾನ್ಸರ್,488931
tcy,78,Q202387,Post-traumatic stress disorder,missing,,488291
tcy,79,Q169,Mango,stub,ಕುಕ್ಕು,478546
tcy,80,Q154865,Botulism,missing,,474405
tcy,81,Q207855,Amblyopia,missing,,467887
tcy,82,Q185034,Sickle cell disease,missing,,467373
tcy,83,Q207367,Infectious mononucleosis,missing,,461656
tcy,84,Q163865,Scurvy,missing,,461489
tcy,85,Q558077,Williams syndrome,missing,,458811
tcy,86,Q133244,Jaundice,missing,,454356
tcy,87,Q2836,Aphasia,missing,,454138
tcy,88,Q154878,Toxoplasmosis,missing,,453401
tcy,89,Q204933,Decapitation,missing,,449861
tcy,90,Q202849,Turner syndrome,missing,,448556
tcy,91,Q5090,Rice,missing,,444227
tcy,92,Q22645,Smartphone,missing,,440423
tcy,93,Q83030,Dementia,missing,,438437
tcy,94,Q8092,Tropical cyclone,missing,,438246
tcy,95,Q159701,Glaucoma,missing,,434758
tcy,96,Q3342808,Coconut,stub,ತಾರಾಯಿ,429158
tcy,97,Q1072,Heart,missing,,425972
tcy,98,Q11995,Pregnancy,stub,ಬಂಜಿನಾಲ್,418922
tcy,99,Q498237,Schizoid personality disorder,missing,,416766
tcy,100,Q180614,Melanoma,missing,,416231
te,1,Q11660,Artificial intelligence,stub,కృత్రిమ మేధస్సు,3661437
te,2,Q405,Moon,stub,చంద్రుడు,2006752
te,3,Q12052688,Aadhaar,stub,ఆధార్,1526110
te,4,Q12204,Tuberculosis,stub,క్షయ,1471158
te,5,Q38404,Autism,stub,ఆటిజం,1450975
te,6,Q181923,Attention deficit hyperactivity disorder,stub,ఏకాగ్రతా లోపం అతి క్రియాశీలత,1358012
te,7,Q208166,Borderline personality disorder,stub,బోర్డర్లైన్ పర్సనాలిటీ డిజార్డర్,1330677
te,8,Q10737,Suicide,stub,ఆత్మహత్య,1280610
te,9,Q36956,Leprosy,stub,కుష్టు వ్యాధి,1266813
te,10,Q161790,Asperger syndrome,stub,ఆస్పెర్గర్ సిండ్రోమ్,1255761
te,11,Q41112,Schizophrenia,stub,స్కిజోఫ్రీనియా,1162985
te,12,Q8392,Zoophilia,stub,పశుప్రాయత,1108861
te,13,Q39222,Rabies,stub,రేబిస్,1085297
te,14,Q131755,Bipolar disorder,stub,బైపోలార్ డిజార్డర్,1064399
te,15,Q201989,Lyme disease,stub,లైమ్ వ్యాధి,1041266
te,16,Q282142,Glioblastoma,stub,గ్లియోబ్లాస్టోమా,912919
te,17,Q12214,Smallpox,stub,మశూచి,903042
te,18,Q174589,Agoraphobia,stub,అగోరాఫోబియా,888541
te,19,Q181843,Necrophilia,missing,,869866
te,20,Q191779,Tourette syndrome,missing,,849755
te,21,Q178059,Paraphilia,missing,,845489
te,22,Q178190,Obsessive–compulsive disorder,stub,అబ్సెసివ్ కంపల్సివ్ డిజార్డర్,804935
te,23,Q125928,Climate change,missing,,783050
te,24,Q7430,DNA,stub,డీఆక్సీరైబో కేంద్రక ఆమ్లం,677163
te,25,Q118418,Antisocial personality disorder,stub,యాంటీసోషల్ పర్సనాలిటీ డిజార్డర్,664192
te,26,Q189580,Acromegaly,stub,అక్రోమెగాలి,649893
te,27,Q42844,Major depressive disorder,stub,మేజర్ డిప్రెసివ్ డిజార్డర్,584300
te,28,Q182155,Shingles,stub,హర్ప్‌‌స్ జొస్టర్,582344
te,29,Q223102,Peritonitis,stub,పెరిటోనైటిస్,578931
te,30,Q11575,Maize,stub,మొక్కజొన్న,577892
te,31,Q129279,Dysentery,stub,రక్త విరేచనాలు,577801
te,32,Q183548,Voyeurism,missing,,572194
te,33,Q12195,Polio,stub,పోలియో,557780
te,34,Q83319,Typhoid fever,stub,టైఫాయిడ్,550428
te,35,Q178194,Cystic fibrosis,stub,సిస్టిక్ ఫైబ్రోసిస్,528559
te,36,Q208414,Lymphoma,stub,లింఫోమా,519499
te,37,Q267907,Hypersexuality,missing,,517633
te,38,Q134649,Diphtheria,stub,డిఫ్తీరియా,515585
te,39,Q55998,Pleurisy,stub,ప్లూరసి,515296
te,40,Q11982,Photosynthesis,stub,కిరణజన్య సంయోగ క్రియ,513872
te,41,Q12090,Cholera,stub,కలరా,513798
te,42,Q275459,Acute radiation syndrome,stub,అక్యూట్ రేడియేషన్ సిండ్రోమ్,512459
te,43,Q199804,Chronic obstructive pulmonary disease,stub,దీర్ఘకాలిక అబ్స్ట్రక్టివ్ పల్మనరీ వ్యాధి,509642
te,44,Q194101,Dwarfism,stub,మరుగుజ్జు,504505
te,45,Q152234,Edema,stub,ఎదీమా,503823
te,46,Q135005,Phishing,missing,,498694
te,47,Q12202,Stroke,stub,స్ట్రోక్,495627
te,48,Q167178,Scabies,stub,గజ్జి,490308
te,49,Q202387,Post-traumatic stress disorder,stub,పోస్ట్ ట్రామాటిక్ స్ట్రెస్ డిజార్డర్,488291
te,50,Q154865,Botulism,stub,బోటులిజం,474405
te,51,Q207855,Amblyopia,stub,అంబ్లియోపియా,467887
te,52,Q185034,Sickle cell disease,stub,సికిల్ సెల్ వ్యాధి,467373
te,53,Q207367,Infectious mononucleosis,stub,ఇన్ఫెక్షియస్ మోనోన్యూక్లియోసిస్,461656
te,54,Q163865,Scurvy,stub,స్కర్వి,461489
te,55,Q558077,Williams syndrome,stub,విలియమ్స్ సిండ్రోమ్,458811
te,56,Q2836,Aphasia,missing,,454138
te,57,Q154878,Toxoplasmosis,stub,టాక్సోప్లాస్మోసిస్,453401
te,58,Q204933,Decapitation,missing,,449861
te,59,Q202849,Turner syndrome,stub,టర్నర్ సిండ్రోమ్,448556
te,60,Q5090,Rice,stub,బియ్యం,444227
te,61,Q83030,Dementia,stub,చిత్త భ్రంశం (డెమెన్షియా),438437
te,62,Q159701,Glaucoma,stub,నీటి కాసులు,434758
te,63,Q3342808,Coconut,missing,,429158
te,64,Q1072,Heart,stub,గుండె,425972
te,65,Q11995,Pregnancy,stub,గర్భం,418922
te,66,Q498237,Schizoid personality disorder,stub,స్కిజాయిడ్ పర్సనాలిటీ డిజార్డర్,416766
te,67,Q180614,Melanoma,stub,మెలనోమా,416231
te,68,Q44727,Chickenpox,stub,ఆటలమ్మ,415238
te,69,Q188605,Emphysema,missing,,415016
te,70,Q189561,Narcolepsy,stub,నార్కోలెప్సీ,414765
te,71,Q844590,Body dysmorphic disorder,stub,బాడీ డైస్మోర్ఫిక్ డిజార్డర్,414692
te,72,Q845787,Histrionic personality disorder,stub,హిస్ట్రియోనిక్ పర్సనాలిటీ డిజార్డర్,413915
te,73,Q339221,Gynecomastia,stub,గైనెకోమాస్టియా,411031
te,74,Q332062,Sorghum,missing,,406358
te,75,Q41861,Hypertension,stub,హైపర్‌టెన్షన్,405125
te,76,Q11006,Soybean,stub,సోయా చిక్కుడు,402735
te,77,Q844717,Spina bifida,stub,స్పినా బీఫిడా,402245
te,78,Q81375,Chickpea,stub,శనగలు,397782
te,79,Q48318,Urea,stub,యూరియా,393673
te,80,Q41571,Epilepsy,stub,మూర్ఛలు (ఫిట్స్),391064
te,81,Q193840,Asphyxia,missing,,388124
te,82,Q2840,Influenza,stub,ఫ్లూ,386242
te,83,Q958797,Scleroderma,stub,స్క్లెరోడెర్మా,376931
te,84,Q8087,Geometry,stub,రేఖాగణితం,375368
te,85,Q192309,Tinnitus,stub,టిన్నిటస్,374845
te,86,Q1063,Evolution,stub,పరిణామం,368547
te,87,Q11094,Hashimoto's thyroiditis,stub,హషిమోటో థైరాయిడిటిస్,364510
te,88,Q133076,Hernia,stub,గిలక (హెర్నియా),360224
te,89,Q131226,Lentil,missing,,359852
te,90,Q15326,Alcoholism,stub,మద్యపాన వ్యసనం,349033
te,91,Q950511,Résumé,stub,రెస్యూమ్,348250
te,92,Q33741,Lightning,stub,మెరుపు,346631
te,93,Q202758,Hypoglycemia,stub,హైపోగ్లైసీమియా,345186
te,94,Q168403,Myopia,stub,హ్రస్వ దృష్టి,344334
te,95,Q16501,Hypothyroidism,stub,హైపోథైరాయిడిజం,342960
te,96,Q622527,Self-harm,stub,స్వీయ నష్టం,339067
te,97,Q216866,Conjoined twins,stub,అవిభక్త కవలలు,336659
te,98,Q199615,Encephalitis,stub,మెదడువాపు,336294
te,99,Q62736,Osteoarthritis,stub,ఆస్టియో ఆర్థరైటిస్,335239
te,100,Q83931,Locust,stub,మిడత,332735
ur,1,Q11660,Artificial intelligence,stub,مصنوعی ذہانت,3661437
ur,2,Q10693,Periodic table,stub,دوری جدول,3338660
ur,3,Q405,Moon,stub,چاند,2006752
ur,4,Q12052688,Aadhaar,stub,آدھار,1526110
ur,5,Q12204,Tuberculosis,stub,سل,1471158
ur,6,Q38404,Autism,stub,آٹزم,1450975
ur,7,Q208166,Borderline personality disorder,stub,حد فاضل کا شخصیتی اختلال,1330677
ur,8,Q10737,Suicide,stub,خود کشی,1280610
ur,9,Q36956,Leprosy,stub,جذام,1266813
ur,10,Q161790,Asperger syndrome,missing,,1255761
ur,11,Q183134,Sepsis,stub,عفونت خون,1187188
ur,12,Q19939,Tiger,stub,باگھ,1171170
ur,13,Q41112,Schizophrenia,stub,شیزوفرینیا,1162985
ur,14,Q8392,Zoophilia,stub,بہیمیت,1108861
ur,15,Q51993,Ebola,stub,ایبولا وائرس بیماری,1106892
ur,16,Q395,Mathematics,stub,ریاضی,1105004
ur,17,Q39222,Rabies,stub,مرض کلب,1085297
ur,18,Q131755,Bipolar disorder,stub,بائی پولر ڈس آرڈر,1064399
ur,19,Q201989,Lyme disease,missing,,1041266
ur,20,Q188874,Colorectal cancer,stub,قولونی سرطان,924887
ur,21,Q282142,Glioblastoma,missing,,912919
ur,22,Q190564,Huntington's disease,missing,,910640
ur,23,Q12214,Smallpox,stub,چیچک,903042
ur,24,Q12192,Pneumonia,stub,نمونیا,889369
ur,25,Q174589,Agoraphobia,stub,ایگوروفوبیا,888541
ur,26,Q217519,Bubonic plague,missing,,879000
ur,27,Q181843,Necrophilia,stub,نیکرو فیلیا,869866
ur,28,Q191779,Tourette syndrome,missing,,849755
ur,29,Q178059,Paraphilia,stub,جنسی کجروی,845489
ur,30,Q205764,Endometriosis,stub,رحم کی اندرونی جھلی کا ہٹنا,835130
ur,31,Q178190,Obsessive–compulsive disorder,stub,وسواسی اجباری اضطراب,804935
ur,32,Q503,Banana,stub,کیلا,788629
ur,33,Q125928,Climate change,missing,,783050
ur,34,Q12199,HIV/AIDS,stub,ایچ آئی وی/ایڈز,748106
ur,35,Q7430,DNA,stub,ڈی این اے,677163
ur,36,Q118418,Antisocial personality disorder,stub,غیرسماجی شخصیت کی خرابی کا عارضہ,664192
ur,37,Q10998,Potato,stub,آلو,657748
ur,38,Q189580,Acromegaly,stub,کبر الجوارح,649893
ur,39,Q12152,Myocardial infarction,stub,دورہ قلب,644882
ur,40,Q79793,Measles,stub,خسرہ,625712
ur,41,Q5142470,Raynaud syndrome,missing,,623454
ur,42,Q23501,Tomato,stub,ٹماٹر,603258
ur,43,Q42844,Major depressive disorder,stub,کبیر اكتئابی اضطراب,584300
ur,44,Q182155,Shingles,missing,,582344
ur,45,Q223102,Peritonitis,missing,,578931
ur,46,Q11575,Maize,stub,مکئی,577892
ur,47,Q129279,Dysentery,stub,پیچش,577801
ur,48,Q183548,Voyeurism,stub,شہوت نظری,572194
ur,49,Q12195,Polio,stub,پولیو,557780
ur,50,Q83319,Typhoid fever,stub,ٹائیفائڈ بخار,550428
ur,51,Q178194,Cystic fibrosis,missing,,528559
ur,52,Q208414,Lymphoma,missing,,519499
ur,53,Q267907,Hypersexuality,stub,جنسی جنون,517633
ur,54,Q11982,Photosynthesis,stub,ضیائی تالیف,513872
ur,55,Q12090,Cholera,stub,ہیضہ,513798
ur,56,Q12156,Malaria,stub,ملیریا,512952
ur,57,Q275459,Acute radiation syndrome,missing,,512459
ur,58,Q199804,Chronic obstructive pulmonary disease,stub,مزمن تسددی مرض ریہ,509642
ur,59,Q194101,Dwarfism,stub,بونا پن,504505
ur,60,Q152234,Edema,stub,تہبج,503823
ur,61,Q135005,Phishing,stub,فشنگ,498694
ur,62,Q12202,Stroke,stub,سکتہ,495627
ur,63,Q7868,Cell (biology),stub,خلیہ,494340
ur,64,Q37383,Peanut,stub,مونگ پھلی,490383
ur,65,Q167178,Scabies,stub,جرب,490308
ur,66,Q184627,Human papillomavirus infection,stub,انسانی ورم حلیمی وائرس,489762
ur,67,Q202387,Post-traumatic stress disorder,stub,مابعد صدمہ تناؤ کی بدنظمی,488291
ur,68,Q169,Mango,stub,آم,478546
ur,69,Q207855,Amblyopia,stub,کم نظری,467887
ur,70,Q185034,Sickle cell disease,missing,,467373
ur,71,Q207367,Infectious mononucleosis,missing,,461656
ur,72,Q163865,Scurvy,stub,اسکربوط,461489
ur,73,Q558077,Williams syndrome,missing,,458811
ur,74,Q133244,Jaundice,stub,یرقان,454356
ur,75,Q2836,Aphasia,stub,عدمِ کلام,454138
ur,76,Q154878,Toxoplasmosis,missing,,453401
ur,77,Q204933,Decapitation,stub,سربریدگی,449861
ur,78,Q202849,Turner syndrome,missing,,448556
ur,79,Q5090,Rice,stub,چاول,444227
ur,80,Q22645,Smartphone,stub,اسمارٹ فون,440423
ur,81,Q83030,Dementia,stub,عتاہت,438437
ur,82,Q159701,Glaucoma,stub,کالا موتیا,434758
ur,83,Q3342808,Coconut,missing,,429158
ur,84,Q1072,Heart,stub,قلب,425972
ur,85,Q11995,Pregnancy,stub,حمل (طب),418922
ur,86,Q498237,Schizoid personality disorder,missing,,416766
ur,87,Q180614,Melanoma,stub,سلعہ سودا,416231
ur,88,Q44727,Chickenpox,stub,لاکڑا کاکڑا,415238
ur,89,Q9121,Atom,stub,جوہر,415213
ur,90,Q189561,Narcolepsy,stub,نارکولیپسی,414765
ur,91,Q844590,Body dysmorphic disorder,stub,باڈی ڈسمورفیا,414692
ur,92,Q845787,Histrionic personality disorder,missing,,413915
ur,93,Q339221,Gynecomastia,missing,,411031
ur,94,Q42562,Turmeric,stub,ہلدی,406929
ur,95,Q332062,Sorghum,missing,,406358
ur,96,Q41861,Hypertension,stub,بلند فشار خون,405125
ur,97,Q11006,Soybean,stub,سویا پھلی,402735
ur,98,Q844717,Spina bifida,missing,,402245
ur,99,Q81375,Chickpea,stub,چنا,397782
ur,100,Q183560,Intellectual disability,missing,,393944
